task_id,task_type,machine_model,weather,operator_skill,machine_age,power_mode,engine_rpm,hydraulic_response,assist_tech_enabled,payload_target_pct,dig_priority,stabilizer_stance,rimpull_control,blade_angle,working_gear,tool_flow_rate,duty_cycle_pct,completion_time_min,fuel_burn_rate_lph,machine_stress_score,is_anchor
T001,Earth Excavation,CAT-320,Sunny,Expert,2,Smart,1850,Quick,1,95.0,Balanced,None,None,None,None,None,85.0,58.12417853825281,16.8,21.9,1
T001,Earth Excavation,CAT-320,Sunny,Expert,2,Smart,1850,Quick,1,95.0,Balanced,None,None,None,None,None,85.0,58.380757464102004,16.8,21.2,1
T001,Earth Excavation,CAT-320,Sunny,Expert,2,Smart,1850,Quick,1,95.0,Balanced,None,None,None,None,None,85.0,58.39480320387685,16.9,21.0,1
T001,Earth Excavation,CAT-320,Sunny,Expert,2,Smart,1850,Quick,1,95.0,Balanced,None,None,None,None,None,85.0,58.13564001089649,16.8,21.0,1
T001,Earth Excavation,CAT-320,Sunny,Expert,2,Smart,1850,Quick,1,95.0,Balanced,None,None,None,None,None,85.0,58.060490567891506,16.5,20.0,1
T001,Earth Excavation,CAT-320,Sunny,Expert,2,Smart,1850,Quick,1,95.0,Balanced,None,None,None,None,None,85.0,57.85942811768976,16.7,21.7,1
T001,Earth Excavation,CAT-320,Sunny,Expert,2,Smart,1850,Quick,1,95.0,Balanced,None,None,None,None,None,85.0,57.7729939811197,16.6,22.6,1
T001,Earth Excavation,CAT-320,Sunny,Expert,2,Smart,1850,Quick,1,95.0,Balanced,None,None,None,None,None,85.0,57.94355592487837,16.8,20.3,1
T001,Earth Excavation,CAT-320,Sunny,Expert,2,Smart,1850,Quick,1,95.0,Balanced,None,None,None,None,None,85.0,57.863904318868705,16.8,20.5,1
T001,Earth Excavation,CAT-320,Sunny,Expert,2,Smart,1850,Quick,1,95.0,Balanced,None,None,None,None,None,85.0,58.09392450458642,16.7,21.2,1
T001,Earth Excavation,CAT-320,Sunny,Expert,2,Smart,1850,Quick,1,95.0,Balanced,None,None,None,None,None,85.0,57.84957334694265,17.1,21.4,1
T001,Earth Excavation,CAT-320,Sunny,Expert,2,Smart,1850,Quick,1,95.0,Balanced,None,None,None,None,None,85.0,57.73557226776102,17.0,20.4,1
T001,Earth Excavation,CAT-320,Sunny,Expert,2,Smart,1850,Quick,1,95.0,Balanced,None,None,None,None,None,85.0,58.052215898751186,16.5,20.3,1
T001,Earth Excavation,CAT-320,Sunny,Expert,2,Smart,1850,Quick,1,95.0,Balanced,None,None,None,None,None,85.0,58.049215308967284,16.9,21.5,1
T001,Earth Excavation,CAT-320,Sunny,Expert,2,Smart,1850,Quick,1,95.0,Balanced,None,None,None,None,None,85.0,57.97108792940294,16.8,20.2,1
T001,Earth Excavation,CAT-320,Sunny,Expert,2,Smart,1850,Quick,1,95.0,Balanced,None,None,None,None,None,85.0,57.820038947901324,16.8,22.2,1
T001,Earth Excavation,CAT-320,Sunny,Expert,2,Smart,1850,Quick,1,95.0,Balanced,None,None,None,None,None,85.0,58.08590457239212,16.6,21.7,1
T001,Earth Excavation,CAT-320,Sunny,Expert,2,Smart,1850,Quick,1,95.0,Balanced,None,None,None,None,None,85.0,57.90372942989592,16.7,21.9,1
T001,Earth Excavation,CAT-320,Sunny,Expert,2,Smart,1850,Quick,1,95.0,Balanced,None,None,None,None,None,85.0,58.25774988062399,17.0,20.7,1
T001,Earth Excavation,CAT-320,Sunny,Expert,2,Smart,1850,Quick,1,95.0,Balanced,None,None,None,None,None,85.0,57.922696906037196,16.9,22.2,1
T001,Earth Excavation,CAT-320,Sunny,Expert,2,Smart,1850,Quick,1,95.0,Balanced,None,None,None,None,None,85.0,57.88020644053868,16.8,20.5,1
T001,Earth Excavation,CAT-320,Sunny,Expert,2,Smart,1850,Quick,1,95.0,Balanced,None,None,None,None,None,85.0,57.70094834397983,17.0,22.5,1
T001,Earth Excavation,CAT-320,Sunny,Expert,2,Smart,1850,Quick,1,95.0,Balanced,None,None,None,None,None,85.0,57.98199746960492,17.0,21.7,1
T001,Earth Excavation,CAT-320,Sunny,Expert,2,Smart,1850,Quick,1,95.0,Balanced,None,None,None,None,None,85.0,57.83872006134872,16.9,22.6,1
T001,Earth Excavation,CAT-320,Sunny,Expert,2,Smart,1850,Quick,1,95.0,Balanced,None,None,None,None,None,85.0,57.99104349022251,17.1,19.3,1
EX02,Earth Excavation,CAT-320,Sunny,Intermediate,4,Smart,1800,Medium,1,90.0,Boom Power,None,None,None,None,None,85.0,72.2054756260938,16.8,27.6,1
EX02,Earth Excavation,CAT-320,Sunny,Intermediate,4,Smart,1800,Medium,1,90.0,Boom Power,None,None,None,None,None,85.0,72.02294019413388,16.5,27.6,1
EX02,Earth Excavation,CAT-320,Sunny,Intermediate,4,Smart,1800,Medium,1,90.0,Boom Power,None,None,None,None,None,85.0,72.08927814287793,17.1,27.4,1
EX02,Earth Excavation,CAT-320,Sunny,Intermediate,4,Smart,1800,Medium,1,90.0,Boom Power,None,None,None,None,None,85.0,71.7978765992767,16.8,28.5,1
EX02,Earth Excavation,CAT-320,Sunny,Intermediate,4,Smart,1800,Medium,1,90.0,Boom Power,None,None,None,None,None,85.0,72.08218777741492,16.8,28.2,1
EX02,Earth Excavation,CAT-320,Sunny,Intermediate,4,Smart,1800,Medium,1,90.0,Boom Power,None,None,None,None,None,85.0,72.02426938733701,17.0,27.2,1
EX02,Earth Excavation,CAT-320,Sunny,Intermediate,4,Smart,1800,Medium,1,90.0,Boom Power,None,None,None,None,None,85.0,71.91808446335055,16.8,26.6,1
EX02,Earth Excavation,CAT-320,Sunny,Intermediate,4,Smart,1800,Medium,1,90.0,Boom Power,None,None,None,None,None,85.0,72.07403006926614,16.9,27.8,1
EX02,Earth Excavation,CAT-320,Sunny,Intermediate,4,Smart,1800,Medium,1,90.0,Boom Power,None,None,None,None,None,85.0,71.94135321665621,16.6,27.5,1
EX02,Earth Excavation,CAT-320,Sunny,Intermediate,4,Smart,1800,Medium,1,90.0,Boom Power,None,None,None,None,None,85.0,71.91432137086831,16.7,27.7,1
EX02,Earth Excavation,CAT-320,Sunny,Intermediate,4,Smart,1800,Medium,1,90.0,Boom Power,None,None,None,None,None,85.0,72.10101271420363,17.1,27.9,1
EX02,Earth Excavation,CAT-320,Sunny,Intermediate,4,Smart,1800,Medium,1,90.0,Boom Power,None,None,None,None,None,85.0,72.06438759768069,16.8,26.3,1
EX02,Earth Excavation,CAT-320,Sunny,Intermediate,4,Smart,1800,Medium,1,90.0,Boom Power,None,None,None,None,None,85.0,71.9933715311377,16.8,29.8,1
EX02,Earth Excavation,CAT-320,Sunny,Intermediate,4,Smart,1800,Medium,1,90.0,Boom Power,None,None,None,None,None,85.0,71.95190975880472,16.9,27.8,1
EX02,Earth Excavation,CAT-320,Sunny,Intermediate,4,Smart,1800,Medium,1,90.0,Boom Power,None,None,None,None,None,85.0,71.70783049059511,17.0,28.4,1
EX02,Earth Excavation,CAT-320,Sunny,Intermediate,4,Smart,1800,Medium,1,90.0,Boom Power,None,None,None,None,None,85.0,72.19775798676076,16.7,28.9,1
EX02,Earth Excavation,CAT-320,Sunny,Intermediate,4,Smart,1800,Medium,1,90.0,Boom Power,None,None,None,None,None,85.0,71.64953723430193,16.9,29.6,1
EX02,Earth Excavation,CAT-320,Sunny,Intermediate,4,Smart,1800,Medium,1,90.0,Boom Power,None,None,None,None,None,85.0,71.75236591871733,16.7,27.9,1
EX02,Earth Excavation,CAT-320,Sunny,Intermediate,4,Smart,1800,Medium,1,90.0,Boom Power,None,None,None,None,None,85.0,71.87413108647095,16.6,27.9,1
EX02,Earth Excavation,CAT-320,Sunny,Intermediate,4,Smart,1800,Medium,1,90.0,Boom Power,None,None,None,None,None,85.0,71.73442407156847,16.9,27.1,1
EX02,Earth Excavation,CAT-320,Sunny,Intermediate,4,Smart,1800,Medium,1,90.0,Boom Power,None,None,None,None,None,85.0,72.38748360125439,16.7,27.5,1
EX02,Earth Excavation,CAT-320,Sunny,Intermediate,4,Smart,1800,Medium,1,90.0,Boom Power,None,None,None,None,None,85.0,72.20337930434242,16.6,28.0,1
EX02,Earth Excavation,CAT-320,Sunny,Intermediate,4,Smart,1800,Medium,1,90.0,Boom Power,None,None,None,None,None,85.0,72.32678568857061,16.6,27.9,1
EX02,Earth Excavation,CAT-320,Sunny,Intermediate,4,Smart,1800,Medium,1,90.0,Boom Power,None,None,None,None,None,85.0,72.0649706985621,16.9,26.8,1
EX02,Earth Excavation,CAT-320,Sunny,Intermediate,4,Smart,1800,Medium,1,90.0,Boom Power,None,None,None,None,None,85.0,71.66988584672893,16.9,28.0,1
EX03,Earth Excavation,CAT-320,Rainy,Intermediate,3,Eco,1650,Medium,1,85.0,Balanced,None,None,None,None,None,85.0,55.062623212586466,16.9,24.1,1
EX03,Earth Excavation,CAT-320,Rainy,Intermediate,3,Eco,1650,Medium,1,85.0,Balanced,None,None,None,None,None,85.0,55.05806342429025,16.9,24.0,1
EX03,Earth Excavation,CAT-320,Rainy,Intermediate,3,Eco,1650,Medium,1,85.0,Balanced,None,None,None,None,None,85.0,55.46644362778619,16.9,23.6,1
EX03,Earth Excavation,CAT-320,Rainy,Intermediate,3,Eco,1650,Medium,1,85.0,Balanced,None,None,None,None,None,85.0,55.16413840215846,16.7,25.2,1
EX03,Earth Excavation,CAT-320,Rainy,Intermediate,3,Eco,1650,Medium,1,85.0,Balanced,None,None,None,None,None,85.0,55.28964889475185,16.7,25.4,1
EX03,Earth Excavation,CAT-320,Rainy,Intermediate,3,Eco,1650,Medium,1,85.0,Balanced,None,None,None,None,None,85.0,55.10319523173413,17.0,26.1,1
EX03,Earth Excavation,CAT-320,Rainy,Intermediate,3,Eco,1650,Medium,1,85.0,Balanced,None,None,None,None,None,85.0,54.938652970999286,16.7,23.9,1
EX03,Earth Excavation,CAT-320,Rainy,Intermediate,3,Eco,1650,Medium,1,85.0,Balanced,None,None,None,None,None,85.0,54.79604742875864,16.8,24.9,1
EX03,Earth Excavation,CAT-320,Rainy,Intermediate,3,Eco,1650,Medium,1,85.0,Balanced,None,None,None,None,None,85.0,55.06917269983251,17.0,24.6,1
EX03,Earth Excavation,CAT-320,Rainy,Intermediate,3,Eco,1650,Medium,1,85.0,Balanced,None,None,None,None,None,85.0,55.36338351928933,16.8,26.8,1
EX03,Earth Excavation,CAT-320,Rainy,Intermediate,3,Eco,1650,Medium,1,85.0,Balanced,None,None,None,None,None,85.0,55.156416836941254,16.7,23.7,1
EX03,Earth Excavation,CAT-320,Rainy,Intermediate,3,Eco,1650,Medium,1,85.0,Balanced,None,None,None,None,None,85.0,55.1206181038108,16.8,25.2,1
EX03,Earth Excavation,CAT-320,Rainy,Intermediate,3,Eco,1650,Medium,1,85.0,Balanced,None,None,None,None,None,85.0,55.11830940614339,16.8,23.9,1
EX03,Earth Excavation,CAT-320,Rainy,Intermediate,3,Eco,1650,Medium,1,85.0,Balanced,None,None,None,None,None,85.0,54.62128819382853,16.8,25.3,1
EX03,Earth Excavation,CAT-320,Rainy,Intermediate,3,Eco,1650,Medium,1,85.0,Balanced,None,None,None,None,None,85.0,55.05352343603255,16.6,24.7,1
EX03,Earth Excavation,CAT-320,Rainy,Intermediate,3,Eco,1650,Medium,1,85.0,Balanced,None,None,None,None,None,85.0,55.09632934493221,16.7,24.7,1
EX03,Earth Excavation,CAT-320,Rainy,Intermediate,3,Eco,1650,Medium,1,85.0,Balanced,None,None,None,None,None,85.0,55.0145521796115,16.7,24.9,1
EX03,Earth Excavation,CAT-320,Rainy,Intermediate,3,Eco,1650,Medium,1,85.0,Balanced,None,None,None,None,None,85.0,55.140196131592056,17.0,25.4,1
EX03,Earth Excavation,CAT-320,Rainy,Intermediate,3,Eco,1650,Medium,1,85.0,Balanced,None,None,None,None,None,85.0,54.65558265801073,16.7,25.0,1
EX03,Earth Excavation,CAT-320,Rainy,Intermediate,3,Eco,1650,Medium,1,85.0,Balanced,None,None,None,None,None,85.0,55.128446487728056,16.9,27.7,1
EX03,Earth Excavation,CAT-320,Rainy,Intermediate,3,Eco,1650,Medium,1,85.0,Balanced,None,None,None,None,None,85.0,55.142722627673294,17.0,25.4,1
EX03,Earth Excavation,CAT-320,Rainy,Intermediate,3,Eco,1650,Medium,1,85.0,Balanced,None,None,None,None,None,85.0,55.16284781282645,16.8,25.2,1
EX03,Earth Excavation,CAT-320,Rainy,Intermediate,3,Eco,1650,Medium,1,85.0,Balanced,None,None,None,None,None,85.0,54.80679369636561,16.8,24.2,1
EX03,Earth Excavation,CAT-320,Rainy,Intermediate,3,Eco,1650,Medium,1,85.0,Balanced,None,None,None,None,None,85.0,55.02046853484658,17.2,23.1,1
EX03,Earth Excavation,CAT-320,Rainy,Intermediate,3,Eco,1650,Medium,1,85.0,Balanced,None,None,None,None,None,85.0,55.17156504759363,16.6,24.2,1
EX04,Earth Excavation,CAT-320,Cloudy,Beginner,1,Smart,1750,Quick,1,95.0,Swing Priority,None,None,None,None,None,85.0,38.272237649241845,16.8,17.3,1
EX04,Earth Excavation,CAT-320,Cloudy,Beginner,1,Smart,1750,Quick,1,95.0,Swing Priority,None,None,None,None,None,85.0,37.82117407268501,16.9,17.6,1
EX04,Earth Excavation,CAT-320,Cloudy,Beginner,1,Smart,1750,Quick,1,95.0,Swing Priority,None,None,None,None,None,85.0,38.054114647395494,16.8,17.7,1
EX04,Earth Excavation,CAT-320,Cloudy,Beginner,1,Smart,1750,Quick,1,95.0,Swing Priority,None,None,None,None,None,85.0,38.53598602233133,16.9,16.6,1
EX04,Earth Excavation,CAT-320,Cloudy,Beginner,1,Smart,1750,Quick,1,95.0,Swing Priority,None,None,None,None,None,85.0,38.04661357869236,16.7,18.9,1
EX04,Earth Excavation,CAT-320,Cloudy,Beginner,1,Smart,1750,Quick,1,95.0,Swing Priority,None,None,None,None,None,85.0,37.801869815391825,16.8,18.6,1
EX04,Earth Excavation,CAT-320,Cloudy,Beginner,1,Smart,1750,Quick,1,95.0,Swing Priority,None,None,None,None,None,85.0,38.216438798542534,16.6,17.9,1
EX04,Earth Excavation,CAT-320,Cloudy,Beginner,1,Smart,1750,Quick,1,95.0,Swing Priority,None,None,None,None,None,85.0,37.88126367220976,16.7,19.6,1
EX04,Earth Excavation,CAT-320,Cloudy,Beginner,1,Smart,1750,Quick,1,95.0,Swing Priority,None,None,None,None,None,85.0,38.10124542774024,16.6,18.9,1
EX04,Earth Excavation,CAT-320,Cloudy,Beginner,1,Smart,1750,Quick,1,95.0,Swing Priority,None,None,None,None,None,85.0,38.53053904925316,17.0,17.0,1
EX04,Earth Excavation,CAT-320,Cloudy,Beginner,1,Smart,1750,Quick,1,95.0,Swing Priority,None,None,None,None,None,85.0,37.878941481783436,17.0,17.6,1
EX04,Earth Excavation,CAT-320,Cloudy,Beginner,1,Smart,1750,Quick,1,95.0,Swing Priority,None,None,None,None,None,85.0,38.11095485703656,16.9,17.5,1
EX04,Earth Excavation,CAT-320,Cloudy,Beginner,1,Smart,1750,Quick,1,95.0,Swing Priority,None,None,None,None,None,85.0,37.98511866098455,16.3,17.4,1
EX04,Earth Excavation,CAT-320,Cloudy,Beginner,1,Smart,1750,Quick,1,95.0,Swing Priority,None,None,None,None,None,85.0,37.93685796215171,16.6,19.5,1
EX04,Earth Excavation,CAT-320,Cloudy,Beginner,1,Smart,1750,Quick,1,95.0,Swing Priority,None,None,None,None,None,85.0,37.64246465550984,16.8,18.3,1
EX04,Earth Excavation,CAT-320,Cloudy,Beginner,1,Smart,1750,Quick,1,95.0,Swing Priority,None,None,None,None,None,85.0,38.36031832226653,16.6,19.1,1
EX04,Earth Excavation,CAT-320,Cloudy,Beginner,1,Smart,1750,Quick,1,95.0,Swing Priority,None,None,None,None,None,85.0,38.0025582652549,16.7,18.6,1
EX04,Earth Excavation,CAT-320,Cloudy,Beginner,1,Smart,1750,Quick,1,95.0,Swing Priority,None,None,None,None,None,85.0,38.04976492389337,16.7,18.3,1
EX04,Earth Excavation,CAT-320,Cloudy,Beginner,1,Smart,1750,Quick,1,95.0,Swing Priority,None,None,None,None,None,85.0,37.90367160078456,16.8,18.7,1
EX04,Earth Excavation,CAT-320,Cloudy,Beginner,1,Smart,1750,Quick,1,95.0,Swing Priority,None,None,None,None,None,85.0,38.39650420403634,16.6,19.9,1
EX04,Earth Excavation,CAT-320,Cloudy,Beginner,1,Smart,1750,Quick,1,95.0,Swing Priority,None,None,None,None,None,85.0,37.511978050119374,16.8,18.7,1
EX04,Earth Excavation,CAT-320,Cloudy,Beginner,1,Smart,1750,Quick,1,95.0,Swing Priority,None,None,None,None,None,85.0,38.070247966933756,16.7,18.0,1
EX04,Earth Excavation,CAT-320,Cloudy,Beginner,1,Smart,1750,Quick,1,95.0,Swing Priority,None,None,None,None,None,85.0,37.876749766335294,16.7,18.9,1
EX04,Earth Excavation,CAT-320,Cloudy,Beginner,1,Smart,1750,Quick,1,95.0,Swing Priority,None,None,None,None,None,85.0,38.08925387149126,16.7,18.9,1
EX04,Earth Excavation,CAT-320,Cloudy,Beginner,1,Smart,1750,Quick,1,95.0,Swing Priority,None,None,None,None,None,85.0,38.07682488021915,17.0,18.7,1
EX05,Earth Excavation,CAT-320,Windy,Expert,6,Smart,1700,Medium,1,85.0,Boom Power,None,None,None,None,None,85.0,87.79275124726948,16.7,34.8,1
EX05,Earth Excavation,CAT-320,Windy,Expert,6,Smart,1700,Medium,1,85.0,Boom Power,None,None,None,None,None,85.0,88.15259256635836,16.8,34.3,1
EX05,Earth Excavation,CAT-320,Windy,Expert,6,Smart,1700,Medium,1,85.0,Boom Power,None,None,None,None,None,85.0,88.3194162239471,16.7,34.6,1
EX05,Earth Excavation,CAT-320,Windy,Expert,6,Smart,1700,Medium,1,85.0,Boom Power,None,None,None,None,None,85.0,87.94945183689153,16.8,35.1,1
EX05,Earth Excavation,CAT-320,Windy,Expert,6,Smart,1700,Medium,1,85.0,Boom Power,None,None,None,None,None,85.0,88.206354087247,17.0,35.2,1
EX05,Earth Excavation,CAT-320,Windy,Expert,6,Smart,1700,Medium,1,85.0,Boom Power,None,None,None,None,None,85.0,88.00525096040819,16.9,34.0,1
EX05,Earth Excavation,CAT-320,Windy,Expert,6,Smart,1700,Medium,1,85.0,Boom Power,None,None,None,None,None,85.0,88.0810415881221,16.8,34.3,1
EX05,Earth Excavation,CAT-320,Windy,Expert,6,Smart,1700,Medium,1,85.0,Boom Power,None,None,None,None,None,85.0,88.14878925635922,16.7,35.9,1
EX05,Earth Excavation,CAT-320,Windy,Expert,6,Smart,1700,Medium,1,85.0,Boom Power,None,None,None,None,None,85.0,87.74849565462507,16.6,35.1,1
EX05,Earth Excavation,CAT-320,Windy,Expert,6,Smart,1700,Medium,1,85.0,Boom Power,None,None,None,None,None,85.0,88.19791567349074,16.9,34.7,1
EX05,Earth Excavation,CAT-320,Windy,Expert,6,Smart,1700,Medium,1,85.0,Boom Power,None,None,None,None,None,85.0,87.99693830678827,16.7,34.3,1
EX05,Earth Excavation,CAT-320,Windy,Expert,6,Smart,1700,Medium,1,85.0,Boom Power,None,None,None,None,None,85.0,87.83070957212198,17.0,34.1,1
EX05,Earth Excavation,CAT-320,Windy,Expert,6,Smart,1700,Medium,1,85.0,Boom Power,None,None,None,None,None,85.0,87.79362570080187,16.8,34.5,1
EX05,Earth Excavation,CAT-320,Windy,Expert,6,Smart,1700,Medium,1,85.0,Boom Power,None,None,None,None,None,85.0,87.859068861799,16.7,34.4,1
EX05,Earth Excavation,CAT-320,Windy,Expert,6,Smart,1700,Medium,1,85.0,Boom Power,None,None,None,None,None,85.0,88.06124164277718,16.8,33.8,1
EX05,Earth Excavation,CAT-320,Windy,Expert,6,Smart,1700,Medium,1,85.0,Boom Power,None,None,None,None,None,85.0,88.05801248433941,16.6,33.1,1
EX05,Earth Excavation,CAT-320,Windy,Expert,6,Smart,1700,Medium,1,85.0,Boom Power,None,None,None,None,None,85.0,87.8203889446869,16.8,34.4,1
EX05,Earth Excavation,CAT-320,Windy,Expert,6,Smart,1700,Medium,1,85.0,Boom Power,None,None,None,None,None,85.0,88.36883905423738,17.0,34.1,1
EX05,Earth Excavation,CAT-320,Windy,Expert,6,Smart,1700,Medium,1,85.0,Boom Power,None,None,None,None,None,85.0,87.99524594802433,16.7,34.2,1
EX05,Earth Excavation,CAT-320,Windy,Expert,6,Smart,1700,Medium,1,85.0,Boom Power,None,None,None,None,None,85.0,87.92783534026997,16.9,33.5,1
EX05,Earth Excavation,CAT-320,Windy,Expert,6,Smart,1700,Medium,1,85.0,Boom Power,None,None,None,None,None,85.0,88.1298366285603,17.1,34.1,1
EX05,Earth Excavation,CAT-320,Windy,Expert,6,Smart,1700,Medium,1,85.0,Boom Power,None,None,None,None,None,85.0,88.10042793052473,16.9,33.9,1
EX05,Earth Excavation,CAT-320,Windy,Expert,6,Smart,1700,Medium,1,85.0,Boom Power,None,None,None,None,None,85.0,88.05602312045261,16.8,34.3,1
EX05,Earth Excavation,CAT-320,Windy,Expert,6,Smart,1700,Medium,1,85.0,Boom Power,None,None,None,None,None,85.0,87.80674755403614,16.8,34.6,1
EX05,Earth Excavation,CAT-320,Windy,Expert,6,Smart,1700,Medium,1,85.0,Boom Power,None,None,None,None,None,85.0,88.36278590194875,17.0,35.9,1
T002,Trenching,CAT-420,Rainy,Intermediate,4,Eco,1650,Fine,1,80.0,None,Soft Ground,None,None,None,None,85.0,51.808163109277984,9.5,27.9,1
T002,Trenching,CAT-420,Rainy,Intermediate,4,Eco,1650,Fine,1,80.0,None,Soft Ground,None,None,None,None,85.0,52.547450733304416,9.3,27.1,1
T002,Trenching,CAT-420,Rainy,Intermediate,4,Eco,1650,Fine,1,80.0,None,Soft Ground,None,None,None,None,85.0,51.85015183863899,9.1,27.4,1
T002,Trenching,CAT-420,Rainy,Intermediate,4,Eco,1650,Fine,1,80.0,None,Soft Ground,None,None,None,None,85.0,51.81021683461157,9.4,28.1,1
T002,Trenching,CAT-420,Rainy,Intermediate,4,Eco,1650,Fine,1,80.0,None,Soft Ground,None,None,None,None,85.0,52.46904270980397,9.5,27.3,1
T002,Trenching,CAT-420,Rainy,Intermediate,4,Eco,1650,Fine,1,80.0,None,Soft Ground,None,None,None,None,85.0,51.77539633216291,9.5,26.7,1
T002,Trenching,CAT-420,Rainy,Intermediate,4,Eco,1650,Fine,1,80.0,None,Soft Ground,None,None,None,None,85.0,52.45786469146359,9.6,27.4,1
T002,Trenching,CAT-420,Rainy,Intermediate,4,Eco,1650,Fine,1,80.0,None,Soft Ground,None,None,None,None,85.0,51.571716367727284,9.6,27.7,1
T002,Trenching,CAT-420,Rainy,Intermediate,4,Eco,1650,Fine,1,80.0,None,Soft Ground,None,None,None,None,85.0,52.309454077993365,9.1,27.3,1
T002,Trenching,CAT-420,Rainy,Intermediate,4,Eco,1650,Fine,1,80.0,None,Soft Ground,None,None,None,None,85.0,52.00131092492955,9.4,27.4,1
T002,Trenching,CAT-420,Rainy,Intermediate,4,Eco,1650,Fine,1,80.0,None,Soft Ground,None,None,None,None,85.0,52.15571248308687,9.2,27.7,1
T002,Trenching,CAT-420,Rainy,Intermediate,4,Eco,1650,Fine,1,80.0,None,Soft Ground,None,None,None,None,85.0,52.03007390792798,9.5,28.4,1
T002,Trenching,CAT-420,Rainy,Intermediate,4,Eco,1650,Fine,1,80.0,None,Soft Ground,None,None,None,None,85.0,51.71883947704053,9.2,28.8,1
T002,Trenching,CAT-420,Rainy,Intermediate,4,Eco,1650,Fine,1,80.0,None,Soft Ground,None,None,None,None,85.0,52.0830785029949,9.3,29.0,1
T002,Trenching,CAT-420,Rainy,Intermediate,4,Eco,1650,Fine,1,80.0,None,Soft Ground,None,None,None,None,85.0,52.02891865857322,9.6,27.9,1
T002,Trenching,CAT-420,Rainy,Intermediate,4,Eco,1650,Fine,1,80.0,None,Soft Ground,None,None,None,None,85.0,52.515186981220495,9.6,27.6,1
T002,Trenching,CAT-420,Rainy,Intermediate,4,Eco,1650,Fine,1,80.0,None,Soft Ground,None,None,None,None,85.0,52.242892737738586,9.5,28.9,1
T002,Trenching,CAT-420,Rainy,Intermediate,4,Eco,1650,Fine,1,80.0,None,Soft Ground,None,None,None,None,85.0,51.75876913485497,9.5,28.6,1
T002,Trenching,CAT-420,Rainy,Intermediate,4,Eco,1650,Fine,1,80.0,None,Soft Ground,None,None,None,None,85.0,51.56031512839422,9.2,26.2,1
T002,Trenching,CAT-420,Rainy,Intermediate,4,Eco,1650,Fine,1,80.0,None,Soft Ground,None,None,None,None,85.0,51.93264829138886,9.5,29.0,1
T002,Trenching,CAT-420,Rainy,Intermediate,4,Eco,1650,Fine,1,80.0,None,Soft Ground,None,None,None,None,85.0,52.018523695104946,9.6,26.7,1
T002,Trenching,CAT-420,Rainy,Intermediate,4,Eco,1650,Fine,1,80.0,None,Soft Ground,None,None,None,None,85.0,51.57415439016121,9.4,28.1,1
T002,Trenching,CAT-420,Rainy,Intermediate,4,Eco,1650,Fine,1,80.0,None,Soft Ground,None,None,None,None,85.0,51.99182631297648,9.1,27.7,1
T002,Trenching,CAT-420,Rainy,Intermediate,4,Eco,1650,Fine,1,80.0,None,Soft Ground,None,None,None,None,85.0,51.673882624873784,9.5,28.1,1
T002,Trenching,CAT-420,Rainy,Intermediate,4,Eco,1650,Fine,1,80.0,None,Soft Ground,None,None,None,None,85.0,51.76503005341816,9.3,27.0,1
TR02,Trenching,CAT-420,Sunny,Expert,2,Eco,1550,Fine,1,85.0,None,Standard,None,None,None,None,85.0,32.98433022568171,9.5,20.6,1
TR02,Trenching,CAT-420,Sunny,Expert,2,Eco,1550,Fine,1,85.0,None,Standard,None,None,None,None,85.0,33.12601162887946,9.3,20.8,1
TR02,Trenching,CAT-420,Sunny,Expert,2,Eco,1550,Fine,1,85.0,None,Standard,None,None,None,None,85.0,32.97324241001136,9.2,21.0,1
TR02,Trenching,CAT-420,Sunny,Expert,2,Eco,1550,Fine,1,85.0,None,Standard,None,None,None,None,85.0,32.70053052685279,9.7,21.4,1
TR02,Trenching,CAT-420,Sunny,Expert,2,Eco,1550,Fine,1,85.0,None,Standard,None,None,None,None,85.0,32.825068623001854,9.4,21.3,1
TR02,Trenching,CAT-420,Sunny,Expert,2,Eco,1550,Fine,1,85.0,None,Standard,None,None,None,None,85.0,32.944757600116695,9.5,22.0,1
TR02,Trenching,CAT-420,Sunny,Expert,2,Eco,1550,Fine,1,85.0,None,Standard,None,None,None,None,85.0,32.86737471309737,9.3,21.2,1
TR02,Trenching,CAT-420,Sunny,Expert,2,Eco,1550,Fine,1,85.0,None,Standard,None,None,None,None,85.0,32.424519708816106,9.2,22.5,1
TR02,Trenching,CAT-420,Sunny,Expert,2,Eco,1550,Fine,1,85.0,None,Standard,None,None,None,None,85.0,33.41124192837532,9.3,21.9,1
TR02,Trenching,CAT-420,Sunny,Expert,2,Eco,1550,Fine,1,85.0,None,Standard,None,None,None,None,85.0,33.07781253863588,9.8,22.3,1
TR02,Trenching,CAT-420,Sunny,Expert,2,Eco,1550,Fine,1,85.0,None,Standard,None,None,None,None,85.0,32.96802060212981,9.2,20.1,1
TR02,Trenching,CAT-420,Sunny,Expert,2,Eco,1550,Fine,1,85.0,None,Standard,None,None,None,None,85.0,33.050865908966806,9.3,20.3,1
TR02,Trenching,CAT-420,Sunny,Expert,2,Eco,1550,Fine,1,85.0,None,Standard,None,None,None,None,85.0,32.83835677893937,9.2,22.7,1
TR02,Trenching,CAT-420,Sunny,Expert,2,Eco,1550,Fine,1,85.0,None,Standard,None,None,None,None,85.0,33.22040993923736,9.4,22.6,1
TR02,Trenching,CAT-420,Sunny,Expert,2,Eco,1550,Fine,1,85.0,None,Standard,None,None,None,None,85.0,33.019342076911904,9.3,22.6,1
TR02,Trenching,CAT-420,Sunny,Expert,2,Eco,1550,Fine,1,85.0,None,Standard,None,None,None,None,85.0,33.13472751092117,9.2,21.2,1
TR02,Trenching,CAT-420,Sunny,Expert,2,Eco,1550,Fine,1,85.0,None,Standard,None,None,None,None,85.0,32.781095436653814,9.2,22.1,1
TR02,Trenching,CAT-420,Sunny,Expert,2,Eco,1550,Fine,1,85.0,None,Standard,None,None,None,None,85.0,33.477354160117535,9.2,21.9,1
TR02,Trenching,CAT-420,Sunny,Expert,2,Eco,1550,Fine,1,85.0,None,Standard,None,None,None,None,85.0,32.83733935771954,9.3,20.9,1
TR02,Trenching,CAT-420,Sunny,Expert,2,Eco,1550,Fine,1,85.0,None,Standard,None,None,None,None,85.0,32.784002307580046,9.4,20.7,1
TR02,Trenching,CAT-420,Sunny,Expert,2,Eco,1550,Fine,1,85.0,None,Standard,None,None,None,None,85.0,33.06761420644496,9.4,21.2,1
TR02,Trenching,CAT-420,Sunny,Expert,2,Eco,1550,Fine,1,85.0,None,Standard,None,None,None,None,85.0,32.7731090844896,9.3,22.0,1
TR02,Trenching,CAT-420,Sunny,Expert,2,Eco,1550,Fine,1,85.0,None,Standard,None,None,None,None,85.0,33.12522929690609,9.2,21.5,1
TR02,Trenching,CAT-420,Sunny,Expert,2,Eco,1550,Fine,1,85.0,None,Standard,None,None,None,None,85.0,33.187846780842946,9.1,21.8,1
TR02,Trenching,CAT-420,Sunny,Expert,2,Eco,1550,Fine,1,85.0,None,Standard,None,None,None,None,85.0,32.83434406026354,9.5,20.8,1
TR03,Trenching,CAT-420,Cloudy,Intermediate,5,Smart,1700,Medium,1,85.0,None,Locked Down,None,None,None,None,85.0,63.54877947483387,9.1,31.0,1
TR03,Trenching,CAT-420,Cloudy,Intermediate,5,Smart,1700,Medium,1,85.0,None,Locked Down,None,None,None,None,85.0,64.06493062543036,9.2,31.5,1
TR03,Trenching,CAT-420,Cloudy,Intermediate,5,Smart,1700,Medium,1,85.0,None,Locked Down,None,None,None,None,85.0,63.58461998443276,9.4,30.0,1
TR03,Trenching,CAT-420,Cloudy,Intermediate,5,Smart,1700,Medium,1,85.0,None,Locked Down,None,None,None,None,85.0,63.83704097304946,9.4,30.3,1
TR03,Trenching,CAT-420,Cloudy,Intermediate,5,Smart,1700,Medium,1,85.0,None,Locked Down,None,None,None,None,85.0,63.90386111394255,9.5,30.5,1
TR03,Trenching,CAT-420,Cloudy,Intermediate,5,Smart,1700,Medium,1,85.0,None,Locked Down,None,None,None,None,85.0,64.20892302801629,9.2,31.4,1
TR03,Trenching,CAT-420,Cloudy,Intermediate,5,Smart,1700,Medium,1,85.0,None,Locked Down,None,None,None,None,85.0,64.36039215516448,9.0,30.4,1
TR03,Trenching,CAT-420,Cloudy,Intermediate,5,Smart,1700,Medium,1,85.0,None,Locked Down,None,None,None,None,85.0,64.14426803179514,9.4,31.3,1
TR03,Trenching,CAT-420,Cloudy,Intermediate,5,Smart,1700,Medium,1,85.0,None,Locked Down,None,None,None,None,85.0,63.849003703321046,9.4,30.9,1
TR03,Trenching,CAT-420,Cloudy,Intermediate,5,Smart,1700,Medium,1,85.0,None,Locked Down,None,None,None,None,85.0,64.29194551541495,9.4,31.3,1
TR03,Trenching,CAT-420,Cloudy,Intermediate,5,Smart,1700,Medium,1,85.0,None,Locked Down,None,None,None,None,85.0,63.897030758469384,9.3,30.7,1
TR03,Trenching,CAT-420,Cloudy,Intermediate,5,Smart,1700,Medium,1,85.0,None,Locked Down,None,None,None,None,85.0,64.09861303559457,9.3,31.2,1
TR03,Trenching,CAT-420,Cloudy,Intermediate,5,Smart,1700,Medium,1,85.0,None,Locked Down,None,None,None,None,85.0,64.51885019966136,9.5,30.7,1
TR03,Trenching,CAT-420,Cloudy,Intermediate,5,Smart,1700,Medium,1,85.0,None,Locked Down,None,None,None,None,85.0,64.30030348054099,9.3,29.4,1
TR03,Trenching,CAT-420,Cloudy,Intermediate,5,Smart,1700,Medium,1,85.0,None,Locked Down,None,None,None,None,85.0,63.74797842227065,9.1,30.7,1
TR03,Trenching,CAT-420,Cloudy,Intermediate,5,Smart,1700,Medium,1,85.0,None,Locked Down,None,None,None,None,85.0,64.00460459479739,9.6,31.3,1
TR03,Trenching,CAT-420,Cloudy,Intermediate,5,Smart,1700,Medium,1,85.0,None,Locked Down,None,None,None,None,85.0,63.94522486779778,9.5,29.2,1
TR03,Trenching,CAT-420,Cloudy,Intermediate,5,Smart,1700,Medium,1,85.0,None,Locked Down,None,None,None,None,85.0,64.05890363952714,9.5,29.8,1
TR03,Trenching,CAT-420,Cloudy,Intermediate,5,Smart,1700,Medium,1,85.0,None,Locked Down,None,None,None,None,85.0,64.28593851080173,9.4,30.7,1
TR03,Trenching,CAT-420,Cloudy,Intermediate,5,Smart,1700,Medium,1,85.0,None,Locked Down,None,None,None,None,85.0,64.15819546652656,9.7,31.1,1
TR03,Trenching,CAT-420,Cloudy,Intermediate,5,Smart,1700,Medium,1,85.0,None,Locked Down,None,None,None,None,85.0,64.06205514657509,9.3,30.3,1
TR03,Trenching,CAT-420,Cloudy,Intermediate,5,Smart,1700,Medium,1,85.0,None,Locked Down,None,None,None,None,85.0,64.20758395413606,9.3,31.1,1
TR03,Trenching,CAT-420,Cloudy,Intermediate,5,Smart,1700,Medium,1,85.0,None,Locked Down,None,None,None,None,85.0,63.88058563830872,9.5,31.3,1
TR03,Trenching,CAT-420,Cloudy,Intermediate,5,Smart,1700,Medium,1,85.0,None,Locked Down,None,None,None,None,85.0,64.25938498606448,9.3,30.8,1
TR03,Trenching,CAT-420,Cloudy,Intermediate,5,Smart,1700,Medium,1,85.0,None,Locked Down,None,None,None,None,85.0,63.75530907105442,9.3,31.3,1
TR04,Trenching,CAT-420,Rainy,Intermediate,6,Eco,1550,Fine,1,75.0,None,Soft Ground,None,None,None,None,85.0,58.189247154161336,9.2,34.9,1
TR04,Trenching,CAT-420,Rainy,Intermediate,6,Eco,1550,Fine,1,75.0,None,Soft Ground,None,None,None,None,85.0,58.33890946470124,9.4,35.7,1
TR04,Trenching,CAT-420,Rainy,Intermediate,6,Eco,1550,Fine,1,75.0,None,Soft Ground,None,None,None,None,85.0,57.80655270022411,9.2,32.8,1
TR04,Trenching,CAT-420,Rainy,Intermediate,6,Eco,1550,Fine,1,75.0,None,Soft Ground,None,None,None,None,85.0,58.3740110778723,9.5,34.2,1
TR04,Trenching,CAT-420,Rainy,Intermediate,6,Eco,1550,Fine,1,75.0,None,Soft Ground,None,None,None,None,85.0,58.06999215657996,9.2,36.2,1
TR04,Trenching,CAT-420,Rainy,Intermediate,6,Eco,1550,Fine,1,75.0,None,Soft Ground,None,None,None,None,85.0,58.032305295493806,9.4,34.8,1
TR04,Trenching,CAT-420,Rainy,Intermediate,6,Eco,1550,Fine,1,75.0,None,Soft Ground,None,None,None,None,85.0,58.12025230793418,9.4,33.6,1
TR04,Trenching,CAT-420,Rainy,Intermediate,6,Eco,1550,Fine,1,75.0,None,Soft Ground,None,None,None,None,85.0,58.117867089284,9.7,35.3,1
TR04,Trenching,CAT-420,Rainy,Intermediate,6,Eco,1550,Fine,1,75.0,None,Soft Ground,None,None,None,None,85.0,58.39829665665985,9.3,33.4,1
TR04,Trenching,CAT-420,Rainy,Intermediate,6,Eco,1550,Fine,1,75.0,None,Soft Ground,None,None,None,None,85.0,57.96855326997509,9.4,35.1,1
TR04,Trenching,CAT-420,Rainy,Intermediate,6,Eco,1550,Fine,1,75.0,None,Soft Ground,None,None,None,None,85.0,57.5768838425713,9.6,34.1,1
TR04,Trenching,CAT-420,Rainy,Intermediate,6,Eco,1550,Fine,1,75.0,None,Soft Ground,None,None,None,None,85.0,57.89327973251314,9.2,32.9,1
TR04,Trenching,CAT-420,Rainy,Intermediate,6,Eco,1550,Fine,1,75.0,None,Soft Ground,None,None,None,None,85.0,58.20579264599048,9.4,33.2,1
TR04,Trenching,CAT-420,Rainy,Intermediate,6,Eco,1550,Fine,1,75.0,None,Soft Ground,None,None,None,None,85.0,57.676230306984095,9.3,35.5,1
TR04,Trenching,CAT-420,Rainy,Intermediate,6,Eco,1550,Fine,1,75.0,None,Soft Ground,None,None,None,None,85.0,57.9351021621591,9.2,34.0,1
TR04,Trenching,CAT-420,Rainy,Intermediate,6,Eco,1550,Fine,1,75.0,None,Soft Ground,None,None,None,None,85.0,57.93181910756308,9.0,34.2,1
TR04,Trenching,CAT-420,Rainy,Intermediate,6,Eco,1550,Fine,1,75.0,None,Soft Ground,None,None,None,None,85.0,57.94226636744783,9.5,35.7,1
TR04,Trenching,CAT-420,Rainy,Intermediate,6,Eco,1550,Fine,1,75.0,None,Soft Ground,None,None,None,None,85.0,58.28164125738694,9.3,33.3,1
TR04,Trenching,CAT-420,Rainy,Intermediate,6,Eco,1550,Fine,1,75.0,None,Soft Ground,None,None,None,None,85.0,58.64333995081247,9.4,34.2,1
TR04,Trenching,CAT-420,Rainy,Intermediate,6,Eco,1550,Fine,1,75.0,None,Soft Ground,None,None,None,None,85.0,57.9939687282225,9.4,34.1,1
TR04,Trenching,CAT-420,Rainy,Intermediate,6,Eco,1550,Fine,1,75.0,None,Soft Ground,None,None,None,None,85.0,57.85658449827994,9.3,34.2,1
TR04,Trenching,CAT-420,Rainy,Intermediate,6,Eco,1550,Fine,1,75.0,None,Soft Ground,None,None,None,None,85.0,57.86414380721656,9.3,34.3,1
TR04,Trenching,CAT-420,Rainy,Intermediate,6,Eco,1550,Fine,1,75.0,None,Soft Ground,None,None,None,None,85.0,57.93625569564479,9.6,32.1,1
TR04,Trenching,CAT-420,Rainy,Intermediate,6,Eco,1550,Fine,1,75.0,None,Soft Ground,None,None,None,None,85.0,58.27287671298062,9.6,32.5,1
TR04,Trenching,CAT-420,Rainy,Intermediate,6,Eco,1550,Fine,1,75.0,None,Soft Ground,None,None,None,None,85.0,57.91432810147991,9.3,33.1,1
TR05,Trenching,CAT-420,Sunny,Beginner,3,Smart,1650,Fine,1,85.0,None,Standard,None,None,None,None,85.0,38.80554582810228,9.2,26.0,1
TR05,Trenching,CAT-420,Sunny,Beginner,3,Smart,1650,Fine,1,85.0,None,Standard,None,None,None,None,85.0,39.23391959828687,9.6,25.2,1
TR05,Trenching,CAT-420,Sunny,Beginner,3,Smart,1650,Fine,1,85.0,None,Standard,None,None,None,None,85.0,38.71773705719569,9.3,25.0,1
TR05,Trenching,CAT-420,Sunny,Beginner,3,Smart,1650,Fine,1,85.0,None,Standard,None,None,None,None,85.0,38.694468047777015,9.5,24.4,1
TR05,Trenching,CAT-420,Sunny,Beginner,3,Smart,1650,Fine,1,85.0,None,Standard,None,None,None,None,85.0,38.9062947981126,9.5,25.0,1
TR05,Trenching,CAT-420,Sunny,Beginner,3,Smart,1650,Fine,1,85.0,None,Standard,None,None,None,None,85.0,38.90975845854523,9.6,23.7,1
TR05,Trenching,CAT-420,Sunny,Beginner,3,Smart,1650,Fine,1,85.0,None,Standard,None,None,None,None,85.0,39.15398390173607,9.5,24.4,1
TR05,Trenching,CAT-420,Sunny,Beginner,3,Smart,1650,Fine,1,85.0,None,Standard,None,None,None,None,85.0,39.08153325556053,9.2,25.3,1
TR05,Trenching,CAT-420,Sunny,Beginner,3,Smart,1650,Fine,1,85.0,None,Standard,None,None,None,None,85.0,38.95377446588925,9.3,25.4,1
TR05,Trenching,CAT-420,Sunny,Beginner,3,Smart,1650,Fine,1,85.0,None,Standard,None,None,None,None,85.0,38.82391407736431,9.2,23.4,1
TR05,Trenching,CAT-420,Sunny,Beginner,3,Smart,1650,Fine,1,85.0,None,Standard,None,None,None,None,85.0,39.15150248783641,9.2,26.0,1
TR05,Trenching,CAT-420,Sunny,Beginner,3,Smart,1650,Fine,1,85.0,None,Standard,None,None,None,None,85.0,38.479517648029066,9.6,24.8,1
TR05,Trenching,CAT-420,Sunny,Beginner,3,Smart,1650,Fine,1,85.0,None,Standard,None,None,None,None,85.0,38.9758217220324,9.3,24.9,1
TR05,Trenching,CAT-420,Sunny,Beginner,3,Smart,1650,Fine,1,85.0,None,Standard,None,None,None,None,85.0,38.99059132439379,9.5,24.7,1
TR05,Trenching,CAT-420,Sunny,Beginner,3,Smart,1650,Fine,1,85.0,None,Standard,None,None,None,None,85.0,39.03757544036547,9.3,24.6,1
TR05,Trenching,CAT-420,Sunny,Beginner,3,Smart,1650,Fine,1,85.0,None,Standard,None,None,None,None,85.0,39.076950442223016,9.1,23.5,1
TR05,Trenching,CAT-420,Sunny,Beginner,3,Smart,1650,Fine,1,85.0,None,Standard,None,None,None,None,85.0,39.18581602350568,9.4,24.5,1
TR05,Trenching,CAT-420,Sunny,Beginner,3,Smart,1650,Fine,1,85.0,None,Standard,None,None,None,None,85.0,39.004608483266345,9.4,24.2,1
TR05,Trenching,CAT-420,Sunny,Beginner,3,Smart,1650,Fine,1,85.0,None,Standard,None,None,None,None,85.0,38.80542381864942,9.4,23.8,1
TR05,Trenching,CAT-420,Sunny,Beginner,3,Smart,1650,Fine,1,85.0,None,Standard,None,None,None,None,85.0,39.10206318892862,9.1,25.4,1
TR05,Trenching,CAT-420,Sunny,Beginner,3,Smart,1650,Fine,1,85.0,None,Standard,None,None,None,None,85.0,39.11814937060326,9.4,25.4,1
TR05,Trenching,CAT-420,Sunny,Beginner,3,Smart,1650,Fine,1,85.0,None,Standard,None,None,None,None,85.0,39.416368611115644,9.5,23.1,1
TR05,Trenching,CAT-420,Sunny,Beginner,3,Smart,1650,Fine,1,85.0,None,Standard,None,None,None,None,85.0,38.680105758316074,9.3,24.6,1
TR05,Trenching,CAT-420,Sunny,Beginner,3,Smart,1650,Fine,1,85.0,None,Standard,None,None,None,None,85.0,39.12941475511728,9.3,24.7,1
TR05,Trenching,CAT-420,Sunny,Beginner,3,Smart,1650,Fine,1,85.0,None,Standard,None,None,None,None,85.0,38.81115426691167,9.3,23.5,1
T003,Material Loading,CAT-950M,Cloudy,Beginner,3,Smart,1750,Quick,1,90.0,None,None,80% Gravel,None,None,None,85.0,41.769191688472276,18.2,23.8,1
T003,Material Loading,CAT-950M,Cloudy,Beginner,3,Smart,1750,Quick,1,90.0,None,None,80% Gravel,None,None,None,85.0,42.26341044915196,18.2,26.7,1
T003,Material Loading,CAT-950M,Cloudy,Beginner,3,Smart,1750,Quick,1,90.0,None,None,80% Gravel,None,None,None,85.0,42.123329475220224,18.4,23.9,1
T003,Material Loading,CAT-950M,Cloudy,Beginner,3,Smart,1750,Quick,1,90.0,None,None,80% Gravel,None,None,None,85.0,42.17507746985225,18.3,24.7,1
T003,Material Loading,CAT-950M,Cloudy,Beginner,3,Smart,1750,Quick,1,90.0,None,None,80% Gravel,None,None,None,85.0,42.6400211345672,18.3,25.5,1
T003,Material Loading,CAT-950M,Cloudy,Beginner,3,Smart,1750,Quick,1,90.0,None,None,80% Gravel,None,None,None,85.0,41.82420589371853,18.4,26.0,1
T003,Material Loading,CAT-950M,Cloudy,Beginner,3,Smart,1750,Quick,1,90.0,None,None,80% Gravel,None,None,None,85.0,41.84325823555306,18.6,25.2,1
T003,Material Loading,CAT-950M,Cloudy,Beginner,3,Smart,1750,Quick,1,90.0,None,None,80% Gravel,None,None,None,85.0,41.85938330602643,18.5,25.4,1
T003,Material Loading,CAT-950M,Cloudy,Beginner,3,Smart,1750,Quick,1,90.0,None,None,80% Gravel,None,None,None,85.0,42.155452490554296,18.1,24.0,1
T003,Material Loading,CAT-950M,Cloudy,Beginner,3,Smart,1750,Quick,1,90.0,None,None,80% Gravel,None,None,None,85.0,41.938120341112125,18.3,25.1,1
T003,Material Loading,CAT-950M,Cloudy,Beginner,3,Smart,1750,Quick,1,90.0,None,None,80% Gravel,None,None,None,85.0,42.04442525023331,18.2,24.9,1
T003,Material Loading,CAT-950M,Cloudy,Beginner,3,Smart,1750,Quick,1,90.0,None,None,80% Gravel,None,None,None,85.0,42.15264643632096,18.4,25.5,1
T003,Material Loading,CAT-950M,Cloudy,Beginner,3,Smart,1750,Quick,1,90.0,None,None,80% Gravel,None,None,None,85.0,42.208480538637225,18.4,24.5,1
T003,Material Loading,CAT-950M,Cloudy,Beginner,3,Smart,1750,Quick,1,90.0,None,None,80% Gravel,None,None,None,85.0,41.584759766621005,18.4,24.8,1
T003,Material Loading,CAT-950M,Cloudy,Beginner,3,Smart,1750,Quick,1,90.0,None,None,80% Gravel,None,None,None,85.0,42.06789470929884,18.2,23.7,1
T003,Material Loading,CAT-950M,Cloudy,Beginner,3,Smart,1750,Quick,1,90.0,None,None,80% Gravel,None,None,None,85.0,42.263288213333226,18.4,25.1,1
T003,Material Loading,CAT-950M,Cloudy,Beginner,3,Smart,1750,Quick,1,90.0,None,None,80% Gravel,None,None,None,85.0,42.00707959403262,18.4,25.4,1
T003,Material Loading,CAT-950M,Cloudy,Beginner,3,Smart,1750,Quick,1,90.0,None,None,80% Gravel,None,None,None,85.0,41.87098881794566,18.4,24.2,1
T003,Material Loading,CAT-950M,Cloudy,Beginner,3,Smart,1750,Quick,1,90.0,None,None,80% Gravel,None,None,None,85.0,41.891375943141924,18.3,24.8,1
T003,Material Loading,CAT-950M,Cloudy,Beginner,3,Smart,1750,Quick,1,90.0,None,None,80% Gravel,None,None,None,85.0,41.88031284458413,18.5,23.9,1
T003,Material Loading,CAT-950M,Cloudy,Beginner,3,Smart,1750,Quick,1,90.0,None,None,80% Gravel,None,None,None,85.0,41.95328208895966,18.3,25.8,1
T003,Material Loading,CAT-950M,Cloudy,Beginner,3,Smart,1750,Quick,1,90.0,None,None,80% Gravel,None,None,None,85.0,42.04913869412789,18.5,23.4,1
T003,Material Loading,CAT-950M,Cloudy,Beginner,3,Smart,1750,Quick,1,90.0,None,None,80% Gravel,None,None,None,85.0,42.06676256646732,18.5,24.7,1
T003,Material Loading,CAT-950M,Cloudy,Beginner,3,Smart,1750,Quick,1,90.0,None,None,80% Gravel,None,None,None,85.0,42.26637009376634,18.3,25.7,1
T003,Material Loading,CAT-950M,Cloudy,Beginner,3,Smart,1750,Quick,1,90.0,None,None,80% Gravel,None,None,None,85.0,42.57472453090481,18.3,24.2,1
LD02,Material Loading,CAT-950M,Sunny,Expert,2,Smart,1800,Quick,1,95.0,None,None,100% Max,None,None,None,85.0,24.363346119279424,18.6,21.0,1
LD02,Material Loading,CAT-950M,Sunny,Expert,2,Smart,1800,Quick,1,95.0,None,None,100% Max,None,None,None,85.0,23.894953295726037,18.3,20.3,1
LD02,Material Loading,CAT-950M,Sunny,Expert,2,Smart,1800,Quick,1,95.0,None,None,100% Max,None,None,None,85.0,23.77033701337895,18.2,20.8,1
LD02,Material Loading,CAT-950M,Sunny,Expert,2,Smart,1800,Quick,1,95.0,None,None,100% Max,None,None,None,85.0,23.991328778153306,18.4,22.6,1
LD02,Material Loading,CAT-950M,Sunny,Expert,2,Smart,1800,Quick,1,95.0,None,None,100% Max,None,None,None,85.0,23.750411489815303,18.5,21.2,1
LD02,Material Loading,CAT-950M,Sunny,Expert,2,Smart,1800,Quick,1,95.0,None,None,100% Max,None,None,None,85.0,23.987634072586893,18.5,20.5,1
LD02,Material Loading,CAT-950M,Sunny,Expert,2,Smart,1800,Quick,1,95.0,None,None,100% Max,None,None,None,85.0,24.095602436546013,18.4,21.8,1
LD02,Material Loading,CAT-950M,Sunny,Expert,2,Smart,1800,Quick,1,95.0,None,None,100% Max,None,None,None,85.0,24.072292160976954,18.7,20.9,1
LD02,Material Loading,CAT-950M,Sunny,Expert,2,Smart,1800,Quick,1,95.0,None,None,100% Max,None,None,None,85.0,23.867250761249547,18.3,21.0,1
LD02,Material Loading,CAT-950M,Sunny,Expert,2,Smart,1800,Quick,1,95.0,None,None,100% Max,None,None,None,85.0,23.840653218173372,18.5,22.5,1
LD02,Material Loading,CAT-950M,Sunny,Expert,2,Smart,1800,Quick,1,95.0,None,None,100% Max,None,None,None,85.0,23.85731342656263,18.2,21.8,1
LD02,Material Loading,CAT-950M,Sunny,Expert,2,Smart,1800,Quick,1,95.0,None,None,100% Max,None,None,None,85.0,23.86194423892976,18.5,21.6,1
LD02,Material Loading,CAT-950M,Sunny,Expert,2,Smart,1800,Quick,1,95.0,None,None,100% Max,None,None,None,85.0,23.621063971250692,18.6,22.8,1
LD02,Material Loading,CAT-950M,Sunny,Expert,2,Smart,1800,Quick,1,95.0,None,None,100% Max,None,None,None,85.0,23.8468028273789,18.3,21.6,1
LD02,Material Loading,CAT-950M,Sunny,Expert,2,Smart,1800,Quick,1,95.0,None,None,100% Max,None,None,None,85.0,24.083614197496757,18.5,23.0,1
LD02,Material Loading,CAT-950M,Sunny,Expert,2,Smart,1800,Quick,1,95.0,None,None,100% Max,None,None,None,85.0,23.955763193126486,18.2,20.3,1
LD02,Material Loading,CAT-950M,Sunny,Expert,2,Smart,1800,Quick,1,95.0,None,None,100% Max,None,None,None,85.0,23.81726749001452,18.4,22.8,1
LD02,Material Loading,CAT-950M,Sunny,Expert,2,Smart,1800,Quick,1,95.0,None,None,100% Max,None,None,None,85.0,23.870597175240956,18.4,21.4,1
LD02,Material Loading,CAT-950M,Sunny,Expert,2,Smart,1800,Quick,1,95.0,None,None,100% Max,None,None,None,85.0,24.29709831836202,18.7,21.0,1
LD02,Material Loading,CAT-950M,Sunny,Expert,2,Smart,1800,Quick,1,95.0,None,None,100% Max,None,None,None,85.0,23.877640139370445,18.5,21.9,1
LD02,Material Loading,CAT-950M,Sunny,Expert,2,Smart,1800,Quick,1,95.0,None,None,100% Max,None,None,None,85.0,24.46167683143401,18.4,21.1,1
LD02,Material Loading,CAT-950M,Sunny,Expert,2,Smart,1800,Quick,1,95.0,None,None,100% Max,None,None,None,85.0,24.14766370767308,18.5,22.1,1
LD02,Material Loading,CAT-950M,Sunny,Expert,2,Smart,1800,Quick,1,95.0,None,None,100% Max,None,None,None,85.0,24.126818507776825,18.5,22.3,1
LD02,Material Loading,CAT-950M,Sunny,Expert,2,Smart,1800,Quick,1,95.0,None,None,100% Max,None,None,None,85.0,24.345539747759382,18.5,21.3,1
LD02,Material Loading,CAT-950M,Sunny,Expert,2,Smart,1800,Quick,1,95.0,None,None,100% Max,None,None,None,85.0,24.036678421608332,18.5,20.7,1
LD03,Material Loading,CAT-950M,Rainy,Intermediate,5,Eco,1650,Medium,1,85.0,None,None,60% Mud,None,None,None,85.0,46.092168327218225,18.3,31.0,1
LD03,Material Loading,CAT-950M,Rainy,Intermediate,5,Eco,1650,Medium,1,85.0,None,None,60% Mud,None,None,None,85.0,46.31961296565183,18.4,31.0,1
LD03,Material Loading,CAT-950M,Rainy,Intermediate,5,Eco,1650,Medium,1,85.0,None,None,60% Mud,None,None,None,85.0,45.66003596475502,18.5,31.5,1
LD03,Material Loading,CAT-950M,Rainy,Intermediate,5,Eco,1650,Medium,1,85.0,None,None,60% Mud,None,None,None,85.0,46.54081368082637,18.3,31.2,1
LD03,Material Loading,CAT-950M,Rainy,Intermediate,5,Eco,1650,Medium,1,85.0,None,None,60% Mud,None,None,None,85.0,46.06234592092769,18.6,30.9,1
LD03,Material Loading,CAT-950M,Rainy,Intermediate,5,Eco,1650,Medium,1,85.0,None,None,60% Mud,None,None,None,85.0,46.06975538144258,18.5,31.1,1
LD03,Material Loading,CAT-950M,Rainy,Intermediate,5,Eco,1650,Medium,1,85.0,None,None,60% Mud,None,None,None,85.0,45.88839159636237,18.4,31.9,1
LD03,Material Loading,CAT-950M,Rainy,Intermediate,5,Eco,1650,Medium,1,85.0,None,None,60% Mud,None,None,None,85.0,45.74337117514723,18.4,30.4,1
LD03,Material Loading,CAT-950M,Rainy,Intermediate,5,Eco,1650,Medium,1,85.0,None,None,60% Mud,None,None,None,85.0,46.29876165723121,18.1,30.6,1
LD03,Material Loading,CAT-950M,Rainy,Intermediate,5,Eco,1650,Medium,1,85.0,None,None,60% Mud,None,None,None,85.0,46.09430296876613,18.6,30.9,1
LD03,Material Loading,CAT-950M,Rainy,Intermediate,5,Eco,1650,Medium,1,85.0,None,None,60% Mud,None,None,None,85.0,45.8612001183267,18.6,29.8,1
LD03,Material Loading,CAT-950M,Rainy,Intermediate,5,Eco,1650,Medium,1,85.0,None,None,60% Mud,None,None,None,85.0,45.45029851084498,18.4,30.6,1
LD03,Material Loading,CAT-950M,Rainy,Intermediate,5,Eco,1650,Medium,1,85.0,None,None,60% Mud,None,None,None,85.0,45.74469179571732,18.5,31.2,1
LD03,Material Loading,CAT-950M,Rainy,Intermediate,5,Eco,1650,Medium,1,85.0,None,None,60% Mud,None,None,None,85.0,45.85898034231582,18.2,31.7,1
LD03,Material Loading,CAT-950M,Rainy,Intermediate,5,Eco,1650,Medium,1,85.0,None,None,60% Mud,None,None,None,85.0,46.16255029448966,18.3,32.5,1
LD03,Material Loading,CAT-950M,Rainy,Intermediate,5,Eco,1650,Medium,1,85.0,None,None,60% Mud,None,None,None,85.0,45.73247880841846,18.1,30.4,1
LD03,Material Loading,CAT-950M,Rainy,Intermediate,5,Eco,1650,Medium,1,85.0,None,None,60% Mud,None,None,None,85.0,45.98860349591113,18.4,30.8,1
LD03,Material Loading,CAT-950M,Rainy,Intermediate,5,Eco,1650,Medium,1,85.0,None,None,60% Mud,None,None,None,85.0,46.08801384912857,18.2,32.2,1
LD03,Material Loading,CAT-950M,Rainy,Intermediate,5,Eco,1650,Medium,1,85.0,None,None,60% Mud,None,None,None,85.0,45.97946220540186,18.5,31.3,1
LD03,Material Loading,CAT-950M,Rainy,Intermediate,5,Eco,1650,Medium,1,85.0,None,None,60% Mud,None,None,None,85.0,46.11418830478845,18.4,31.4,1
LD03,Material Loading,CAT-950M,Rainy,Intermediate,5,Eco,1650,Medium,1,85.0,None,None,60% Mud,None,None,None,85.0,46.16068068996689,18.6,31.2,1
LD03,Material Loading,CAT-950M,Rainy,Intermediate,5,Eco,1650,Medium,1,85.0,None,None,60% Mud,None,None,None,85.0,46.177250939397126,18.3,32.2,1
LD03,Material Loading,CAT-950M,Rainy,Intermediate,5,Eco,1650,Medium,1,85.0,None,None,60% Mud,None,None,None,85.0,45.83090192448518,18.6,31.0,1
LD03,Material Loading,CAT-950M,Rainy,Intermediate,5,Eco,1650,Medium,1,85.0,None,None,60% Mud,None,None,None,85.0,45.64230622447049,18.4,30.5,1
LD03,Material Loading,CAT-950M,Rainy,Intermediate,5,Eco,1650,Medium,1,85.0,None,None,60% Mud,None,None,None,85.0,46.210160887247184,18.3,30.6,1
LD04,Material Loading,CAT-950M,Windy,Intermediate,4,Smart,1700,Quick,1,90.0,None,None,80% Gravel,None,None,None,85.0,35.52761481726362,18.3,25.9,1
LD04,Material Loading,CAT-950M,Windy,Intermediate,4,Smart,1700,Quick,1,90.0,None,None,80% Gravel,None,None,None,85.0,35.60402429412857,18.5,28.4,1
LD04,Material Loading,CAT-950M,Windy,Intermediate,4,Smart,1700,Quick,1,90.0,None,None,80% Gravel,None,None,None,85.0,36.10636439044624,18.2,27.8,1
LD04,Material Loading,CAT-950M,Windy,Intermediate,4,Smart,1700,Quick,1,90.0,None,None,80% Gravel,None,None,None,85.0,35.99909936522736,18.2,29.0,1
LD04,Material Loading,CAT-950M,Windy,Intermediate,4,Smart,1700,Quick,1,90.0,None,None,80% Gravel,None,None,None,85.0,36.219340572643915,18.3,27.8,1
LD04,Material Loading,CAT-950M,Windy,Intermediate,4,Smart,1700,Quick,1,90.0,None,None,80% Gravel,None,None,None,85.0,36.052095701986886,18.1,27.6,1
LD04,Material Loading,CAT-950M,Windy,Intermediate,4,Smart,1700,Quick,1,90.0,None,None,80% Gravel,None,None,None,85.0,35.82950393800055,18.2,27.6,1
LD04,Material Loading,CAT-950M,Windy,Intermediate,4,Smart,1700,Quick,1,90.0,None,None,80% Gravel,None,None,None,85.0,36.44942163171238,18.5,27.3,1
LD04,Material Loading,CAT-950M,Windy,Intermediate,4,Smart,1700,Quick,1,90.0,None,None,80% Gravel,None,None,None,85.0,36.14314569533904,18.6,28.5,1
LD04,Material Loading,CAT-950M,Windy,Intermediate,4,Smart,1700,Quick,1,90.0,None,None,80% Gravel,None,None,None,85.0,36.01490759248004,18.3,28.4,1
LD04,Material Loading,CAT-950M,Windy,Intermediate,4,Smart,1700,Quick,1,90.0,None,None,80% Gravel,None,None,None,85.0,36.098371346355435,18.5,28.3,1
LD04,Material Loading,CAT-950M,Windy,Intermediate,4,Smart,1700,Quick,1,90.0,None,None,80% Gravel,None,None,None,85.0,36.26238817882983,18.3,28.9,1
LD04,Material Loading,CAT-950M,Windy,Intermediate,4,Smart,1700,Quick,1,90.0,None,None,80% Gravel,None,None,None,85.0,36.0493999011731,18.7,27.2,1
LD04,Material Loading,CAT-950M,Windy,Intermediate,4,Smart,1700,Quick,1,90.0,None,None,80% Gravel,None,None,None,85.0,36.43399095079131,18.4,27.3,1
LD04,Material Loading,CAT-950M,Windy,Intermediate,4,Smart,1700,Quick,1,90.0,None,None,80% Gravel,None,None,None,85.0,35.87902854148642,18.3,28.1,1
LD04,Material Loading,CAT-950M,Windy,Intermediate,4,Smart,1700,Quick,1,90.0,None,None,80% Gravel,None,None,None,85.0,36.130708872008874,18.3,27.8,1
LD04,Material Loading,CAT-950M,Windy,Intermediate,4,Smart,1700,Quick,1,90.0,None,None,80% Gravel,None,None,None,85.0,36.53556758965296,18.6,28.1,1
LD04,Material Loading,CAT-950M,Windy,Intermediate,4,Smart,1700,Quick,1,90.0,None,None,80% Gravel,None,None,None,85.0,36.00950086954205,18.4,28.3,1
LD04,Material Loading,CAT-950M,Windy,Intermediate,4,Smart,1700,Quick,1,90.0,None,None,80% Gravel,None,None,None,85.0,35.744301858700396,18.3,26.5,1
LD04,Material Loading,CAT-950M,Windy,Intermediate,4,Smart,1700,Quick,1,90.0,None,None,80% Gravel,None,None,None,85.0,36.09980578065132,18.5,27.4,1
LD04,Material Loading,CAT-950M,Windy,Intermediate,4,Smart,1700,Quick,1,90.0,None,None,80% Gravel,None,None,None,85.0,36.39349669082251,18.2,26.6,1
LD04,Material Loading,CAT-950M,Windy,Intermediate,4,Smart,1700,Quick,1,90.0,None,None,80% Gravel,None,None,None,85.0,36.05611295463999,18.5,29.1,1
LD04,Material Loading,CAT-950M,Windy,Intermediate,4,Smart,1700,Quick,1,90.0,None,None,80% Gravel,None,None,None,85.0,35.885278934282766,18.5,27.8,1
LD04,Material Loading,CAT-950M,Windy,Intermediate,4,Smart,1700,Quick,1,90.0,None,None,80% Gravel,None,None,None,85.0,35.9568431750148,18.5,28.3,1
LD04,Material Loading,CAT-950M,Windy,Intermediate,4,Smart,1700,Quick,1,90.0,None,None,80% Gravel,None,None,None,85.0,35.60590196075394,18.6,28.9,1
LD05,Material Loading,CAT-950M,Sunny,Expert,1,Smart,1800,Quick,1,95.0,None,None,100% Max,None,None,None,85.0,26.84360932462262,18.4,18.6,1
LD05,Material Loading,CAT-950M,Sunny,Expert,1,Smart,1800,Quick,1,95.0,None,None,100% Max,None,None,None,85.0,27.065168441455977,18.3,17.7,1
LD05,Material Loading,CAT-950M,Sunny,Expert,1,Smart,1800,Quick,1,95.0,None,None,100% Max,None,None,None,85.0,26.99361148225214,18.5,18.6,1
LD05,Material Loading,CAT-950M,Sunny,Expert,1,Smart,1800,Quick,1,95.0,None,None,100% Max,None,None,None,85.0,26.907346416978474,18.5,15.9,1
LD05,Material Loading,CAT-950M,Sunny,Expert,1,Smart,1800,Quick,1,95.0,None,None,100% Max,None,None,None,85.0,27.287191425093027,18.1,17.9,1
LD05,Material Loading,CAT-950M,Sunny,Expert,1,Smart,1800,Quick,1,95.0,None,None,100% Max,None,None,None,85.0,26.720082526343464,18.2,19.1,1
LD05,Material Loading,CAT-950M,Sunny,Expert,1,Smart,1800,Quick,1,95.0,None,None,100% Max,None,None,None,85.0,26.883074699672026,18.4,18.2,1
LD05,Material Loading,CAT-950M,Sunny,Expert,1,Smart,1800,Quick,1,95.0,None,None,100% Max,None,None,None,85.0,27.11926020680578,18.4,17.2,1
LD05,Material Loading,CAT-950M,Sunny,Expert,1,Smart,1800,Quick,1,95.0,None,None,100% Max,None,None,None,85.0,27.249066704861786,18.3,17.0,1
LD05,Material Loading,CAT-950M,Sunny,Expert,1,Smart,1800,Quick,1,95.0,None,None,100% Max,None,None,None,85.0,26.89297120975852,18.6,18.9,1
LD05,Material Loading,CAT-950M,Sunny,Expert,1,Smart,1800,Quick,1,95.0,None,None,100% Max,None,None,None,85.0,26.912836966398036,18.3,17.9,1
LD05,Material Loading,CAT-950M,Sunny,Expert,1,Smart,1800,Quick,1,95.0,None,None,100% Max,None,None,None,85.0,27.51918699589021,18.4,18.5,1
LD05,Material Loading,CAT-950M,Sunny,Expert,1,Smart,1800,Quick,1,95.0,None,None,100% Max,None,None,None,85.0,27.25757086350796,18.4,18.0,1
LD05,Material Loading,CAT-950M,Sunny,Expert,1,Smart,1800,Quick,1,95.0,None,None,100% Max,None,None,None,85.0,26.950912537728755,18.3,18.2,1
LD05,Material Loading,CAT-950M,Sunny,Expert,1,Smart,1800,Quick,1,95.0,None,None,100% Max,None,None,None,85.0,27.181907385909245,18.4,18.8,1
LD05,Material Loading,CAT-950M,Sunny,Expert,1,Smart,1800,Quick,1,95.0,None,None,100% Max,None,None,None,85.0,26.979820854972854,18.4,16.6,1
LD05,Material Loading,CAT-950M,Sunny,Expert,1,Smart,1800,Quick,1,95.0,None,None,100% Max,None,None,None,85.0,27.22908191867562,18.4,19.0,1
LD05,Material Loading,CAT-950M,Sunny,Expert,1,Smart,1800,Quick,1,95.0,None,None,100% Max,None,None,None,85.0,26.27593615545158,18.7,18.1,1
LD05,Material Loading,CAT-950M,Sunny,Expert,1,Smart,1800,Quick,1,95.0,None,None,100% Max,None,None,None,85.0,27.277045704184378,18.2,18.7,1
LD05,Material Loading,CAT-950M,Sunny,Expert,1,Smart,1800,Quick,1,95.0,None,None,100% Max,None,None,None,85.0,26.736646109206585,18.3,19.7,1
LD05,Material Loading,CAT-950M,Sunny,Expert,1,Smart,1800,Quick,1,95.0,None,None,100% Max,None,None,None,85.0,26.952329399809162,18.4,18.9,1
LD05,Material Loading,CAT-950M,Sunny,Expert,1,Smart,1800,Quick,1,95.0,None,None,100% Max,None,None,None,85.0,27.123920471993152,18.4,18.5,1
LD05,Material Loading,CAT-950M,Sunny,Expert,1,Smart,1800,Quick,1,95.0,None,None,100% Max,None,None,None,85.0,27.60085389630957,18.4,18.4,1
LD05,Material Loading,CAT-950M,Sunny,Expert,1,Smart,1800,Quick,1,95.0,None,None,100% Max,None,None,None,85.0,27.262663599001904,18.5,19.1,1
LD05,Material Loading,CAT-950M,Sunny,Expert,1,Smart,1800,Quick,1,95.0,None,None,100% Max,None,None,None,85.0,27.159682555507295,18.2,19.5,1
T004,Grading,CAT-140,Sunny,Expert,5,Eco,1550,Fine,1,90.0,None,None,None,Normal 35°,2nd Gear,None,85.0,32.71341365174533,17.9,30.4,1
T004,Grading,CAT-140,Sunny,Expert,5,Eco,1550,Fine,1,90.0,None,None,None,Normal 35°,2nd Gear,None,85.0,32.983965413351754,17.9,31.3,1
T004,Grading,CAT-140,Sunny,Expert,5,Eco,1550,Fine,1,90.0,None,None,None,Normal 35°,2nd Gear,None,85.0,33.10548018855882,18.1,31.4,1
T004,Grading,CAT-140,Sunny,Expert,5,Eco,1550,Fine,1,90.0,None,None,None,Normal 35°,2nd Gear,None,85.0,32.93896084117734,18.0,32.0,1
T004,Grading,CAT-140,Sunny,Expert,5,Eco,1550,Fine,1,90.0,None,None,None,Normal 35°,2nd Gear,None,85.0,32.69309804621575,17.9,31.6,1
T004,Grading,CAT-140,Sunny,Expert,5,Eco,1550,Fine,1,90.0,None,None,None,Normal 35°,2nd Gear,None,85.0,32.925609124160005,18.1,30.9,1
T004,Grading,CAT-140,Sunny,Expert,5,Eco,1550,Fine,1,90.0,None,None,None,Normal 35°,2nd Gear,None,85.0,33.03139411336789,17.8,31.0,1
T004,Grading,CAT-140,Sunny,Expert,5,Eco,1550,Fine,1,90.0,None,None,None,Normal 35°,2nd Gear,None,85.0,32.7259312282762,17.6,32.3,1
T004,Grading,CAT-140,Sunny,Expert,5,Eco,1550,Fine,1,90.0,None,None,None,Normal 35°,2nd Gear,None,85.0,32.78825966292042,17.7,29.3,1
T004,Grading,CAT-140,Sunny,Expert,5,Eco,1550,Fine,1,90.0,None,None,None,Normal 35°,2nd Gear,None,85.0,32.84025956307762,17.7,32.3,1
T004,Grading,CAT-140,Sunny,Expert,5,Eco,1550,Fine,1,90.0,None,None,None,Normal 35°,2nd Gear,None,85.0,33.25245427233566,17.7,32.8,1
T004,Grading,CAT-140,Sunny,Expert,5,Eco,1550,Fine,1,90.0,None,None,None,Normal 35°,2nd Gear,None,85.0,33.2454413717479,17.8,29.0,1
T004,Grading,CAT-140,Sunny,Expert,5,Eco,1550,Fine,1,90.0,None,None,None,Normal 35°,2nd Gear,None,85.0,33.57273564314769,17.6,29.7,1
T004,Grading,CAT-140,Sunny,Expert,5,Eco,1550,Fine,1,90.0,None,None,None,Normal 35°,2nd Gear,None,85.0,33.25564260800241,18.2,32.1,1
T004,Grading,CAT-140,Sunny,Expert,5,Eco,1550,Fine,1,90.0,None,None,None,Normal 35°,2nd Gear,None,85.0,33.14097728001309,17.9,31.7,1
T004,Grading,CAT-140,Sunny,Expert,5,Eco,1550,Fine,1,90.0,None,None,None,Normal 35°,2nd Gear,None,85.0,33.18973214744669,17.9,31.1,1
T004,Grading,CAT-140,Sunny,Expert,5,Eco,1550,Fine,1,90.0,None,None,None,Normal 35°,2nd Gear,None,85.0,32.98435171802512,17.7,30.8,1
T004,Grading,CAT-140,Sunny,Expert,5,Eco,1550,Fine,1,90.0,None,None,None,Normal 35°,2nd Gear,None,85.0,32.576760796451154,17.8,30.2,1
T004,Grading,CAT-140,Sunny,Expert,5,Eco,1550,Fine,1,90.0,None,None,None,Normal 35°,2nd Gear,None,85.0,32.724102670696055,17.9,32.1,1
T004,Grading,CAT-140,Sunny,Expert,5,Eco,1550,Fine,1,90.0,None,None,None,Normal 35°,2nd Gear,None,85.0,33.22957915150058,17.6,30.2,1
T004,Grading,CAT-140,Sunny,Expert,5,Eco,1550,Fine,1,90.0,None,None,None,Normal 35°,2nd Gear,None,85.0,33.235192796997055,17.7,30.8,1
T004,Grading,CAT-140,Sunny,Expert,5,Eco,1550,Fine,1,90.0,None,None,None,Normal 35°,2nd Gear,None,85.0,33.13751302475614,17.7,31.1,1
T004,Grading,CAT-140,Sunny,Expert,5,Eco,1550,Fine,1,90.0,None,None,None,Normal 35°,2nd Gear,None,85.0,32.66649362627045,17.8,31.3,1
T004,Grading,CAT-140,Sunny,Expert,5,Eco,1550,Fine,1,90.0,None,None,None,Normal 35°,2nd Gear,None,85.0,32.60175156661708,17.9,31.0,1
T004,Grading,CAT-140,Sunny,Expert,5,Eco,1550,Fine,1,90.0,None,None,None,Normal 35°,2nd Gear,None,85.0,33.13812248860429,17.9,32.1,1
GR02,Grading,CAT-140,Sunny,Expert,2,Eco,1600,Fine,1,90.0,None,None,None,Normal 35°,1st Gear,None,85.0,42.03130612566198,17.8,21.5,1
GR02,Grading,CAT-140,Sunny,Expert,2,Eco,1600,Fine,1,90.0,None,None,None,Normal 35°,1st Gear,None,85.0,42.135824507259095,17.9,21.4,1
GR02,Grading,CAT-140,Sunny,Expert,2,Eco,1600,Fine,1,90.0,None,None,None,Normal 35°,1st Gear,None,85.0,41.82450207804831,17.8,20.3,1
GR02,Grading,CAT-140,Sunny,Expert,2,Eco,1600,Fine,1,90.0,None,None,None,Normal 35°,1st Gear,None,85.0,42.437394185796734,17.7,20.8,1
GR02,Grading,CAT-140,Sunny,Expert,2,Eco,1600,Fine,1,90.0,None,None,None,Normal 35°,1st Gear,None,85.0,41.8203981836077,18.0,21.2,1
GR02,Grading,CAT-140,Sunny,Expert,2,Eco,1600,Fine,1,90.0,None,None,None,Normal 35°,1st Gear,None,85.0,42.31193551816843,17.7,21.6,1
GR02,Grading,CAT-140,Sunny,Expert,2,Eco,1600,Fine,1,90.0,None,None,None,Normal 35°,1st Gear,None,85.0,41.79116323668506,18.2,20.4,1
GR02,Grading,CAT-140,Sunny,Expert,2,Eco,1600,Fine,1,90.0,None,None,None,Normal 35°,1st Gear,None,85.0,42.07745517755676,17.9,21.7,1
GR02,Grading,CAT-140,Sunny,Expert,2,Eco,1600,Fine,1,90.0,None,None,None,Normal 35°,1st Gear,None,85.0,41.95367808528057,17.8,21.4,1
GR02,Grading,CAT-140,Sunny,Expert,2,Eco,1600,Fine,1,90.0,None,None,None,Normal 35°,1st Gear,None,85.0,41.96324949959288,18.0,23.2,1
GR02,Grading,CAT-140,Sunny,Expert,2,Eco,1600,Fine,1,90.0,None,None,None,Normal 35°,1st Gear,None,85.0,41.86062705374804,17.6,21.3,1
GR02,Grading,CAT-140,Sunny,Expert,2,Eco,1600,Fine,1,90.0,None,None,None,Normal 35°,1st Gear,None,85.0,42.64492733441358,17.7,22.7,1
GR02,Grading,CAT-140,Sunny,Expert,2,Eco,1600,Fine,1,90.0,None,None,None,Normal 35°,1st Gear,None,85.0,42.41942520351911,17.8,21.9,1
GR02,Grading,CAT-140,Sunny,Expert,2,Eco,1600,Fine,1,90.0,None,None,None,Normal 35°,1st Gear,None,85.0,42.407099155782134,17.8,21.2,1
GR02,Grading,CAT-140,Sunny,Expert,2,Eco,1600,Fine,1,90.0,None,None,None,Normal 35°,1st Gear,None,85.0,41.85457977151284,17.7,20.9,1
GR02,Grading,CAT-140,Sunny,Expert,2,Eco,1600,Fine,1,90.0,None,None,None,Normal 35°,1st Gear,None,85.0,41.69401493330943,17.9,20.8,1
GR02,Grading,CAT-140,Sunny,Expert,2,Eco,1600,Fine,1,90.0,None,None,None,Normal 35°,1st Gear,None,85.0,42.05844647794769,17.6,21.7,1
GR02,Grading,CAT-140,Sunny,Expert,2,Eco,1600,Fine,1,90.0,None,None,None,Normal 35°,1st Gear,None,85.0,42.20838224040223,17.6,21.7,1
GR02,Grading,CAT-140,Sunny,Expert,2,Eco,1600,Fine,1,90.0,None,None,None,Normal 35°,1st Gear,None,85.0,42.306917248118324,17.7,22.7,1
GR02,Grading,CAT-140,Sunny,Expert,2,Eco,1600,Fine,1,90.0,None,None,None,Normal 35°,1st Gear,None,85.0,42.10475475234151,17.7,21.4,1
GR02,Grading,CAT-140,Sunny,Expert,2,Eco,1600,Fine,1,90.0,None,None,None,Normal 35°,1st Gear,None,85.0,42.13958172813043,17.9,21.8,1
GR02,Grading,CAT-140,Sunny,Expert,2,Eco,1600,Fine,1,90.0,None,None,None,Normal 35°,1st Gear,None,85.0,41.76983160173016,17.9,20.3,1
GR02,Grading,CAT-140,Sunny,Expert,2,Eco,1600,Fine,1,90.0,None,None,None,Normal 35°,1st Gear,None,85.0,41.972193484662824,17.7,20.8,1
GR02,Grading,CAT-140,Sunny,Expert,2,Eco,1600,Fine,1,90.0,None,None,None,Normal 35°,1st Gear,None,85.0,42.30902329380261,18.0,21.9,1
GR02,Grading,CAT-140,Sunny,Expert,2,Eco,1600,Fine,1,90.0,None,None,None,Normal 35°,1st Gear,None,85.0,41.726921808831854,17.8,22.4,1
GR03,Grading,CAT-140,Rainy,Intermediate,6,Smart,1650,Fine,1,90.0,None,None,None,Deep Cut 45°,1st Gear,None,85.0,57.035429228409974,18.2,34.5,1
GR03,Grading,CAT-140,Rainy,Intermediate,6,Smart,1650,Fine,1,90.0,None,None,None,Deep Cut 45°,1st Gear,None,85.0,57.04801227912251,17.8,34.3,1
GR03,Grading,CAT-140,Rainy,Intermediate,6,Smart,1650,Fine,1,90.0,None,None,None,Deep Cut 45°,1st Gear,None,85.0,56.96188254090487,18.0,35.0,1
GR03,Grading,CAT-140,Rainy,Intermediate,6,Smart,1650,Fine,1,90.0,None,None,None,Deep Cut 45°,1st Gear,None,85.0,56.80350263487301,17.7,32.7,1
GR03,Grading,CAT-140,Rainy,Intermediate,6,Smart,1650,Fine,1,90.0,None,None,None,Deep Cut 45°,1st Gear,None,85.0,57.12699783172813,17.7,32.5,1
GR03,Grading,CAT-140,Rainy,Intermediate,6,Smart,1650,Fine,1,90.0,None,None,None,Deep Cut 45°,1st Gear,None,85.0,57.097144651132744,18.2,34.2,1
GR03,Grading,CAT-140,Rainy,Intermediate,6,Smart,1650,Fine,1,90.0,None,None,None,Deep Cut 45°,1st Gear,None,85.0,57.20962269361291,17.9,34.1,1
GR03,Grading,CAT-140,Rainy,Intermediate,6,Smart,1650,Fine,1,90.0,None,None,None,Deep Cut 45°,1st Gear,None,85.0,57.229769120746944,17.8,34.4,1
GR03,Grading,CAT-140,Rainy,Intermediate,6,Smart,1650,Fine,1,90.0,None,None,None,Deep Cut 45°,1st Gear,None,85.0,57.08042445154901,17.7,35.0,1
GR03,Grading,CAT-140,Rainy,Intermediate,6,Smart,1650,Fine,1,90.0,None,None,None,Deep Cut 45°,1st Gear,None,85.0,56.956260060826146,17.7,34.6,1
GR03,Grading,CAT-140,Rainy,Intermediate,6,Smart,1650,Fine,1,90.0,None,None,None,Deep Cut 45°,1st Gear,None,85.0,56.77538300455224,17.9,34.2,1
GR03,Grading,CAT-140,Rainy,Intermediate,6,Smart,1650,Fine,1,90.0,None,None,None,Deep Cut 45°,1st Gear,None,85.0,57.271473891457894,17.9,34.2,1
GR03,Grading,CAT-140,Rainy,Intermediate,6,Smart,1650,Fine,1,90.0,None,None,None,Deep Cut 45°,1st Gear,None,85.0,57.20444157480007,18.1,34.6,1
GR03,Grading,CAT-140,Rainy,Intermediate,6,Smart,1650,Fine,1,90.0,None,None,None,Deep Cut 45°,1st Gear,None,85.0,57.00258815496085,17.7,33.3,1
GR03,Grading,CAT-140,Rainy,Intermediate,6,Smart,1650,Fine,1,90.0,None,None,None,Deep Cut 45°,1st Gear,None,85.0,56.923693823911336,17.8,34.1,1
GR03,Grading,CAT-140,Rainy,Intermediate,6,Smart,1650,Fine,1,90.0,None,None,None,Deep Cut 45°,1st Gear,None,85.0,57.014162481224275,17.9,34.1,1
GR03,Grading,CAT-140,Rainy,Intermediate,6,Smart,1650,Fine,1,90.0,None,None,None,Deep Cut 45°,1st Gear,None,85.0,57.121625410956554,17.9,32.6,1
GR03,Grading,CAT-140,Rainy,Intermediate,6,Smart,1650,Fine,1,90.0,None,None,None,Deep Cut 45°,1st Gear,None,85.0,56.76516615154531,17.8,33.2,1
GR03,Grading,CAT-140,Rainy,Intermediate,6,Smart,1650,Fine,1,90.0,None,None,None,Deep Cut 45°,1st Gear,None,85.0,57.14998218249905,18.1,35.2,1
GR03,Grading,CAT-140,Rainy,Intermediate,6,Smart,1650,Fine,1,90.0,None,None,None,Deep Cut 45°,1st Gear,None,85.0,56.94663928226745,18.1,34.3,1
GR03,Grading,CAT-140,Rainy,Intermediate,6,Smart,1650,Fine,1,90.0,None,None,None,Deep Cut 45°,1st Gear,None,85.0,56.91572850722049,17.8,34.0,1
GR03,Grading,CAT-140,Rainy,Intermediate,6,Smart,1650,Fine,1,90.0,None,None,None,Deep Cut 45°,1st Gear,None,85.0,56.90295579536469,17.9,34.3,1
GR03,Grading,CAT-140,Rainy,Intermediate,6,Smart,1650,Fine,1,90.0,None,None,None,Deep Cut 45°,1st Gear,None,85.0,57.000761505038355,17.9,35.2,1
GR03,Grading,CAT-140,Rainy,Intermediate,6,Smart,1650,Fine,1,90.0,None,None,None,Deep Cut 45°,1st Gear,None,85.0,57.23738853386033,17.6,32.2,1
GR03,Grading,CAT-140,Rainy,Intermediate,6,Smart,1650,Fine,1,90.0,None,None,None,Deep Cut 45°,1st Gear,None,85.0,57.23357997780982,17.6,34.0,1
GR04,Grading,CAT-140,Cloudy,Intermediate,7,Smart,1600,Medium,1,90.0,None,None,None,Normal 35°,2nd Gear,None,85.0,64.70747174348516,17.6,37.8,1
GR04,Grading,CAT-140,Cloudy,Intermediate,7,Smart,1600,Medium,1,90.0,None,None,None,Normal 35°,2nd Gear,None,85.0,65.18978879007567,17.8,35.3,1
GR04,Grading,CAT-140,Cloudy,Intermediate,7,Smart,1600,Medium,1,90.0,None,None,None,Normal 35°,2nd Gear,None,85.0,64.86343888793688,17.9,36.2,1
GR04,Grading,CAT-140,Cloudy,Intermediate,7,Smart,1600,Medium,1,90.0,None,None,None,Normal 35°,2nd Gear,None,85.0,65.04583997994479,17.8,37.9,1
GR04,Grading,CAT-140,Cloudy,Intermediate,7,Smart,1600,Medium,1,90.0,None,None,None,Normal 35°,2nd Gear,None,85.0,65.02989509210354,17.7,38.4,1
GR04,Grading,CAT-140,Cloudy,Intermediate,7,Smart,1600,Medium,1,90.0,None,None,None,Normal 35°,2nd Gear,None,85.0,64.96036760674326,17.8,36.7,1
GR04,Grading,CAT-140,Cloudy,Intermediate,7,Smart,1600,Medium,1,90.0,None,None,None,Normal 35°,2nd Gear,None,85.0,64.88917943720212,17.7,37.3,1
GR04,Grading,CAT-140,Cloudy,Intermediate,7,Smart,1600,Medium,1,90.0,None,None,None,Normal 35°,2nd Gear,None,85.0,65.42792712003559,17.6,36.1,1
GR04,Grading,CAT-140,Cloudy,Intermediate,7,Smart,1600,Medium,1,90.0,None,None,None,Normal 35°,2nd Gear,None,85.0,65.3677925818734,17.8,36.9,1
GR04,Grading,CAT-140,Cloudy,Intermediate,7,Smart,1600,Medium,1,90.0,None,None,None,Normal 35°,2nd Gear,None,85.0,65.25997617184902,17.8,38.9,1
GR04,Grading,CAT-140,Cloudy,Intermediate,7,Smart,1600,Medium,1,90.0,None,None,None,Normal 35°,2nd Gear,None,85.0,65.16948146783481,17.8,39.1,1
GR04,Grading,CAT-140,Cloudy,Intermediate,7,Smart,1600,Medium,1,90.0,None,None,None,Normal 35°,2nd Gear,None,85.0,64.84857126924916,18.0,37.6,1
GR04,Grading,CAT-140,Cloudy,Intermediate,7,Smart,1600,Medium,1,90.0,None,None,None,Normal 35°,2nd Gear,None,85.0,65.3254353223497,18.1,37.4,1
GR04,Grading,CAT-140,Cloudy,Intermediate,7,Smart,1600,Medium,1,90.0,None,None,None,Normal 35°,2nd Gear,None,85.0,64.81164553241345,17.9,36.9,1
GR04,Grading,CAT-140,Cloudy,Intermediate,7,Smart,1600,Medium,1,90.0,None,None,None,Normal 35°,2nd Gear,None,85.0,65.50334681188166,17.9,37.1,1
GR04,Grading,CAT-140,Cloudy,Intermediate,7,Smart,1600,Medium,1,90.0,None,None,None,Normal 35°,2nd Gear,None,85.0,65.04617007646623,17.6,36.6,1
GR04,Grading,CAT-140,Cloudy,Intermediate,7,Smart,1600,Medium,1,90.0,None,None,None,Normal 35°,2nd Gear,None,85.0,65.30010347698611,17.8,36.6,1
GR04,Grading,CAT-140,Cloudy,Intermediate,7,Smart,1600,Medium,1,90.0,None,None,None,Normal 35°,2nd Gear,None,85.0,65.13416318813182,18.0,38.0,1
GR04,Grading,CAT-140,Cloudy,Intermediate,7,Smart,1600,Medium,1,90.0,None,None,None,Normal 35°,2nd Gear,None,85.0,65.24901192145146,17.7,36.3,1
GR04,Grading,CAT-140,Cloudy,Intermediate,7,Smart,1600,Medium,1,90.0,None,None,None,Normal 35°,2nd Gear,None,85.0,65.37533341298887,17.8,37.2,1
GR04,Grading,CAT-140,Cloudy,Intermediate,7,Smart,1600,Medium,1,90.0,None,None,None,Normal 35°,2nd Gear,None,85.0,65.33204853546226,17.9,37.8,1
GR04,Grading,CAT-140,Cloudy,Intermediate,7,Smart,1600,Medium,1,90.0,None,None,None,Normal 35°,2nd Gear,None,85.0,65.54125058622527,17.8,38.1,1
GR04,Grading,CAT-140,Cloudy,Intermediate,7,Smart,1600,Medium,1,90.0,None,None,None,Normal 35°,2nd Gear,None,85.0,65.01425328122427,17.9,38.6,1
GR04,Grading,CAT-140,Cloudy,Intermediate,7,Smart,1600,Medium,1,90.0,None,None,None,Normal 35°,2nd Gear,None,85.0,65.12695893907241,17.9,38.3,1
GR04,Grading,CAT-140,Cloudy,Intermediate,7,Smart,1600,Medium,1,90.0,None,None,None,Normal 35°,2nd Gear,None,85.0,64.90876181761428,17.7,36.6,1
GR05,Grading,CAT-140,Windy,Beginner,3,Eco,1550,Fine,1,90.0,None,None,None,Spread 25°,3rd Gear,None,85.0,28.508410852656,18.2,23.7,1
GR05,Grading,CAT-140,Windy,Beginner,3,Eco,1550,Fine,1,90.0,None,None,None,Spread 25°,3rd Gear,None,85.0,28.94468659410356,17.8,24.8,1
GR05,Grading,CAT-140,Windy,Beginner,3,Eco,1550,Fine,1,90.0,None,None,None,Spread 25°,3rd Gear,None,85.0,29.203934303134822,18.0,24.1,1
GR05,Grading,CAT-140,Windy,Beginner,3,Eco,1550,Fine,1,90.0,None,None,None,Spread 25°,3rd Gear,None,85.0,28.958219571553396,17.9,24.4,1
GR05,Grading,CAT-140,Windy,Beginner,3,Eco,1550,Fine,1,90.0,None,None,None,Spread 25°,3rd Gear,None,85.0,29.401836394005,17.9,25.2,1
GR05,Grading,CAT-140,Windy,Beginner,3,Eco,1550,Fine,1,90.0,None,None,None,Spread 25°,3rd Gear,None,85.0,29.165720317166855,18.0,24.7,1
GR05,Grading,CAT-140,Windy,Beginner,3,Eco,1550,Fine,1,90.0,None,None,None,Spread 25°,3rd Gear,None,85.0,28.675792013011037,17.9,24.1,1
GR05,Grading,CAT-140,Windy,Beginner,3,Eco,1550,Fine,1,90.0,None,None,None,Spread 25°,3rd Gear,None,85.0,28.86784582956256,17.9,25.6,1
GR05,Grading,CAT-140,Windy,Beginner,3,Eco,1550,Fine,1,90.0,None,None,None,Spread 25°,3rd Gear,None,85.0,29.005317894184014,17.9,26.0,1
GR05,Grading,CAT-140,Windy,Beginner,3,Eco,1550,Fine,1,90.0,None,None,None,Spread 25°,3rd Gear,None,85.0,29.06018829487214,18.2,25.1,1
GR05,Grading,CAT-140,Windy,Beginner,3,Eco,1550,Fine,1,90.0,None,None,None,Spread 25°,3rd Gear,None,85.0,28.559809310211044,18.0,24.9,1
GR05,Grading,CAT-140,Windy,Beginner,3,Eco,1550,Fine,1,90.0,None,None,None,Spread 25°,3rd Gear,None,85.0,29.322438188520685,18.0,24.5,1
GR05,Grading,CAT-140,Windy,Beginner,3,Eco,1550,Fine,1,90.0,None,None,None,Spread 25°,3rd Gear,None,85.0,28.693925440927657,17.8,23.9,1
GR05,Grading,CAT-140,Windy,Beginner,3,Eco,1550,Fine,1,90.0,None,None,None,Spread 25°,3rd Gear,None,85.0,28.854869137548818,17.9,25.9,1
GR05,Grading,CAT-140,Windy,Beginner,3,Eco,1550,Fine,1,90.0,None,None,None,Spread 25°,3rd Gear,None,85.0,29.098667882455747,17.7,25.0,1
GR05,Grading,CAT-140,Windy,Beginner,3,Eco,1550,Fine,1,90.0,None,None,None,Spread 25°,3rd Gear,None,85.0,29.299157871661414,17.8,24.5,1
GR05,Grading,CAT-140,Windy,Beginner,3,Eco,1550,Fine,1,90.0,None,None,None,Spread 25°,3rd Gear,None,85.0,29.0036720486823,17.7,25.1,1
GR05,Grading,CAT-140,Windy,Beginner,3,Eco,1550,Fine,1,90.0,None,None,None,Spread 25°,3rd Gear,None,85.0,28.969762962848055,17.9,23.9,1
GR05,Grading,CAT-140,Windy,Beginner,3,Eco,1550,Fine,1,90.0,None,None,None,Spread 25°,3rd Gear,None,85.0,28.890635424919147,18.0,24.3,1
GR05,Grading,CAT-140,Windy,Beginner,3,Eco,1550,Fine,1,90.0,None,None,None,Spread 25°,3rd Gear,None,85.0,29.43174096280835,17.8,24.8,1
GR05,Grading,CAT-140,Windy,Beginner,3,Eco,1550,Fine,1,90.0,None,None,None,Spread 25°,3rd Gear,None,85.0,29.23314770796827,17.6,23.2,1
GR05,Grading,CAT-140,Windy,Beginner,3,Eco,1550,Fine,1,90.0,None,None,None,Spread 25°,3rd Gear,None,85.0,28.618585921357475,18.0,24.2,1
GR05,Grading,CAT-140,Windy,Beginner,3,Eco,1550,Fine,1,90.0,None,None,None,Spread 25°,3rd Gear,None,85.0,29.639549821417063,17.8,24.7,1
GR05,Grading,CAT-140,Windy,Beginner,3,Eco,1550,Fine,1,90.0,None,None,None,Spread 25°,3rd Gear,None,85.0,29.385527488141967,18.2,26.2,1
GR05,Grading,CAT-140,Windy,Beginner,3,Eco,1550,Fine,1,90.0,None,None,None,Spread 25°,3rd Gear,None,85.0,29.302091557648286,18.0,25.1,1
T005,Demolition,CAT-349,Windy,Intermediate,6,Smart,1800,Medium,1,90.0,None,None,None,None,None,High Flow,85.0,105.19459026904165,34.6,33.5,1
T005,Demolition,CAT-349,Windy,Intermediate,6,Smart,1800,Medium,1,90.0,None,None,None,None,None,High Flow,85.0,104.99915638564727,34.7,33.8,1
T005,Demolition,CAT-349,Windy,Intermediate,6,Smart,1800,Medium,1,90.0,None,None,None,None,None,High Flow,85.0,105.17409686186419,34.8,34.3,1
T005,Demolition,CAT-349,Windy,Intermediate,6,Smart,1800,Medium,1,90.0,None,None,None,None,None,High Flow,85.0,105.36938252026381,34.5,34.0,1
T005,Demolition,CAT-349,Windy,Intermediate,6,Smart,1800,Medium,1,90.0,None,None,None,None,None,High Flow,85.0,104.82079441984929,34.4,34.1,1
T005,Demolition,CAT-349,Windy,Intermediate,6,Smart,1800,Medium,1,90.0,None,None,None,None,None,High Flow,85.0,104.96956312290418,34.9,34.7,1
T005,Demolition,CAT-349,Windy,Intermediate,6,Smart,1800,Medium,1,90.0,None,None,None,None,None,High Flow,85.0,104.7439532939177,35.0,35.2,1
T005,Demolition,CAT-349,Windy,Intermediate,6,Smart,1800,Medium,1,90.0,None,None,None,None,None,High Flow,85.0,105.14552442586715,34.6,33.4,1
T005,Demolition,CAT-349,Windy,Intermediate,6,Smart,1800,Medium,1,90.0,None,None,None,None,None,High Flow,85.0,104.90694830598224,34.8,35.7,1
T005,Demolition,CAT-349,Windy,Intermediate,6,Smart,1800,Medium,1,90.0,None,None,None,None,None,High Flow,85.0,105.38581088206804,34.6,33.3,1
T005,Demolition,CAT-349,Windy,Intermediate,6,Smart,1800,Medium,1,90.0,None,None,None,None,None,High Flow,85.0,105.0352215617278,34.4,34.5,1
T005,Demolition,CAT-349,Windy,Intermediate,6,Smart,1800,Medium,1,90.0,None,None,None,None,None,High Flow,85.0,104.96309935342533,34.6,32.9,1
T005,Demolition,CAT-349,Windy,Intermediate,6,Smart,1800,Medium,1,90.0,None,None,None,None,None,High Flow,85.0,105.12840002664242,34.6,33.3,1
T005,Demolition,CAT-349,Windy,Intermediate,6,Smart,1800,Medium,1,90.0,None,None,None,None,None,High Flow,85.0,104.28193444667959,34.7,35.6,1
T005,Demolition,CAT-349,Windy,Intermediate,6,Smart,1800,Medium,1,90.0,None,None,None,None,None,High Flow,85.0,105.41531480363697,34.6,33.7,1
T005,Demolition,CAT-349,Windy,Intermediate,6,Smart,1800,Medium,1,90.0,None,None,None,None,None,High Flow,85.0,105.11719356401876,34.5,34.4,1
T005,Demolition,CAT-349,Windy,Intermediate,6,Smart,1800,Medium,1,90.0,None,None,None,None,None,High Flow,85.0,105.19152006959617,34.9,34.1,1
T005,Demolition,CAT-349,Windy,Intermediate,6,Smart,1800,Medium,1,90.0,None,None,None,None,None,High Flow,85.0,104.94908156245576,34.5,33.5,1
T005,Demolition,CAT-349,Windy,Intermediate,6,Smart,1800,Medium,1,90.0,None,None,None,None,None,High Flow,85.0,104.94338027702462,34.7,34.9,1
T005,Demolition,CAT-349,Windy,Intermediate,6,Smart,1800,Medium,1,90.0,None,None,None,None,None,High Flow,85.0,104.79920526232992,34.9,34.0,1
T005,Demolition,CAT-349,Windy,Intermediate,6,Smart,1800,Medium,1,90.0,None,None,None,None,None,High Flow,85.0,104.9946581764129,34.6,32.3,1
T005,Demolition,CAT-349,Windy,Intermediate,6,Smart,1800,Medium,1,90.0,None,None,None,None,None,High Flow,85.0,105.22101134909026,34.8,34.0,1
T005,Demolition,CAT-349,Windy,Intermediate,6,Smart,1800,Medium,1,90.0,None,None,None,None,None,High Flow,85.0,105.01674767930622,34.8,32.9,1
T005,Demolition,CAT-349,Windy,Intermediate,6,Smart,1800,Medium,1,90.0,None,None,None,None,None,High Flow,85.0,104.86773683066343,34.8,33.2,1
T005,Demolition,CAT-349,Windy,Intermediate,6,Smart,1800,Medium,1,90.0,None,None,None,None,None,High Flow,85.0,105.07338948304165,34.5,34.6,1
DM02,Demolition,CAT-349,Sunny,Expert,4,Smart,1850,Medium,1,90.0,None,None,None,None,None,Low Flow,85.0,83.99108962942563,34.4,28.7,1
DM02,Demolition,CAT-349,Sunny,Expert,4,Smart,1850,Medium,1,90.0,None,None,None,None,None,Low Flow,85.0,83.81635210580049,34.6,28.0,1
DM02,Demolition,CAT-349,Sunny,Expert,4,Smart,1850,Medium,1,90.0,None,None,None,None,None,Low Flow,85.0,84.28715933735718,34.5,27.8,1
DM02,Demolition,CAT-349,Sunny,Expert,4,Smart,1850,Medium,1,90.0,None,None,None,None,None,Low Flow,85.0,84.10720412508265,34.8,27.9,1
DM02,Demolition,CAT-349,Sunny,Expert,4,Smart,1850,Medium,1,90.0,None,None,None,None,None,Low Flow,85.0,83.90824304022917,34.6,27.9,1
DM02,Demolition,CAT-349,Sunny,Expert,4,Smart,1850,Medium,1,90.0,None,None,None,None,None,Low Flow,85.0,83.7319652470036,34.2,28.1,1
DM02,Demolition,CAT-349,Sunny,Expert,4,Smart,1850,Medium,1,90.0,None,None,None,None,None,Low Flow,85.0,84.22598371027155,34.3,27.0,1
DM02,Demolition,CAT-349,Sunny,Expert,4,Smart,1850,Medium,1,90.0,None,None,None,None,None,Low Flow,85.0,84.1547885652513,35.0,27.8,1
DM02,Demolition,CAT-349,Sunny,Expert,4,Smart,1850,Medium,1,90.0,None,None,None,None,None,Low Flow,85.0,83.81799926469272,34.7,28.9,1
DM02,Demolition,CAT-349,Sunny,Expert,4,Smart,1850,Medium,1,90.0,None,None,None,None,None,Low Flow,85.0,83.83850895521887,34.6,27.4,1
DM02,Demolition,CAT-349,Sunny,Expert,4,Smart,1850,Medium,1,90.0,None,None,None,None,None,Low Flow,85.0,83.76166784793533,34.7,29.1,1
DM02,Demolition,CAT-349,Sunny,Expert,4,Smart,1850,Medium,1,90.0,None,None,None,None,None,Low Flow,85.0,84.08076981827901,34.6,27.6,1
DM02,Demolition,CAT-349,Sunny,Expert,4,Smart,1850,Medium,1,90.0,None,None,None,None,None,Low Flow,85.0,83.60920229782583,34.8,27.7,1
DM02,Demolition,CAT-349,Sunny,Expert,4,Smart,1850,Medium,1,90.0,None,None,None,None,None,Low Flow,85.0,83.95488002160235,35.2,28.0,1
DM02,Demolition,CAT-349,Sunny,Expert,4,Smart,1850,Medium,1,90.0,None,None,None,None,None,Low Flow,85.0,83.81205223747621,34.6,28.7,1
DM02,Demolition,CAT-349,Sunny,Expert,4,Smart,1850,Medium,1,90.0,None,None,None,None,None,Low Flow,85.0,84.02831760263444,34.5,28.5,1
DM02,Demolition,CAT-349,Sunny,Expert,4,Smart,1850,Medium,1,90.0,None,None,None,None,None,Low Flow,85.0,83.83296397861525,35.0,28.7,1
DM02,Demolition,CAT-349,Sunny,Expert,4,Smart,1850,Medium,1,90.0,None,None,None,None,None,Low Flow,85.0,83.8881695260853,34.9,27.9,1
DM02,Demolition,CAT-349,Sunny,Expert,4,Smart,1850,Medium,1,90.0,None,None,None,None,None,Low Flow,85.0,84.21319341878055,34.8,27.1,1
DM02,Demolition,CAT-349,Sunny,Expert,4,Smart,1850,Medium,1,90.0,None,None,None,None,None,Low Flow,85.0,83.83911254192063,34.8,27.5,1
DM02,Demolition,CAT-349,Sunny,Expert,4,Smart,1850,Medium,1,90.0,None,None,None,None,None,Low Flow,85.0,83.8990878841895,34.5,28.1,1
DM02,Demolition,CAT-349,Sunny,Expert,4,Smart,1850,Medium,1,90.0,None,None,None,None,None,Low Flow,85.0,84.51563122981078,34.5,27.8,1
DM02,Demolition,CAT-349,Sunny,Expert,4,Smart,1850,Medium,1,90.0,None,None,None,None,None,Low Flow,85.0,84.35305513885386,34.7,28.2,1
DM02,Demolition,CAT-349,Sunny,Expert,4,Smart,1850,Medium,1,90.0,None,None,None,None,None,Low Flow,85.0,83.73440161796329,34.7,27.7,1
DM02,Demolition,CAT-349,Sunny,Expert,4,Smart,1850,Medium,1,90.0,None,None,None,None,None,Low Flow,85.0,84.24643249891997,34.9,29.9,1
DM03,Demolition,CAT-349,Windy,Intermediate,7,Smart,1750,Fine,1,90.0,None,None,None,None,None,Medium Flow,75.0,125.14490829330339,34.7,37.6,1
DM03,Demolition,CAT-349,Windy,Intermediate,7,Smart,1750,Fine,1,90.0,None,None,None,None,None,Medium Flow,75.0,124.91170842679733,34.7,37.2,1
DM03,Demolition,CAT-349,Windy,Intermediate,7,Smart,1750,Fine,1,90.0,None,None,None,None,None,Medium Flow,75.0,125.0421152440674,34.9,36.6,1
DM03,Demolition,CAT-349,Windy,Intermediate,7,Smart,1750,Fine,1,90.0,None,None,None,None,None,Medium Flow,75.0,125.28496964028226,34.9,37.3,1
DM03,Demolition,CAT-349,Windy,Intermediate,7,Smart,1750,Fine,1,90.0,None,None,None,None,None,Medium Flow,75.0,124.46953627524785,34.6,38.4,1
DM03,Demolition,CAT-349,Windy,Intermediate,7,Smart,1750,Fine,1,90.0,None,None,None,None,None,Medium Flow,75.0,124.99428298442528,34.5,37.0,1
DM03,Demolition,CAT-349,Windy,Intermediate,7,Smart,1750,Fine,1,90.0,None,None,None,None,None,Medium Flow,75.0,125.21015500662614,34.8,37.2,1
DM03,Demolition,CAT-349,Windy,Intermediate,7,Smart,1750,Fine,1,90.0,None,None,None,None,None,Medium Flow,75.0,124.90829389704633,34.6,36.7,1
DM03,Demolition,CAT-349,Windy,Intermediate,7,Smart,1750,Fine,1,90.0,None,None,None,None,None,Medium Flow,75.0,125.40384392236736,34.6,38.4,1
DM03,Demolition,CAT-349,Windy,Intermediate,7,Smart,1750,Fine,1,90.0,None,None,None,None,None,Medium Flow,75.0,125.38032901298061,34.8,37.1,1
DM03,Demolition,CAT-349,Windy,Intermediate,7,Smart,1750,Fine,1,90.0,None,None,None,None,None,Medium Flow,75.0,125.10093252258416,34.7,36.7,1
DM03,Demolition,CAT-349,Windy,Intermediate,7,Smart,1750,Fine,1,90.0,None,None,None,None,None,Medium Flow,75.0,125.0810898204304,34.5,38.4,1
DM03,Demolition,CAT-349,Windy,Intermediate,7,Smart,1750,Fine,1,90.0,None,None,None,None,None,Medium Flow,75.0,124.8838456756754,34.7,37.6,1
DM03,Demolition,CAT-349,Windy,Intermediate,7,Smart,1750,Fine,1,90.0,None,None,None,None,None,Medium Flow,75.0,124.93527375657398,34.8,37.0,1
DM03,Demolition,CAT-349,Windy,Intermediate,7,Smart,1750,Fine,1,90.0,None,None,None,None,None,Medium Flow,75.0,125.21782432436432,34.5,37.5,1
DM03,Demolition,CAT-349,Windy,Intermediate,7,Smart,1750,Fine,1,90.0,None,None,None,None,None,Medium Flow,75.0,125.48473224976458,34.5,36.9,1
DM03,Demolition,CAT-349,Windy,Intermediate,7,Smart,1750,Fine,1,90.0,None,None,None,None,None,Medium Flow,75.0,125.12847696241472,34.7,37.7,1
DM03,Demolition,CAT-349,Windy,Intermediate,7,Smart,1750,Fine,1,90.0,None,None,None,None,None,Medium Flow,75.0,125.12229678253692,34.8,38.3,1
DM03,Demolition,CAT-349,Windy,Intermediate,7,Smart,1750,Fine,1,90.0,None,None,None,None,None,Medium Flow,75.0,125.10245466423213,34.6,37.9,1
DM03,Demolition,CAT-349,Windy,Intermediate,7,Smart,1750,Fine,1,90.0,None,None,None,None,None,Medium Flow,75.0,125.47497048372381,34.7,36.6,1
DM03,Demolition,CAT-349,Windy,Intermediate,7,Smart,1750,Fine,1,90.0,None,None,None,None,None,Medium Flow,75.0,125.27677016732174,34.7,35.7,1
DM03,Demolition,CAT-349,Windy,Intermediate,7,Smart,1750,Fine,1,90.0,None,None,None,None,None,Medium Flow,75.0,125.2118554192876,34.6,37.3,1
DM03,Demolition,CAT-349,Windy,Intermediate,7,Smart,1750,Fine,1,90.0,None,None,None,None,None,Medium Flow,75.0,125.08299508264226,34.7,38.0,1
DM03,Demolition,CAT-349,Windy,Intermediate,7,Smart,1750,Fine,1,90.0,None,None,None,None,None,Medium Flow,75.0,124.89112840735754,34.8,37.2,1
DM03,Demolition,CAT-349,Windy,Intermediate,7,Smart,1750,Fine,1,90.0,None,None,None,None,None,Medium Flow,75.0,125.18470262022187,34.8,36.7,1
DM04,Demolition,CAT-349,Rainy,Intermediate,5,Smart,1800,Medium,1,90.0,None,None,None,None,None,Medium Flow,85.0,76.27149552904376,34.6,31.6,1
DM04,Demolition,CAT-349,Rainy,Intermediate,5,Smart,1800,Medium,1,90.0,None,None,None,None,None,Medium Flow,85.0,76.09182182835033,35.0,30.8,1
DM04,Demolition,CAT-349,Rainy,Intermediate,5,Smart,1800,Medium,1,90.0,None,None,None,None,None,Medium Flow,85.0,75.91267080097045,34.7,30.8,1
DM04,Demolition,CAT-349,Rainy,Intermediate,5,Smart,1800,Medium,1,90.0,None,None,None,None,None,Medium Flow,85.0,76.19998547548552,34.4,30.2,1
DM04,Demolition,CAT-349,Rainy,Intermediate,5,Smart,1800,Medium,1,90.0,None,None,None,None,None,Medium Flow,85.0,75.7330492696052,34.8,32.4,1
DM04,Demolition,CAT-349,Rainy,Intermediate,5,Smart,1800,Medium,1,90.0,None,None,None,None,None,Medium Flow,85.0,75.97388769536563,34.7,31.1,1
DM04,Demolition,CAT-349,Rainy,Intermediate,5,Smart,1800,Medium,1,90.0,None,None,None,None,None,Medium Flow,85.0,76.29046957565205,34.5,31.2,1
DM04,Demolition,CAT-349,Rainy,Intermediate,5,Smart,1800,Medium,1,90.0,None,None,None,None,None,Medium Flow,85.0,76.24379940744561,34.8,31.2,1
DM04,Demolition,CAT-349,Rainy,Intermediate,5,Smart,1800,Medium,1,90.0,None,None,None,None,None,Medium Flow,85.0,76.25026152314179,34.3,31.5,1
DM04,Demolition,CAT-349,Rainy,Intermediate,5,Smart,1800,Medium,1,90.0,None,None,None,None,None,Medium Flow,85.0,75.83648107921815,34.4,31.4,1
DM04,Demolition,CAT-349,Rainy,Intermediate,5,Smart,1800,Medium,1,90.0,None,None,None,None,None,Medium Flow,85.0,76.34341463629075,34.7,31.8,1
DM04,Demolition,CAT-349,Rainy,Intermediate,5,Smart,1800,Medium,1,90.0,None,None,None,None,None,Medium Flow,85.0,76.40306956449716,34.9,32.3,1
DM04,Demolition,CAT-349,Rainy,Intermediate,5,Smart,1800,Medium,1,90.0,None,None,None,None,None,Medium Flow,85.0,76.18553187276797,34.7,29.7,1
DM04,Demolition,CAT-349,Rainy,Intermediate,5,Smart,1800,Medium,1,90.0,None,None,None,None,None,Medium Flow,85.0,75.93848437796751,34.6,32.7,1
DM04,Demolition,CAT-349,Rainy,Intermediate,5,Smart,1800,Medium,1,90.0,None,None,None,None,None,Medium Flow,85.0,75.95602854689191,34.7,31.4,1
DM04,Demolition,CAT-349,Rainy,Intermediate,5,Smart,1800,Medium,1,90.0,None,None,None,None,None,Medium Flow,85.0,76.01090061159312,34.9,30.5,1
DM04,Demolition,CAT-349,Rainy,Intermediate,5,Smart,1800,Medium,1,90.0,None,None,None,None,None,Medium Flow,85.0,76.04865186380931,34.6,29.9,1
DM04,Demolition,CAT-349,Rainy,Intermediate,5,Smart,1800,Medium,1,90.0,None,None,None,None,None,Medium Flow,85.0,75.84705772727368,34.7,30.7,1
DM04,Demolition,CAT-349,Rainy,Intermediate,5,Smart,1800,Medium,1,90.0,None,None,None,None,None,Medium Flow,85.0,75.82689475503153,34.5,30.9,1
DM04,Demolition,CAT-349,Rainy,Intermediate,5,Smart,1800,Medium,1,90.0,None,None,None,None,None,Medium Flow,85.0,75.62381990649224,34.8,31.1,1
DM04,Demolition,CAT-349,Rainy,Intermediate,5,Smart,1800,Medium,1,90.0,None,None,None,None,None,Medium Flow,85.0,75.63561212513376,34.6,30.4,1
DM04,Demolition,CAT-349,Rainy,Intermediate,5,Smart,1800,Medium,1,90.0,None,None,None,None,None,Medium Flow,85.0,76.0797936276048,34.9,29.5,1
DM04,Demolition,CAT-349,Rainy,Intermediate,5,Smart,1800,Medium,1,90.0,None,None,None,None,None,Medium Flow,85.0,76.02875651978685,34.7,31.5,1
DM04,Demolition,CAT-349,Rainy,Intermediate,5,Smart,1800,Medium,1,90.0,None,None,None,None,None,Medium Flow,85.0,76.05329915705943,34.6,30.7,1
DM04,Demolition,CAT-349,Rainy,Intermediate,5,Smart,1800,Medium,1,90.0,None,None,None,None,None,Medium Flow,85.0,75.80099353579912,34.8,31.0,1
DM05,Demolition,CAT-349,Windy,Expert,8,Smart,1700,Medium,1,90.0,None,None,None,None,None,Medium Flow,75.0,115.47529767143826,34.7,40.0,1
DM05,Demolition,CAT-349,Windy,Expert,8,Smart,1700,Medium,1,90.0,None,None,None,None,None,Medium Flow,75.0,114.6215714018468,34.4,39.3,1
DM05,Demolition,CAT-349,Windy,Expert,8,Smart,1700,Medium,1,90.0,None,None,None,None,None,Medium Flow,75.0,115.06678166275287,34.8,39.3,1
DM05,Demolition,CAT-349,Windy,Expert,8,Smart,1700,Medium,1,90.0,None,None,None,None,None,Medium Flow,75.0,115.22375957851902,34.6,40.7,1
DM05,Demolition,CAT-349,Windy,Expert,8,Smart,1700,Medium,1,90.0,None,None,None,None,None,Medium Flow,75.0,115.40305515706386,34.8,40.4,1
DM05,Demolition,CAT-349,Windy,Expert,8,Smart,1700,Medium,1,90.0,None,None,None,None,None,Medium Flow,75.0,114.77720194364618,34.4,40.0,1
DM05,Demolition,CAT-349,Windy,Expert,8,Smart,1700,Medium,1,90.0,None,None,None,None,None,Medium Flow,75.0,114.94721744029307,34.5,40.5,1
DM05,Demolition,CAT-349,Windy,Expert,8,Smart,1700,Medium,1,90.0,None,None,None,None,None,Medium Flow,75.0,115.01921297073969,34.6,40.1,1
DM05,Demolition,CAT-349,Windy,Expert,8,Smart,1700,Medium,1,90.0,None,None,None,None,None,Medium Flow,75.0,115.04216366799169,34.7,39.7,1
DM05,Demolition,CAT-349,Windy,Expert,8,Smart,1700,Medium,1,90.0,None,None,None,None,None,Medium Flow,75.0,115.35273309493657,34.7,40.6,1
DM05,Demolition,CAT-349,Windy,Expert,8,Smart,1700,Medium,1,90.0,None,None,None,None,None,Medium Flow,75.0,115.17705360581414,34.7,41.4,1
DM05,Demolition,CAT-349,Windy,Expert,8,Smart,1700,Medium,1,90.0,None,None,None,None,None,Medium Flow,75.0,115.07178104130045,34.6,40.9,1
DM05,Demolition,CAT-349,Windy,Expert,8,Smart,1700,Medium,1,90.0,None,None,None,None,None,Medium Flow,75.0,114.71406844816984,34.7,40.6,1
DM05,Demolition,CAT-349,Windy,Expert,8,Smart,1700,Medium,1,90.0,None,None,None,None,None,Medium Flow,75.0,114.94797078568186,34.7,39.1,1
DM05,Demolition,CAT-349,Windy,Expert,8,Smart,1700,Medium,1,90.0,None,None,None,None,None,Medium Flow,75.0,114.86281877306476,34.7,40.7,1
DM05,Demolition,CAT-349,Windy,Expert,8,Smart,1700,Medium,1,90.0,None,None,None,None,None,Medium Flow,75.0,114.74308121476851,34.9,39.9,1
DM05,Demolition,CAT-349,Windy,Expert,8,Smart,1700,Medium,1,90.0,None,None,None,None,None,Medium Flow,75.0,115.24236430013168,34.7,40.1,1
DM05,Demolition,CAT-349,Windy,Expert,8,Smart,1700,Medium,1,90.0,None,None,None,None,None,Medium Flow,75.0,115.44382772315238,34.5,41.3,1
DM05,Demolition,CAT-349,Windy,Expert,8,Smart,1700,Medium,1,90.0,None,None,None,None,None,Medium Flow,75.0,115.25014557951074,34.6,41.7,1
DM05,Demolition,CAT-349,Windy,Expert,8,Smart,1700,Medium,1,90.0,None,None,None,None,None,Medium Flow,75.0,114.93748837135026,34.7,40.8,1
DM05,Demolition,CAT-349,Windy,Expert,8,Smart,1700,Medium,1,90.0,None,None,None,None,None,Medium Flow,75.0,114.96642281463237,34.8,41.2,1
DM05,Demolition,CAT-349,Windy,Expert,8,Smart,1700,Medium,1,90.0,None,None,None,None,None,Medium Flow,75.0,114.56286700669045,34.9,39.3,1
DM05,Demolition,CAT-349,Windy,Expert,8,Smart,1700,Medium,1,90.0,None,None,None,None,None,Medium Flow,75.0,115.25813655108541,34.8,39.7,1
DM05,Demolition,CAT-349,Windy,Expert,8,Smart,1700,Medium,1,90.0,None,None,None,None,None,Medium Flow,75.0,114.89729642801136,34.5,40.4,1
DM05,Demolition,CAT-349,Windy,Expert,8,Smart,1700,Medium,1,90.0,None,None,None,None,None,Medium Flow,75.0,114.92299142895357,34.8,41.6,1
T005,Demolition,CAT-349,Windy,Intermediate,6,Power,1606,Medium,0,90.0,None,None,None,None,None,Low Flow,67.5,138.8,44.0,58.0,0
DM04,Demolition,CAT-349,Rainy,Intermediate,5,Power,1909,Quick,0,90.0,None,None,None,None,None,Medium Flow,86.2,79.8,56.7,49.8,0
EX02,Earth Excavation,CAT-320,Sunny,Intermediate,4,Eco,1750,Fine,1,58.4,Swing Priority,None,None,None,None,None,85.0,116.3,15.1,17.0,0
GR03,Grading,CAT-140,Rainy,Intermediate,6,Power,1604,Quick,1,90.0,None,None,None,Spread 25°,2nd Gear,None,85.0,85.3,23.0,40.7,0
GR04,Grading,CAT-140,Cloudy,Intermediate,7,Eco,1218,Fine,1,90.0,None,None,None,Normal 35°,2nd Gear,None,85.0,84.1,9.7,29.4,0
EX05,Earth Excavation,CAT-320,Windy,Expert,6,Smart,1431,Fine,0,104.0,Swing Priority,None,None,None,None,None,85.0,140.2,14.1,46.4,0
LD02,Material Loading,CAT-950M,Cloudy,Expert,1,Smart,2087,Quick,0,67.3,None,None,80% Gravel,None,None,None,85.0,27.6,25.4,37.4,0
EX03,Earth Excavation,CAT-320,Rainy,Intermediate,3,Power,1508,Quick,1,70.4,Balanced,None,None,None,None,None,85.0,61.7,18.9,33.6,0
GR04,Grading,CAT-140,Cloudy,Intermediate,7,Eco,1809,Fine,1,90.0,None,None,None,Normal 35°,1st Gear,None,85.0,86.9,17.7,29.0,0
TR03,Trenching,CAT-420,Windy,Intermediate,5,Power,1502,Medium,0,64.3,None,Standard,None,None,None,None,85.0,84.3,10.5,45.6,0
TR02,Trenching,CAT-420,Sunny,Expert,2,Power,1547,Quick,1,81.9,None,Locked Down,None,None,None,None,85.0,39.6,10.7,26.7,0
T005,Demolition,CAT-349,Windy,Intermediate,6,Power,1863,Fine,0,90.0,None,None,None,None,None,Medium Flow,82.1,146.0,55.8,62.3,0
TR04,Trenching,CAT-420,Rainy,Beginner,6,Eco,1401,Fine,1,71.7,None,Standard,None,None,None,None,85.0,70.5,6.3,37.3,0
TR04,Trenching,CAT-420,Rainy,Intermediate,6,Power,1743,Quick,0,62.5,None,Locked Down,None,None,None,None,85.0,90.8,14.1,62.6,0
T004,Grading,CAT-140,Sunny,Expert,5,Power,1835,Medium,0,90.0,None,None,None,Spread 25°,1st Gear,None,85.0,53.5,27.8,45.1,0
DM04,Demolition,CAT-349,Rainy,Intermediate,5,Smart,2149,Quick,1,90.0,None,None,None,None,None,High Flow,70.2,80.8,53.2,59.8,0
LD03,Material Loading,CAT-950M,Rainy,Intermediate,5,Eco,1770,Quick,1,72.5,None,None,60% Mud,None,None,None,85.0,44.5,16.9,19.7,0
EX04,Earth Excavation,CAT-320,Cloudy,Beginner,1,Eco,1809,Quick,1,73.2,Swing Priority,None,None,None,None,None,85.0,48.0,16.3,7.8,0
LD03,Material Loading,CAT-950M,Rainy,Intermediate,5,Smart,2084,Quick,0,74.5,None,None,100% Max,None,None,None,85.0,57.8,30.3,69.4,0
T001,Earth Excavation,CAT-320,Sunny,Expert,2,Eco,1658,Quick,1,107.4,Balanced,None,None,None,None,None,85.0,74.1,13.6,17.8,0
DM05,Demolition,CAT-349,Windy,Expert,8,Eco,2062,Medium,1,90.0,None,None,None,None,None,Medium Flow,96.3,127.1,42.7,71.9,0
T001,Earth Excavation,CAT-320,Cloudy,Expert,3,Eco,1701,Quick,0,105.6,Boom Power,None,None,None,None,None,85.0,90.2,14.3,29.8,0
GR02,Grading,CAT-140,Sunny,Expert,2,Eco,1754,Medium,1,90.0,None,None,None,Deep Cut 45°,3rd Gear,None,85.0,66.9,15.7,25.1,0
T001,Earth Excavation,CAT-320,Sunny,Expert,2,Smart,1486,Fine,0,98.3,Balanced,None,None,None,None,None,85.0,84.7,14.0,22.4,0
TR05,Trenching,CAT-420,Sunny,Beginner,3,Eco,1214,Quick,1,90.6,None,Soft Ground,None,None,None,None,85.0,64.4,5.0,14.4,0
DM04,Demolition,CAT-349,Rainy,Intermediate,5,Eco,1428,Quick,1,90.0,None,None,None,None,None,Low Flow,91.4,108.4,23.9,31.2,0
DM02,Demolition,CAT-349,Sunny,Expert,4,Power,1852,Fine,0,90.0,None,None,None,None,None,High Flow,68.1,117.7,53.3,52.1,0
LD04,Material Loading,CAT-950M,Rainy,Intermediate,5,Power,1626,Quick,0,74.4,None,None,100% Max,None,None,None,85.0,53.0,26.3,63.6,0
LD05,Material Loading,CAT-950M,Sunny,Expert,1,Eco,2058,Fine,0,54.3,None,None,100% Max,None,None,None,85.0,38.9,20.4,29.5,0
GR03,Grading,CAT-140,Rainy,Intermediate,6,Eco,1439,Fine,0,90.0,None,None,None,Deep Cut 45°,1st Gear,None,85.0,79.8,12.2,31.8,0
TR03,Trenching,CAT-420,Cloudy,Intermediate,5,Eco,1250,Medium,0,54.0,None,Soft Ground,None,None,None,None,85.0,102.3,4.7,26.6,0
TR04,Trenching,CAT-420,Rainy,Intermediate,6,Eco,1432,Quick,0,65.5,None,Locked Down,None,None,None,None,85.0,93.3,6.4,44.7,0
GR04,Grading,CAT-140,Cloudy,Intermediate,7,Smart,1380,Medium,0,90.0,None,None,None,Spread 25°,3rd Gear,None,85.0,91.1,14.5,40.5,0
LD04,Material Loading,CAT-950M,Windy,Intermediate,4,Smart,1782,Medium,1,71.5,None,None,60% Mud,None,None,None,85.0,38.4,21.1,23.0,0
DM02,Demolition,CAT-349,Sunny,Expert,4,Power,1704,Fine,0,90.0,None,None,None,None,None,High Flow,85.5,124.3,47.1,52.2,0
T003,Material Loading,CAT-950M,Sunny,Beginner,4,Eco,1846,Quick,1,64.5,None,None,80% Gravel,None,None,None,85.0,49.0,18.2,17.3,0
T002,Trenching,CAT-420,Rainy,Intermediate,4,Eco,1720,Fine,1,57.9,None,Locked Down,None,None,None,None,85.0,61.6,8.1,32.1,0
EX04,Earth Excavation,CAT-320,Cloudy,Beginner,1,Power,1597,Fine,1,67.1,Swing Priority,None,None,None,None,None,85.0,50.7,19.6,23.7,0
T002,Trenching,CAT-420,Rainy,Intermediate,4,Smart,1476,Fine,1,88.9,None,Soft Ground,None,None,None,None,85.0,56.4,7.8,24.4,0
T002,Trenching,CAT-420,Rainy,Intermediate,4,Smart,1301,Medium,1,69.8,None,Standard,None,None,None,None,85.0,71.4,6.5,38.2,0
TR05,Trenching,CAT-420,Sunny,Beginner,3,Power,2091,Quick,1,73.9,None,Standard,None,None,None,None,85.0,49.9,17.1,50.1,0
EX05,Earth Excavation,CAT-320,Windy,Expert,6,Eco,1971,Fine,1,55.4,Boom Power,None,None,None,None,None,85.0,127.9,19.4,34.8,0
EX02,Earth Excavation,CAT-320,Sunny,Expert,1,Smart,1763,Quick,1,50.3,Boom Power,None,None,None,None,None,85.0,76.4,18.3,11.5,0
T002,Trenching,CAT-420,Rainy,Intermediate,4,Power,1866,Fine,1,103.1,None,Soft Ground,None,None,None,None,85.0,52.6,15.0,36.4,0
GR05,Grading,CAT-140,Windy,Beginner,3,Eco,1715,Medium,0,90.0,None,None,None,Deep Cut 45°,1st Gear,None,85.0,41.6,15.5,20.0,0
GR04,Grading,CAT-140,Cloudy,Intermediate,7,Power,1965,Fine,1,90.0,None,None,None,Deep Cut 45°,3rd Gear,None,85.0,88.6,31.4,52.2,0
GR02,Grading,CAT-140,Sunny,Expert,2,Smart,1494,Fine,1,90.0,None,None,None,Normal 35°,1st Gear,None,85.0,44.3,15.1,15.8,0
TR04,Trenching,CAT-420,Rainy,Intermediate,6,Power,1967,Quick,0,72.9,None,Standard,None,None,None,None,85.0,97.0,16.4,72.3,0
DM05,Demolition,CAT-349,Sunny,Expert,8,Power,1725,Fine,0,90.0,None,None,None,None,None,Low Flow,95.8,159.5,51.1,92.5,0
GR02,Grading,CAT-140,Sunny,Expert,2,Smart,1686,Fine,1,90.0,None,None,None,Normal 35°,2nd Gear,None,85.0,47.0,18.1,17.5,0
T002,Trenching,CAT-420,Rainy,Intermediate,4,Power,1515,Quick,0,85.5,None,Locked Down,None,None,None,None,85.0,80.9,11.2,55.1,0
GR02,Grading,CAT-140,Sunny,Expert,2,Power,1359,Medium,1,90.0,None,None,None,Spread 25°,1st Gear,None,85.0,54.7,17.0,27.3,0
TR04,Trenching,CAT-420,Rainy,Intermediate,6,Eco,1311,Quick,1,78.4,None,Standard,None,None,None,None,85.0,84.7,5.9,37.4,0
TR05,Trenching,CAT-420,Sunny,Beginner,3,Power,1214,Medium,0,70.9,None,Locked Down,None,None,None,None,85.0,53.8,7.3,35.4,0
TR04,Trenching,CAT-420,Rainy,Intermediate,6,Smart,1730,Fine,0,82.7,None,Standard,None,None,None,None,85.0,81.2,10.5,50.7,0
TR04,Trenching,CAT-420,Rainy,Intermediate,6,Smart,2163,Fine,1,78.5,None,Standard,None,None,None,None,85.0,79.8,15.1,67.8,0
T002,Trenching,CAT-420,Windy,Beginner,1,Eco,1721,Quick,1,103.7,None,Locked Down,None,None,None,None,85.0,67.4,8.2,7.2,0
EX02,Earth Excavation,CAT-320,Rainy,Beginner,7,Eco,1296,Medium,0,65.9,Swing Priority,None,None,None,None,None,85.0,160.3,10.6,33.0,0
LD02,Material Loading,CAT-950M,Sunny,Expert,2,Eco,1301,Quick,0,68.0,None,None,100% Max,None,None,None,85.0,35.8,10.4,17.1,0
LD04,Material Loading,CAT-950M,Rainy,Beginner,4,Eco,1977,Medium,0,51.4,None,None,100% Max,None,None,None,85.0,61.1,22.5,51.0,0
T003,Material Loading,CAT-950M,Windy,Intermediate,4,Eco,1618,Quick,0,68.2,None,None,60% Mud,None,None,None,85.0,67.2,14.8,22.0,0
T004,Grading,CAT-140,Sunny,Expert,5,Smart,1797,Medium,0,90.0,None,None,None,Spread 25°,1st Gear,None,85.0,49.3,20.9,34.1,0
T001,Earth Excavation,CAT-320,Sunny,Expert,2,Smart,1260,Medium,0,71.9,Swing Priority,None,None,None,None,None,85.0,101.8,10.9,22.3,0
DM05,Demolition,CAT-349,Windy,Expert,8,Power,1426,Quick,0,90.0,None,None,None,None,None,High Flow,86.8,152.2,38.7,66.4,0
T003,Material Loading,CAT-950M,Sunny,Beginner,5,Power,1808,Medium,0,73.3,None,None,100% Max,None,None,None,85.0,51.6,27.4,46.5,0
LD04,Material Loading,CAT-950M,Windy,Intermediate,4,Smart,1576,Medium,1,105.0,None,None,100% Max,None,None,None,85.0,40.9,16.9,23.4,0
EX04,Earth Excavation,CAT-320,Cloudy,Beginner,1,Power,1249,Fine,0,58.8,Boom Power,None,None,None,None,None,85.0,68.8,13.5,31.3,0
LD04,Material Loading,CAT-950M,Windy,Intermediate,4,Power,2066,Quick,1,81.8,None,None,100% Max,None,None,None,85.0,35.0,32.9,50.2,0
DM04,Demolition,CAT-349,Rainy,Intermediate,5,Smart,1547,Medium,0,90.0,None,None,None,None,None,High Flow,93.2,106.1,33.2,48.3,0
T003,Material Loading,CAT-950M,Cloudy,Beginner,3,Power,1646,Fine,1,52.6,None,None,80% Gravel,None,None,None,85.0,47.6,23.1,32.0,0
GR02,Grading,CAT-140,Sunny,Expert,2,Smart,1393,Medium,1,90.0,None,None,None,Normal 35°,3rd Gear,None,85.0,64.9,13.2,32.6,0
EX05,Earth Excavation,CAT-320,Windy,Expert,6,Power,1549,Medium,1,85.6,Swing Priority,None,None,None,None,None,85.0,94.6,20.3,42.5,0
GR05,Grading,CAT-140,Windy,Beginner,3,Smart,1805,Quick,1,90.0,None,None,None,Normal 35°,2nd Gear,None,85.0,43.6,20.5,18.0,0
TR02,Trenching,CAT-420,Sunny,Expert,2,Power,1918,Quick,1,63.6,None,Standard,None,None,None,None,85.0,42.8,15.2,33.3,0
LD05,Material Loading,CAT-950M,Sunny,Expert,1,Eco,1917,Quick,1,79.9,None,None,100% Max,None,None,None,85.0,29.6,18.5,11.2,0
T002,Trenching,CAT-420,Rainy,Intermediate,4,Smart,1428,Quick,1,84.9,None,Locked Down,None,None,None,None,85.0,76.6,7.4,37.6,0
T003,Material Loading,CAT-950M,Cloudy,Beginner,3,Eco,1376,Quick,0,75.7,None,None,60% Mud,None,None,None,85.0,65.6,11.5,19.9,0
EX05,Earth Excavation,CAT-320,Windy,Expert,6,Eco,1729,Medium,1,57.1,Swing Priority,None,None,None,None,None,85.0,121.4,15.0,22.4,0
LD05,Material Loading,CAT-950M,Sunny,Expert,1,Power,1903,Quick,0,105.1,None,None,100% Max,None,None,None,85.0,28.1,28.3,36.1,0
LD03,Material Loading,CAT-950M,Rainy,Intermediate,5,Eco,1585,Fine,1,97.3,None,None,60% Mud,None,None,None,85.0,54.0,14.1,22.2,0
DM05,Demolition,CAT-349,Sunny,Beginner,7,Eco,1516,Quick,1,90.0,None,None,None,None,None,Low Flow,71.7,149.6,26.0,37.5,0
GR03,Grading,CAT-140,Rainy,Intermediate,6,Eco,1231,Medium,0,90.0,None,None,None,Normal 35°,3rd Gear,None,85.0,102.3,10.0,31.1,0
GR02,Grading,CAT-140,Cloudy,Expert,8,Power,1549,Quick,1,90.0,None,None,None,Deep Cut 45°,2nd Gear,None,85.0,71.0,22.5,52.2,0
T002,Trenching,CAT-420,Windy,Intermediate,8,Eco,1958,Quick,0,65.5,None,Locked Down,None,None,None,None,85.0,94.7,10.6,47.6,0
T004,Grading,CAT-140,Sunny,Expert,5,Smart,1581,Medium,0,90.0,None,None,None,Normal 35°,1st Gear,None,85.0,43.2,16.9,33.5,0
TR04,Trenching,CAT-420,Rainy,Intermediate,6,Power,1791,Fine,0,60.2,None,Soft Ground,None,None,None,None,85.0,69.0,14.0,45.9,0
LD03,Material Loading,CAT-950M,Rainy,Intermediate,5,Power,1948,Fine,0,100.1,None,None,80% Gravel,None,None,None,85.0,58.6,31.4,51.4,0
T003,Material Loading,CAT-950M,Cloudy,Beginner,3,Smart,1916,Fine,0,89.3,None,None,80% Gravel,None,None,None,85.0,52.4,23.2,30.7,0
LD03,Material Loading,CAT-950M,Sunny,Intermediate,7,Eco,1402,Medium,0,95.9,None,None,80% Gravel,None,None,None,85.0,62.4,12.3,34.5,0
LD04,Material Loading,CAT-950M,Windy,Intermediate,4,Power,2078,Quick,1,63.6,None,None,60% Mud,None,None,None,85.0,34.2,33.4,52.5,0
T004,Grading,CAT-140,Sunny,Expert,5,Smart,1793,Medium,0,90.0,None,None,None,Normal 35°,3rd Gear,None,85.0,57.3,20.8,50.9,0
DM02,Demolition,CAT-349,Rainy,Beginner,8,Power,1572,Quick,0,90.0,None,None,None,None,None,Medium Flow,76.4,135.0,44.4,65.4,0
GR04,Grading,CAT-140,Cloudy,Intermediate,7,Eco,1921,Fine,1,90.0,None,None,None,Spread 25°,2nd Gear,None,85.0,86.6,19.3,34.4,0
T002,Trenching,CAT-420,Rainy,Intermediate,4,Smart,1790,Medium,0,86.4,None,Standard,None,None,None,None,85.0,75.0,10.6,43.0,0
T003,Material Loading,CAT-950M,Windy,Intermediate,5,Smart,1924,Fine,1,85.0,None,None,100% Max,None,None,None,85.0,55.9,24.1,30.1,0
GR03,Grading,CAT-140,Rainy,Intermediate,6,Smart,1437,Fine,1,90.0,None,None,None,Deep Cut 45°,1st Gear,None,85.0,62.1,15.4,30.0,0
DM05,Demolition,CAT-349,Windy,Expert,8,Eco,1758,Fine,1,90.0,None,None,None,None,None,High Flow,77.9,165.7,33.8,42.2,0
EX05,Earth Excavation,CAT-320,Windy,Expert,6,Smart,1569,Quick,0,105.3,Swing Priority,None,None,None,None,None,85.0,115.4,16.6,44.5,0
LD05,Material Loading,CAT-950M,Sunny,Expert,1,Smart,1945,Fine,1,61.7,None,None,100% Max,None,None,None,85.0,30.8,22.5,18.0,0
DM03,Demolition,CAT-349,Windy,Intermediate,7,Eco,2180,Medium,0,90.0,None,None,None,None,None,Low Flow,95.0,181.8,45.9,95.5,0
TR05,Trenching,CAT-420,Sunny,Beginner,3,Smart,1696,Medium,1,70.9,None,Soft Ground,None,None,None,None,85.0,43.3,10.0,18.9,0
EX03,Earth Excavation,CAT-320,Rainy,Intermediate,3,Power,1787,Fine,0,73.1,Balanced,None,None,None,None,None,85.0,77.8,24.4,39.4,0
DM02,Demolition,CAT-349,Sunny,Expert,4,Eco,2035,Quick,1,90.0,None,None,None,None,None,Medium Flow,84.1,102.5,40.0,40.6,0
GR03,Grading,CAT-140,Rainy,Intermediate,6,Smart,1890,Fine,1,90.0,None,None,None,Normal 35°,1st Gear,None,85.0,66.0,22.8,30.3,0
LD04,Material Loading,CAT-950M,Sunny,Intermediate,7,Power,1405,Medium,1,101.9,None,None,80% Gravel,None,None,None,85.0,43.0,19.4,44.5,0
T002,Trenching,CAT-420,Cloudy,Intermediate,8,Smart,1490,Quick,1,97.9,None,Standard,None,None,None,None,85.0,75.8,8.9,37.8,0
TR03,Trenching,CAT-420,Sunny,Intermediate,5,Eco,1771,Medium,1,95.8,None,Locked Down,None,None,None,None,85.0,73.7,8.7,20.7,0
LD03,Material Loading,CAT-950M,Rainy,Intermediate,5,Smart,1739,Medium,0,67.3,None,None,60% Mud,None,None,None,85.0,52.3,20.1,31.7,0
LD02,Material Loading,CAT-950M,Cloudy,Expert,5,Power,1886,Medium,1,74.3,None,None,100% Max,None,None,None,85.0,26.0,29.4,39.1,0
TR02,Trenching,CAT-420,Sunny,Expert,2,Power,1885,Medium,1,68.3,None,Soft Ground,None,None,None,None,85.0,38.2,14.3,30.8,0
DM03,Demolition,CAT-349,Windy,Intermediate,7,Power,1904,Medium,1,90.0,None,None,None,None,None,Low Flow,87.1,138.0,58.1,57.9,0
EX03,Earth Excavation,CAT-320,Rainy,Intermediate,3,Smart,1800,Quick,0,56.1,Boom Power,None,None,None,None,None,85.0,74.6,19.0,26.9,0
GR04,Grading,CAT-140,Cloudy,Intermediate,7,Power,1254,Quick,0,90.0,None,None,None,Deep Cut 45°,3rd Gear,None,85.0,122.8,15.6,52.6,0
T003,Material Loading,CAT-950M,Cloudy,Beginner,3,Smart,2076,Medium,0,56.8,None,None,60% Mud,None,None,None,85.0,51.6,25.8,42.3,0
EX04,Earth Excavation,CAT-320,Cloudy,Expert,2,Power,1477,Quick,0,73.9,Swing Priority,None,None,None,None,None,85.0,54.8,17.7,34.2,0
DM04,Demolition,CAT-349,Rainy,Intermediate,5,Power,1734,Quick,1,90.0,None,None,None,None,None,High Flow,74.4,82.7,48.8,48.6,0
GR05,Grading,CAT-140,Windy,Beginner,3,Eco,1261,Fine,0,90.0,None,None,None,Normal 35°,1st Gear,None,85.0,42.5,9.6,20.2,0
TR05,Trenching,CAT-420,Sunny,Beginner,3,Power,1799,Fine,0,84.3,None,Soft Ground,None,None,None,None,85.0,46.0,13.9,39.5,0
GR03,Grading,CAT-140,Rainy,Intermediate,6,Eco,1765,Quick,1,90.0,None,None,None,Normal 35°,1st Gear,None,85.0,84.3,16.4,25.1,0
T001,Earth Excavation,CAT-320,Sunny,Expert,2,Smart,1416,Medium,1,85.9,Swing Priority,None,None,None,None,None,85.0,73.9,13.3,18.0,0
EX02,Earth Excavation,CAT-320,Sunny,Intermediate,4,Smart,1744,Fine,1,74.5,Balanced,None,None,None,None,None,85.0,102.6,18.6,22.7,0
T004,Grading,CAT-140,Sunny,Expert,5,Power,1402,Quick,0,90.0,None,None,None,Spread 25°,3rd Gear,None,85.0,73.4,18.4,62.8,0
TR05,Trenching,CAT-420,Sunny,Beginner,3,Eco,1388,Fine,1,87.0,None,Standard,None,None,None,None,85.0,48.5,5.9,13.3,0
GR05,Grading,CAT-140,Windy,Beginner,3,Power,1274,Fine,1,90.0,None,None,None,Normal 35°,2nd Gear,None,85.0,40.0,15.6,29.6,0
LD05,Material Loading,CAT-950M,Sunny,Expert,1,Power,1647,Medium,0,93.4,None,None,100% Max,None,None,None,85.0,32.1,22.8,31.4,0
EX02,Earth Excavation,CAT-320,Sunny,Intermediate,4,Power,1690,Fine,1,88.3,Swing Priority,None,None,None,None,None,85.0,87.4,22.4,35.4,0
T005,Demolition,CAT-349,Windy,Intermediate,6,Power,1312,Fine,0,90.0,None,None,None,None,None,Low Flow,73.7,173.2,32.6,58.0,0
GR03,Grading,CAT-140,Rainy,Intermediate,6,Eco,1398,Medium,1,90.0,None,None,None,Deep Cut 45°,2nd Gear,None,85.0,79.6,11.7,24.8,0
TR05,Trenching,CAT-420,Sunny,Beginner,3,Smart,1872,Quick,0,54.5,None,Standard,None,None,None,None,85.0,57.2,11.5,28.7,0
EX03,Earth Excavation,CAT-320,Rainy,Intermediate,3,Smart,1946,Quick,1,82.7,Swing Priority,None,None,None,None,None,85.0,56.9,21.3,27.6,0
LD04,Material Loading,CAT-950M,Windy,Intermediate,4,Eco,1717,Quick,0,54.1,None,None,80% Gravel,None,None,None,85.0,47.3,16.4,23.7,0
EX05,Earth Excavation,CAT-320,Windy,Expert,6,Eco,1667,Medium,1,82.3,Boom Power,None,None,None,None,None,85.0,101.0,14.2,24.4,0
TR05,Trenching,CAT-420,Sunny,Beginner,3,Smart,1987,Quick,0,75.0,None,Standard,None,None,None,None,85.0,58.6,12.0,37.4,0
TR04,Trenching,CAT-420,Rainy,Intermediate,6,Smart,1905,Medium,0,73.5,None,Soft Ground,None,None,None,None,85.0,79.5,12.0,40.4,0
LD04,Material Loading,CAT-950M,Cloudy,Beginner,1,Eco,1655,Quick,1,51.3,None,None,100% Max,None,None,None,85.0,41.8,14.7,5.0,0
GR04,Grading,CAT-140,Cloudy,Beginner,1,Smart,1244,Quick,1,90.0,None,None,None,Normal 35°,1st Gear,None,85.0,82.9,11.4,12.8,0
GR04,Grading,CAT-140,Cloudy,Intermediate,7,Smart,1527,Fine,1,90.0,None,None,None,Normal 35°,2nd Gear,None,85.0,66.5,16.5,34.5,0
T003,Material Loading,CAT-950M,Cloudy,Beginner,3,Eco,1427,Medium,1,59.6,None,None,80% Gravel,None,None,None,85.0,56.2,12.2,14.2,0
TR05,Trenching,CAT-420,Sunny,Beginner,3,Smart,1310,Quick,0,65.9,None,Soft Ground,None,None,None,None,85.0,62.6,6.3,25.5,0
T003,Material Loading,CAT-950M,Cloudy,Beginner,3,Eco,1712,Medium,1,82.1,None,None,60% Mud,None,None,None,85.0,52.1,15.5,14.1,0
DM02,Demolition,CAT-349,Windy,Beginner,7,Eco,1577,Quick,0,90.0,None,None,None,None,None,Medium Flow,97.0,151.2,28.0,75.3,0
T005,Demolition,CAT-349,Windy,Intermediate,6,Eco,1618,Fine,0,90.0,None,None,None,None,None,Low Flow,82.7,185.6,28.5,41.2,0
TR05,Trenching,CAT-420,Sunny,Beginner,3,Power,1393,Medium,0,97.2,None,Locked Down,None,None,None,None,85.0,53.1,9.6,39.1,0
GR05,Grading,CAT-140,Rainy,Expert,5,Eco,1887,Quick,1,90.0,None,None,None,Spread 25°,1st Gear,None,85.0,47.4,18.9,21.9,0
LD05,Material Loading,CAT-950M,Rainy,Expert,8,Smart,1838,Quick,1,60.8,None,None,80% Gravel,None,None,None,85.0,36.3,22.9,37.9,0
T004,Grading,CAT-140,Rainy,Expert,8,Eco,1294,Medium,0,90.0,None,None,None,Deep Cut 45°,3rd Gear,None,85.0,74.0,11.2,52.5,0
DM04,Demolition,CAT-349,Sunny,Intermediate,5,Smart,1375,Quick,0,90.0,None,None,None,None,None,Low Flow,65.7,109.8,27.0,42.0,0
TR05,Trenching,CAT-420,Windy,Intermediate,3,Power,1305,Medium,0,62.2,None,Locked Down,None,None,None,None,85.0,58.4,8.6,36.8,0
DM05,Demolition,CAT-349,Windy,Expert,8,Smart,1497,Medium,1,90.0,None,None,None,None,None,High Flow,98.6,137.9,32.6,83.4,0
TR03,Trenching,CAT-420,Cloudy,Intermediate,5,Eco,1615,Medium,0,73.6,None,Locked Down,None,None,None,None,85.0,87.1,7.8,26.5,0
T004,Grading,CAT-140,Windy,Expert,7,Power,1600,Fine,1,90.0,None,None,None,Spread 25°,1st Gear,None,85.0,47.4,23.4,45.2,0
GR02,Grading,CAT-140,Cloudy,Intermediate,2,Eco,1705,Quick,1,90.0,None,None,None,Spread 25°,3rd Gear,None,85.0,73.3,15.2,24.9,0
EX05,Earth Excavation,CAT-320,Windy,Expert,6,Power,1469,Fine,0,58.6,Balanced,None,None,None,None,None,85.0,145.3,18.6,49.8,0
T003,Material Loading,CAT-950M,Cloudy,Beginner,3,Smart,1613,Quick,0,103.7,None,None,80% Gravel,None,None,None,85.0,50.3,17.4,26.1,0
DM02,Demolition,CAT-349,Windy,Expert,6,Power,2013,Medium,1,90.0,None,None,None,None,None,Low Flow,67.4,89.1,63.2,52.6,0
GR05,Grading,CAT-140,Windy,Beginner,3,Power,1702,Quick,1,90.0,None,None,None,Spread 25°,3rd Gear,None,85.0,38.0,24.2,33.0,0
EX03,Earth Excavation,CAT-320,Rainy,Intermediate,3,Eco,1857,Quick,1,100.6,Swing Priority,None,None,None,None,None,85.0,56.0,15.8,13.8,0
LD05,Material Loading,CAT-950M,Sunny,Expert,1,Smart,1933,Fine,0,77.1,None,None,60% Mud,None,None,None,85.0,36.6,22.6,25.5,0
TR05,Trenching,CAT-420,Sunny,Beginner,3,Smart,1275,Fine,0,71.3,None,Standard,None,None,None,None,85.0,51.2,6.3,27.6,0
GR04,Grading,CAT-140,Cloudy,Intermediate,7,Eco,1633,Fine,0,90.0,None,None,None,Deep Cut 45°,2nd Gear,None,85.0,90.9,15.3,35.9,0
GR05,Grading,CAT-140,Windy,Beginner,3,Smart,1546,Quick,0,90.0,None,None,None,Normal 35°,3rd Gear,None,85.0,42.3,15.9,25.7,0
TR04,Trenching,CAT-420,Rainy,Intermediate,6,Power,1550,Fine,1,70.5,None,Standard,None,None,None,None,85.0,63.3,11.2,58.1,0
TR05,Trenching,CAT-420,Sunny,Beginner,3,Eco,1856,Fine,1,89.0,None,Standard,None,None,None,None,85.0,47.2,9.1,16.5,0
GR04,Grading,CAT-140,Cloudy,Intermediate,7,Smart,1204,Quick,0,90.0,None,None,None,Normal 35°,1st Gear,None,85.0,108.5,12.0,39.6,0
LD03,Material Loading,CAT-950M,Sunny,Intermediate,4,Power,1913,Medium,1,85.0,None,None,100% Max,None,None,None,85.0,48.5,33.6,58.6,0
TR05,Trenching,CAT-420,Sunny,Beginner,3,Power,2003,Medium,0,78.5,None,Locked Down,None,None,None,None,85.0,52.2,15.8,51.4,0
DM02,Demolition,CAT-349,Sunny,Intermediate,8,Eco,1452,Quick,1,90.0,None,None,None,None,None,Low Flow,71.8,116.5,25.2,31.6,0
T005,Demolition,CAT-349,Windy,Intermediate,6,Smart,2117,Quick,1,90.0,None,None,None,None,None,High Flow,91.6,100.8,53.1,49.8,0
DM02,Demolition,CAT-349,Sunny,Intermediate,1,Smart,1869,Fine,1,90.0,None,None,None,None,None,High Flow,70.5,101.3,41.3,23.6,0
EX05,Earth Excavation,CAT-320,Windy,Expert,6,Smart,1416,Medium,1,62.1,Swing Priority,None,None,None,None,None,85.0,117.6,13.8,29.6,0
TR02,Trenching,CAT-420,Sunny,Expert,2,Power,2107,Medium,1,77.9,None,Standard,None,None,None,None,85.0,37.8,16.8,48.7,0
T002,Trenching,CAT-420,Rainy,Intermediate,4,Smart,2021,Medium,1,86.3,None,Standard,None,None,None,None,85.0,69.9,13.2,48.2,0
EX04,Earth Excavation,CAT-320,Cloudy,Beginner,1,Eco,1951,Fine,1,88.2,Swing Priority,None,None,None,None,None,85.0,49.0,16.9,12.8,0
DM02,Demolition,CAT-349,Windy,Beginner,6,Smart,1471,Fine,0,90.0,None,None,None,None,None,Low Flow,89.3,139.8,30.2,38.0,0
LD05,Material Loading,CAT-950M,Sunny,Expert,1,Power,1951,Quick,0,96.7,None,None,80% Gravel,None,None,None,85.0,29.7,29.2,39.6,0
T005,Demolition,CAT-349,Sunny,Intermediate,4,Eco,1379,Quick,1,90.0,None,None,None,None,None,High Flow,89.5,129.1,21.4,17.4,0
T003,Material Loading,CAT-950M,Rainy,Expert,2,Smart,1331,Quick,0,90.0,None,None,80% Gravel,None,None,None,85.0,59.5,13.4,22.6,0
EX04,Earth Excavation,CAT-320,Cloudy,Beginner,1,Eco,1910,Medium,1,69.5,Swing Priority,None,None,None,None,None,85.0,51.2,16.8,11.5,0
EX04,Earth Excavation,CAT-320,Cloudy,Beginner,1,Power,1253,Fine,0,55.7,Balanced,None,None,None,None,None,85.0,67.2,14.1,32.2,0
DM02,Demolition,CAT-349,Windy,Intermediate,3,Power,2072,Fine,1,90.0,None,None,None,None,None,High Flow,99.9,105.8,62.4,79.5,0
LD04,Material Loading,CAT-950M,Cloudy,Expert,1,Smart,1926,Fine,1,84.0,None,None,60% Mud,None,None,None,85.0,39.5,22.9,16.5,0
LD02,Material Loading,CAT-950M,Sunny,Expert,2,Power,1485,Medium,1,50.9,None,None,100% Max,None,None,None,85.0,27.1,20.2,28.5,0
LD02,Material Loading,CAT-950M,Sunny,Expert,2,Smart,1750,Fine,1,87.5,None,None,80% Gravel,None,None,None,85.0,30.0,19.9,17.3,0
EX03,Earth Excavation,CAT-320,Rainy,Intermediate,3,Power,1664,Quick,1,109.4,Swing Priority,None,None,None,None,None,85.0,57.3,22.3,38.5,0
EX02,Earth Excavation,CAT-320,Rainy,Expert,3,Eco,1383,Fine,1,85.8,Boom Power,None,None,None,None,None,85.0,119.4,10.7,11.0,0
TR02,Trenching,CAT-420,Sunny,Expert,2,Eco,1411,Medium,1,104.8,None,Locked Down,None,None,None,None,85.0,38.3,6.3,9.3,0
T001,Earth Excavation,CAT-320,Sunny,Expert,2,Eco,1563,Fine,1,90.5,Swing Priority,None,None,None,None,None,85.0,88.3,12.2,11.8,0
EX04,Earth Excavation,CAT-320,Cloudy,Beginner,1,Eco,1953,Fine,0,60.0,Swing Priority,None,None,None,None,None,85.0,64.8,17.3,22.3,0
GR04,Grading,CAT-140,Cloudy,Intermediate,7,Eco,1420,Medium,0,90.0,None,None,None,Deep Cut 45°,2nd Gear,None,85.0,97.2,12.5,33.3,0
GR02,Grading,CAT-140,Sunny,Expert,2,Eco,1679,Medium,1,90.0,None,None,None,Normal 35°,3rd Gear,None,85.0,60.9,14.5,28.4,0
GR04,Grading,CAT-140,Cloudy,Intermediate,7,Power,1869,Fine,1,90.0,None,None,None,Spread 25°,3rd Gear,None,85.0,87.7,29.3,48.5,0
DM02,Demolition,CAT-349,Sunny,Expert,4,Smart,1929,Quick,1,90.0,None,None,None,None,None,Low Flow,94.3,81.0,45.6,36.9,0
T004,Grading,CAT-140,Windy,Intermediate,2,Power,1658,Medium,0,90.0,None,None,None,Spread 25°,2nd Gear,None,85.0,47.3,22.8,34.8,0
GR05,Grading,CAT-140,Windy,Beginner,3,Eco,1666,Medium,1,90.0,None,None,None,Deep Cut 45°,3rd Gear,None,85.0,32.3,15.2,12.5,0
DM03,Demolition,CAT-349,Windy,Intermediate,7,Power,1846,Quick,0,90.0,None,None,None,None,None,High Flow,95.8,148.6,55.7,91.2,0
GR05,Grading,CAT-140,Windy,Beginner,3,Power,1368,Fine,1,90.0,None,None,None,Deep Cut 45°,3rd Gear,None,85.0,36.2,17.0,32.6,0
DM04,Demolition,CAT-349,Windy,Beginner,8,Smart,2197,Medium,1,90.0,None,None,None,None,None,Medium Flow,66.1,83.1,57.4,63.4,0
LD04,Material Loading,CAT-950M,Cloudy,Intermediate,7,Power,2078,Medium,0,77.9,None,None,60% Mud,None,None,None,85.0,43.5,35.1,69.0,0
DM02,Demolition,CAT-349,Sunny,Beginner,2,Eco,1363,Medium,0,90.0,None,None,None,None,None,High Flow,72.4,137.6,21.0,25.1,0
LD02,Material Loading,CAT-950M,Sunny,Expert,6,Eco,1514,Medium,0,56.1,None,None,100% Max,None,None,None,85.0,38.5,13.7,30.9,0
DM05,Demolition,CAT-349,Windy,Expert,8,Power,1550,Fine,1,90.0,None,None,None,None,None,High Flow,92.9,149.0,43.0,79.1,0
TR05,Trenching,CAT-420,Sunny,Beginner,3,Power,1432,Quick,0,57.1,None,Locked Down,None,None,None,None,85.0,56.5,9.3,38.0,0
T004,Grading,CAT-140,Sunny,Expert,5,Eco,1368,Medium,1,90.0,None,None,None,Normal 35°,1st Gear,None,85.0,39.6,11.2,20.9,0
DM05,Demolition,CAT-349,Windy,Expert,8,Eco,1608,Medium,1,90.0,None,None,None,None,None,High Flow,95.3,150.4,29.3,69.3,0
GR05,Grading,CAT-140,Windy,Beginner,3,Power,1309,Fine,1,90.0,None,None,None,Deep Cut 45°,3rd Gear,None,85.0,36.6,16.2,34.7,0
TR04,Trenching,CAT-420,Rainy,Intermediate,6,Smart,1344,Quick,1,84.3,None,Standard,None,None,None,None,85.0,85.5,6.7,43.9,0
LD02,Material Loading,CAT-950M,Sunny,Expert,2,Eco,1545,Quick,1,99.3,None,None,60% Mud,None,None,None,85.0,30.8,13.4,9.2,0
EX05,Earth Excavation,CAT-320,Sunny,Expert,2,Power,1566,Fine,0,93.5,Balanced,None,None,None,None,None,85.0,113.6,19.9,35.6,0
T003,Material Loading,CAT-950M,Cloudy,Beginner,3,Smart,1551,Quick,0,82.3,None,None,100% Max,None,None,None,85.0,54.2,16.7,27.5,0
GR05,Grading,CAT-140,Windy,Beginner,3,Eco,1356,Fine,0,90.0,None,None,None,Deep Cut 45°,1st Gear,None,85.0,42.1,10.9,16.5,0
DM02,Demolition,CAT-349,Sunny,Expert,4,Smart,2054,Quick,1,90.0,None,None,None,None,None,High Flow,77.6,89.3,49.0,49.2,0
LD05,Material Loading,CAT-950M,Sunny,Expert,1,Eco,1562,Quick,0,77.2,None,None,80% Gravel,None,None,None,85.0,39.7,13.6,13.8,0
EX04,Earth Excavation,CAT-320,Cloudy,Beginner,1,Power,1663,Quick,1,79.4,Boom Power,None,None,None,None,None,85.0,39.0,20.8,25.3,0
TR05,Trenching,CAT-420,Sunny,Beginner,3,Smart,1752,Quick,0,70.5,None,Soft Ground,None,None,None,None,85.0,56.3,10.4,25.0,0
TR05,Trenching,CAT-420,Rainy,Intermediate,5,Smart,1478,Fine,0,62.0,None,Locked Down,None,None,None,None,85.0,62.9,8.3,47.0,0
LD04,Material Loading,CAT-950M,Windy,Intermediate,4,Smart,1528,Quick,1,105.6,None,None,100% Max,None,None,None,85.0,40.2,16.8,22.6,0
GR03,Grading,CAT-140,Cloudy,Intermediate,2,Power,1838,Fine,1,90.0,None,None,None,Normal 35°,1st Gear,None,85.0,63.5,26.3,27.7,0
T003,Material Loading,CAT-950M,Cloudy,Beginner,3,Power,1745,Medium,1,100.7,None,None,80% Gravel,None,None,None,85.0,41.6,25.7,30.2,0
TR05,Trenching,CAT-420,Sunny,Beginner,3,Eco,1418,Medium,0,98.1,None,Locked Down,None,None,None,None,85.0,60.5,5.9,19.4,0
LD05,Material Loading,CAT-950M,Cloudy,Intermediate,2,Eco,1300,Fine,1,102.2,None,None,80% Gravel,None,None,None,85.0,44.8,10.7,9.2,0
GR02,Grading,CAT-140,Sunny,Expert,2,Smart,1566,Quick,0,90.0,None,None,None,Normal 35°,1st Gear,None,85.0,58.7,16.1,22.7,0
EX03,Earth Excavation,CAT-320,Rainy,Intermediate,3,Eco,1588,Quick,1,105.2,Balanced,None,None,None,None,None,85.0,57.4,12.8,21.4,0
LD02,Material Loading,CAT-950M,Rainy,Beginner,4,Eco,1673,Medium,0,95.6,None,None,100% Max,None,None,None,85.0,46.1,17.4,40.5,0
EX05,Earth Excavation,CAT-320,Sunny,Expert,3,Smart,1543,Medium,1,85.8,Boom Power,None,None,None,None,None,85.0,88.3,15.2,18.8,0
LD05,Material Loading,CAT-950M,Sunny,Expert,1,Power,1708,Quick,1,86.9,None,None,100% Max,None,None,None,85.0,26.0,24.1,25.6,0
T003,Material Loading,CAT-950M,Cloudy,Intermediate,3,Eco,1701,Medium,1,53.0,None,None,80% Gravel,None,None,None,85.0,50.7,15.6,14.9,0
TR04,Trenching,CAT-420,Rainy,Intermediate,6,Smart,1360,Quick,0,51.4,None,Standard,None,None,None,None,85.0,96.8,6.9,50.6,0
LD05,Material Loading,CAT-950M,Sunny,Expert,1,Smart,1339,Medium,0,93.5,None,None,60% Mud,None,None,None,85.0,39.4,12.8,18.5,0
GR05,Grading,CAT-140,Windy,Beginner,3,Smart,1503,Medium,1,90.0,None,None,None,Deep Cut 45°,1st Gear,None,85.0,35.8,15.4,21.0,0
LD05,Material Loading,CAT-950M,Rainy,Expert,6,Smart,1900,Quick,0,57.5,None,None,60% Mud,None,None,None,85.0,38.9,24.0,41.5,0
LD05,Material Loading,CAT-950M,Sunny,Expert,1,Smart,2043,Quick,0,73.2,None,None,100% Max,None,None,None,85.0,31.3,24.7,35.2,0
T002,Trenching,CAT-420,Rainy,Intermediate,4,Power,1975,Medium,1,62.9,None,Locked Down,None,None,None,None,85.0,65.2,15.9,58.3,0
GR02,Grading,CAT-140,Sunny,Expert,2,Smart,1946,Medium,1,90.0,None,None,None,Normal 35°,2nd Gear,None,85.0,53.6,22.8,21.3,0
DM05,Demolition,CAT-349,Windy,Expert,8,Power,1910,Fine,1,90.0,None,None,None,None,None,High Flow,76.1,138.2,59.4,62.2,0
T003,Material Loading,CAT-950M,Cloudy,Beginner,3,Eco,2070,Quick,1,50.6,None,None,80% Gravel,None,None,None,85.0,45.7,21.4,30.9,0
TR04,Trenching,CAT-420,Rainy,Beginner,6,Power,1822,Quick,0,104.5,None,Standard,None,None,None,None,85.0,92.1,14.2,62.9,0
TR05,Trenching,CAT-420,Windy,Expert,3,Power,1461,Fine,0,68.9,None,Standard,None,None,None,None,85.0,48.7,9.9,37.1,0
T005,Demolition,CAT-349,Rainy,Expert,2,Power,2135,Medium,1,90.0,None,None,None,None,None,Low Flow,67.2,111.7,64.5,58.8,0
LD02,Material Loading,CAT-950M,Sunny,Expert,2,Eco,1701,Medium,1,64.8,None,None,80% Gravel,None,None,None,85.0,31.3,16.1,9.6,0
TR02,Trenching,CAT-420,Sunny,Expert,2,Eco,1951,Fine,0,91.5,None,Soft Ground,None,None,None,None,85.0,45.2,9.8,25.1,0
GR02,Grading,CAT-140,Sunny,Expert,6,Eco,1244,Quick,0,90.0,None,None,None,Spread 25°,1st Gear,None,85.0,74.2,9.7,33.1,0
DM03,Demolition,CAT-349,Rainy,Beginner,8,Smart,1662,Medium,1,90.0,None,None,None,None,None,Low Flow,96.0,172.5,37.4,74.2,0
LD05,Material Loading,CAT-950M,Sunny,Expert,1,Power,1447,Medium,0,70.5,None,None,60% Mud,None,None,None,85.0,36.0,19.1,31.2,0
TR05,Trenching,CAT-420,Windy,Intermediate,4,Power,1319,Quick,1,90.4,None,Standard,None,None,None,None,85.0,53.3,8.8,32.7,0
DM05,Demolition,CAT-349,Windy,Expert,8,Smart,1836,Quick,1,90.0,None,None,None,None,None,Low Flow,80.2,124.5,44.1,47.1,0
TR02,Trenching,CAT-420,Rainy,Beginner,5,Power,1543,Medium,1,90.3,None,Locked Down,None,None,None,None,85.0,45.1,11.2,52.8,0
EX04,Earth Excavation,CAT-320,Sunny,Beginner,5,Eco,1725,Medium,1,103.9,Boom Power,None,None,None,None,None,85.0,55.5,14.7,27.3,0
EX05,Earth Excavation,CAT-320,Sunny,Intermediate,4,Smart,1208,Fine,1,99.6,Balanced,None,None,None,None,None,85.0,120.3,10.8,21.6,0
GR02,Grading,CAT-140,Sunny,Expert,2,Smart,1294,Fine,0,90.0,None,None,None,Spread 25°,2nd Gear,None,85.0,64.4,12.3,22.2,0
EX04,Earth Excavation,CAT-320,Cloudy,Beginner,3,Eco,1791,Medium,1,51.9,Balanced,None,None,None,None,None,85.0,57.2,16.2,11.4,0
DM03,Demolition,CAT-349,Windy,Expert,8,Eco,2144,Fine,0,90.0,None,None,None,None,None,Low Flow,93.7,178.7,45.1,93.2,0
EX05,Earth Excavation,CAT-320,Windy,Expert,6,Power,1478,Quick,1,53.0,Swing Priority,None,None,None,None,None,85.0,109.2,19.0,40.2,0
DM05,Demolition,CAT-349,Windy,Expert,8,Smart,1852,Fine,0,90.0,None,None,None,None,None,Medium Flow,73.9,147.0,43.8,45.4,0
T005,Demolition,CAT-349,Windy,Beginner,2,Smart,2041,Quick,1,90.0,None,None,None,None,None,High Flow,93.7,90.9,47.1,39.5,0
GR02,Grading,CAT-140,Sunny,Expert,2,Power,1462,Fine,0,90.0,None,None,None,Spread 25°,3rd Gear,None,85.0,78.1,18.3,47.6,0
LD02,Material Loading,CAT-950M,Sunny,Expert,2,Smart,1972,Fine,1,63.3,None,None,60% Mud,None,None,None,85.0,29.1,23.6,24.5,0
GR02,Grading,CAT-140,Sunny,Intermediate,1,Smart,1567,Fine,1,90.0,None,None,None,Normal 35°,2nd Gear,None,85.0,46.7,16.2,12.3,0
DM04,Demolition,CAT-349,Rainy,Intermediate,5,Eco,1406,Medium,0,90.0,None,None,None,None,None,High Flow,97.7,126.7,23.6,54.4,0
T005,Demolition,CAT-349,Windy,Intermediate,6,Power,1666,Quick,1,90.0,None,None,None,None,None,Low Flow,70.6,115.7,47.0,52.1,0
EX02,Earth Excavation,CAT-320,Sunny,Intermediate,4,Smart,1649,Quick,0,92.9,Boom Power,None,None,None,None,None,85.0,84.8,16.9,30.3,0
LD05,Material Loading,CAT-950M,Windy,Beginner,3,Eco,2050,Quick,1,89.7,None,None,80% Gravel,None,None,None,85.0,34.8,20.8,27.4,0
EX02,Earth Excavation,CAT-320,Sunny,Intermediate,4,Eco,1640,Fine,1,74.2,Balanced,None,None,None,None,None,85.0,121.0,14.0,15.1,0
TR05,Trenching,CAT-420,Sunny,Beginner,3,Power,1455,Medium,0,55.8,None,Locked Down,None,None,None,None,85.0,50.9,9.6,36.4,0
TR02,Trenching,CAT-420,Sunny,Expert,2,Eco,1875,Quick,0,86.2,None,Soft Ground,None,None,None,None,85.0,51.3,9.0,18.4,0
LD02,Material Loading,CAT-950M,Sunny,Expert,2,Smart,1961,Quick,1,52.5,None,None,80% Gravel,None,None,None,85.0,24.5,23.2,23.8,0
T003,Material Loading,CAT-950M,Windy,Intermediate,8,Power,2003,Medium,1,83.4,None,None,100% Max,None,None,None,85.0,51.0,33.2,60.6,0
LD04,Material Loading,CAT-950M,Windy,Intermediate,4,Power,2047,Fine,1,105.0,None,None,80% Gravel,None,None,None,85.0,37.9,33.4,51.2,0
EX04,Earth Excavation,CAT-320,Cloudy,Beginner,1,Power,1522,Medium,0,95.1,Boom Power,None,None,None,None,None,85.0,51.0,18.7,33.5,0
DM03,Demolition,CAT-349,Windy,Intermediate,7,Power,2042,Medium,0,90.0,None,None,None,None,None,Low Flow,70.1,154.3,64.7,78.1,0
DM04,Demolition,CAT-349,Cloudy,Intermediate,7,Power,2060,Fine,0,90.0,None,None,None,None,None,High Flow,80.1,108.1,65.4,78.7,0
LD03,Material Loading,CAT-950M,Rainy,Intermediate,5,Power,1687,Quick,0,80.8,None,None,60% Mud,None,None,None,85.0,48.8,25.2,43.4,0
EX05,Earth Excavation,CAT-320,Windy,Beginner,1,Eco,1460,Fine,1,52.4,Balanced,None,None,None,None,None,85.0,137.5,10.9,8.1,0
LD02,Material Loading,CAT-950M,Sunny,Expert,2,Power,1944,Fine,1,106.8,None,None,100% Max,None,None,None,85.0,25.1,30.0,34.3,0
LD05,Material Loading,CAT-950M,Cloudy,Beginner,8,Power,1512,Fine,1,109.4,None,None,80% Gravel,None,None,None,85.0,39.1,22.0,50.5,0
T003,Material Loading,CAT-950M,Cloudy,Beginner,3,Eco,1396,Fine,0,106.3,None,None,60% Mud,None,None,None,85.0,74.5,11.8,19.1,0
T004,Grading,CAT-140,Sunny,Expert,5,Power,1378,Fine,0,90.0,None,None,None,Normal 35°,3rd Gear,None,85.0,58.6,17.4,60.1,0
LD05,Material Loading,CAT-950M,Sunny,Expert,1,Power,1436,Medium,1,75.1,None,None,80% Gravel,None,None,None,85.0,31.9,18.7,24.8,0
TR02,Trenching,CAT-420,Sunny,Expert,2,Eco,1284,Medium,0,71.6,None,Locked Down,None,None,None,None,85.0,45.8,5.7,16.4,0
LD05,Material Loading,CAT-950M,Cloudy,Expert,6,Eco,1318,Quick,1,100.1,None,None,80% Gravel,None,None,None,85.0,41.4,11.4,23.6,0
T002,Trenching,CAT-420,Rainy,Expert,6,Eco,2126,Fine,1,73.1,None,Soft Ground,None,None,None,None,85.0,61.0,12.1,44.3,0
TR03,Trenching,CAT-420,Sunny,Expert,6,Power,1211,Medium,1,93.3,None,Locked Down,None,None,None,None,85.0,73.5,7.9,42.0,0
EX05,Earth Excavation,CAT-320,Windy,Expert,6,Eco,1670,Fine,0,73.9,Boom Power,None,None,None,None,None,85.0,151.6,14.8,32.1,0
DM04,Demolition,CAT-349,Rainy,Intermediate,5,Smart,1544,Medium,1,90.0,None,None,None,None,None,Low Flow,96.6,92.3,32.7,48.5,0
EX05,Earth Excavation,CAT-320,Sunny,Intermediate,8,Power,1240,Quick,0,75.6,Boom Power,None,None,None,None,None,85.0,114.9,15.2,55.2,0
T005,Demolition,CAT-349,Windy,Intermediate,6,Eco,2035,Medium,1,90.0,None,None,None,None,None,Low Flow,97.6,130.4,40.6,78.2,0
EX04,Earth Excavation,CAT-320,Cloudy,Beginner,1,Smart,1469,Fine,0,102.2,Boom Power,None,None,None,None,None,85.0,58.5,13.7,26.3,0
TR03,Trenching,CAT-420,Cloudy,Intermediate,5,Power,1729,Medium,1,58.9,None,Standard,None,None,None,None,85.0,64.0,13.7,38.9,0
TR02,Trenching,CAT-420,Sunny,Expert,2,Power,1960,Medium,0,58.5,None,Standard,None,None,None,None,85.0,42.2,15.1,41.7,0
GR05,Grading,CAT-140,Windy,Beginner,3,Power,1743,Quick,0,90.0,None,None,None,Deep Cut 45°,1st Gear,None,85.0,50.5,25.3,37.5,0
T002,Trenching,CAT-420,Rainy,Intermediate,4,Power,1393,Quick,0,85.3,None,Locked Down,None,None,None,None,85.0,84.1,9.4,55.6,0
EX02,Earth Excavation,CAT-320,Sunny,Beginner,2,Power,1383,Quick,0,74.7,Swing Priority,None,None,None,None,None,85.0,104.5,16.5,33.6,0
DM05,Demolition,CAT-349,Windy,Expert,8,Power,2043,Quick,0,90.0,None,None,None,None,None,High Flow,88.6,133.1,65.9,80.7,0
GR03,Grading,CAT-140,Rainy,Intermediate,6,Smart,1488,Medium,0,90.0,None,None,None,Deep Cut 45°,2nd Gear,None,85.0,76.8,15.7,38.1,0
TR05,Trenching,CAT-420,Sunny,Beginner,3,Power,1281,Fine,0,104.6,None,Standard,None,None,None,None,85.0,49.0,8.8,38.0,0
T004,Grading,CAT-140,Sunny,Expert,5,Smart,1574,Quick,0,90.0,None,None,None,Deep Cut 45°,2nd Gear,None,85.0,49.3,16.8,35.6,0
DM04,Demolition,CAT-349,Cloudy,Beginner,7,Smart,1684,Quick,1,90.0,None,None,None,None,None,Medium Flow,76.6,81.5,38.0,34.6,0
TR03,Trenching,CAT-420,Cloudy,Intermediate,5,Smart,1756,Medium,0,92.9,None,Soft Ground,None,None,None,None,85.0,78.4,10.8,32.6,0
EX02,Earth Excavation,CAT-320,Sunny,Intermediate,4,Smart,1402,Quick,1,101.9,Swing Priority,None,None,None,None,None,85.0,85.3,13.7,24.1,0
T003,Material Loading,CAT-950M,Cloudy,Beginner,4,Smart,1782,Quick,1,91.0,None,None,80% Gravel,None,None,None,85.0,43.9,20.5,25.2,0
T004,Grading,CAT-140,Sunny,Expert,5,Smart,1420,Quick,1,90.0,None,None,None,Spread 25°,1st Gear,None,85.0,47.6,14.9,25.2,0
GR04,Grading,CAT-140,Cloudy,Intermediate,7,Eco,1700,Medium,1,90.0,None,None,None,Deep Cut 45°,3rd Gear,None,85.0,88.9,15.9,28.4,0
T004,Grading,CAT-140,Sunny,Expert,5,Eco,1247,Fine,1,90.0,None,None,None,Normal 35°,3rd Gear,None,85.0,49.7,9.6,35.5,0
LD02,Material Loading,CAT-950M,Cloudy,Intermediate,1,Eco,1682,Quick,1,105.7,None,None,80% Gravel,None,None,None,85.0,30.2,14.9,5.0,0
GR03,Grading,CAT-140,Rainy,Intermediate,6,Smart,1210,Quick,1,90.0,None,None,None,Deep Cut 45°,2nd Gear,None,85.0,84.1,11.6,30.1,0
GR05,Grading,CAT-140,Windy,Beginner,3,Eco,1541,Fine,1,90.0,None,None,None,Normal 35°,2nd Gear,None,85.0,33.4,12.8,13.7,0
T003,Material Loading,CAT-950M,Cloudy,Beginner,3,Smart,1536,Fine,0,89.8,None,None,100% Max,None,None,None,85.0,61.9,16.8,26.5,0
LD03,Material Loading,CAT-950M,Rainy,Intermediate,5,Eco,1355,Fine,0,55.4,None,None,80% Gravel,None,None,None,85.0,71.5,11.0,28.8,0
T004,Grading,CAT-140,Sunny,Expert,5,Eco,1933,Quick,1,90.0,None,None,None,Spread 25°,2nd Gear,None,85.0,46.0,19.0,25.4,0
GR05,Grading,CAT-140,Windy,Beginner,3,Smart,1620,Quick,1,90.0,None,None,None,Normal 35°,3rd Gear,None,85.0,38.9,17.6,19.9,0
T003,Material Loading,CAT-950M,Cloudy,Beginner,3,Power,1933,Quick,1,90.6,None,None,100% Max,None,None,None,85.0,41.8,29.9,36.5,0
TR05,Trenching,CAT-420,Sunny,Beginner,3,Eco,1861,Medium,0,84.9,None,Soft Ground,None,None,None,None,85.0,58.6,9.1,21.4,0
LD04,Material Loading,CAT-950M,Windy,Intermediate,4,Power,1883,Quick,1,69.4,None,None,100% Max,None,None,None,85.0,36.1,29.7,36.4,0
T004,Grading,CAT-140,Sunny,Expert,5,Power,1275,Quick,1,90.0,None,None,None,Deep Cut 45°,1st Gear,None,85.0,53.2,15.7,38.8,0
GR04,Grading,CAT-140,Cloudy,Intermediate,7,Power,1521,Quick,1,90.0,None,None,None,Normal 35°,1st Gear,None,85.0,92.6,21.6,44.4,0
DM02,Demolition,CAT-349,Sunny,Expert,4,Power,1529,Quick,0,90.0,None,None,None,None,None,Low Flow,65.5,101.6,40.5,42.2,0
LD05,Material Loading,CAT-950M,Sunny,Expert,1,Eco,2066,Medium,1,83.9,None,None,80% Gravel,None,None,None,85.0,32.1,20.5,19.8,0
GR02,Grading,CAT-140,Windy,Expert,1,Eco,1685,Quick,0,90.0,None,None,None,Normal 35°,3rd Gear,None,85.0,83.5,14.2,28.8,0
T004,Grading,CAT-140,Sunny,Expert,5,Smart,1275,Fine,1,90.0,None,None,None,Deep Cut 45°,2nd Gear,None,85.0,39.2,12.4,28.2,0
GR03,Grading,CAT-140,Rainy,Intermediate,6,Power,1898,Quick,1,90.0,None,None,None,Deep Cut 45°,2nd Gear,None,85.0,82.9,29.2,46.7,0
GR05,Grading,CAT-140,Windy,Beginner,3,Eco,1444,Medium,1,90.0,None,None,None,Spread 25°,2nd Gear,None,85.0,35.0,11.7,12.1,0
DM05,Demolition,CAT-349,Windy,Expert,8,Eco,1419,Quick,1,90.0,None,None,None,None,None,Medium Flow,87.1,142.4,24.4,29.8,0
T004,Grading,CAT-140,Sunny,Expert,5,Power,1754,Medium,0,90.0,None,None,None,Deep Cut 45°,3rd Gear,None,85.0,65.7,26.0,61.5,0
GR03,Grading,CAT-140,Rainy,Intermediate,6,Smart,1784,Medium,1,90.0,None,None,None,Spread 25°,2nd Gear,None,85.0,72.2,20.7,30.5,0
EX02,Earth Excavation,CAT-320,Sunny,Intermediate,4,Power,1220,Fine,0,67.1,Balanced,None,None,None,None,None,85.0,134.1,13.6,41.6,0
T005,Demolition,CAT-349,Windy,Intermediate,6,Smart,1412,Fine,0,90.0,None,None,None,None,None,High Flow,98.7,156.0,28.7,70.0,0
TR04,Trenching,CAT-420,Cloudy,Beginner,3,Power,1785,Quick,1,79.8,None,Soft Ground,None,None,None,None,85.0,66.5,13.3,29.6,0
EX02,Earth Excavation,CAT-320,Sunny,Intermediate,4,Power,1710,Fine,1,99.2,Swing Priority,None,None,None,None,None,85.0,86.4,23.1,34.3,0
EX04,Earth Excavation,CAT-320,Cloudy,Beginner,1,Power,1751,Medium,0,65.1,Swing Priority,None,None,None,None,None,85.0,50.4,22.4,33.4,0
T001,Earth Excavation,CAT-320,Rainy,Expert,7,Smart,1491,Medium,1,88.5,Balanced,None,None,None,None,None,85.0,84.4,14.9,33.3,0
T003,Material Loading,CAT-950M,Cloudy,Beginner,3,Eco,1861,Fine,1,83.4,None,None,60% Mud,None,None,None,85.0,57.2,18.0,13.1,0
GR03,Grading,CAT-140,Sunny,Intermediate,3,Eco,1740,Fine,1,90.0,None,None,None,Normal 35°,2nd Gear,None,85.0,73.5,16.3,12.8,0
T002,Trenching,CAT-420,Cloudy,Beginner,1,Smart,1654,Quick,1,72.7,None,Standard,None,None,None,None,85.0,62.0,8.9,12.4,0
TR05,Trenching,CAT-420,Sunny,Beginner,3,Power,1262,Quick,1,68.7,None,Soft Ground,None,None,None,None,85.0,53.2,7.7,31.5,0
GR02,Grading,CAT-140,Sunny,Expert,2,Eco,1726,Fine,0,90.0,None,None,None,Deep Cut 45°,2nd Gear,None,85.0,56.8,14.9,14.8,0
T005,Demolition,CAT-349,Windy,Intermediate,6,Eco,1893,Fine,1,90.0,None,None,None,None,None,Medium Flow,80.5,150.5,36.3,37.4,0
GR04,Grading,CAT-140,Cloudy,Intermediate,7,Eco,1850,Fine,1,90.0,None,None,None,Deep Cut 45°,2nd Gear,None,85.0,85.8,18.5,30.4,0
LD04,Material Loading,CAT-950M,Windy,Intermediate,4,Eco,1765,Medium,1,74.1,None,None,60% Mud,None,None,None,85.0,44.1,16.6,16.6,0
EX05,Earth Excavation,CAT-320,Windy,Expert,6,Eco,1513,Fine,0,59.8,Swing Priority,None,None,None,None,None,85.0,169.1,12.8,31.1,0
LD05,Material Loading,CAT-950M,Cloudy,Expert,5,Power,1776,Quick,0,102.3,None,None,100% Max,None,None,None,85.0,31.7,26.5,46.6,0
LD02,Material Loading,CAT-950M,Sunny,Expert,2,Eco,1942,Quick,0,82.4,None,None,80% Gravel,None,None,None,85.0,32.4,18.7,23.5,0
T002,Trenching,CAT-420,Rainy,Intermediate,4,Power,1496,Quick,1,57.9,None,Locked Down,None,None,None,None,85.0,71.5,10.5,47.6,0
EX04,Earth Excavation,CAT-320,Cloudy,Beginner,1,Smart,1676,Medium,1,54.8,Swing Priority,None,None,None,None,None,85.0,47.5,16.9,12.4,0
EX05,Earth Excavation,CAT-320,Windy,Expert,6,Smart,1704,Quick,1,99.7,Balanced,None,None,None,None,None,85.0,90.8,18.3,31.1,0
LD04,Material Loading,CAT-950M,Windy,Beginner,4,Power,2052,Quick,1,57.5,None,None,60% Mud,None,None,None,85.0,35.4,32.8,49.7,0
GR02,Grading,CAT-140,Sunny,Expert,2,Power,1613,Medium,0,90.0,None,None,None,Deep Cut 45°,1st Gear,None,85.0,57.4,22.0,35.2,0
EX02,Earth Excavation,CAT-320,Rainy,Beginner,3,Smart,1737,Quick,1,78.9,Boom Power,None,None,None,None,None,85.0,78.7,18.1,21.9,0
TR02,Trenching,CAT-420,Windy,Expert,2,Smart,1580,Fine,1,53.0,None,Locked Down,None,None,None,None,85.0,38.0,9.0,16.2,0
LD04,Material Loading,CAT-950M,Windy,Intermediate,4,Eco,1606,Quick,1,63.0,None,None,80% Gravel,None,None,None,85.0,42.0,14.6,17.5,0
DM04,Demolition,CAT-349,Rainy,Intermediate,5,Smart,1829,Fine,1,90.0,None,None,None,None,None,High Flow,77.4,97.0,41.9,38.2,0
EX03,Earth Excavation,CAT-320,Rainy,Intermediate,3,Smart,1860,Quick,0,87.9,Swing Priority,None,None,None,None,None,85.0,65.4,20.6,27.9,0
EX03,Earth Excavation,CAT-320,Windy,Intermediate,1,Smart,1632,Fine,1,86.3,Boom Power,None,None,None,None,None,85.0,70.7,16.3,11.0,0
DM04,Demolition,CAT-349,Rainy,Intermediate,5,Smart,1814,Medium,1,90.0,None,None,None,None,None,Medium Flow,71.5,76.0,41.1,26.7,0
LD05,Material Loading,CAT-950M,Windy,Beginner,7,Power,1481,Quick,1,90.0,None,None,60% Mud,None,None,None,85.0,37.9,21.1,44.5,0
T005,Demolition,CAT-349,Sunny,Expert,3,Smart,1447,Quick,0,90.0,None,None,None,None,None,Low Flow,71.5,139.0,28.2,36.3,0
T001,Earth Excavation,CAT-320,Cloudy,Expert,8,Power,1609,Quick,1,79.0,Balanced,None,None,None,None,None,85.0,67.4,22.6,48.5,0
TR03,Trenching,CAT-420,Cloudy,Intermediate,5,Smart,1345,Fine,0,77.8,None,Locked Down,None,None,None,None,85.0,83.6,7.7,33.7,0
DM05,Demolition,CAT-349,Windy,Expert,8,Power,2163,Medium,1,90.0,None,None,None,None,None,Low Flow,66.7,118.6,71.5,80.3,0
TR03,Trenching,CAT-420,Cloudy,Intermediate,5,Eco,1845,Quick,0,52.5,None,Locked Down,None,None,None,None,85.0,102.4,9.3,27.4,0
DM02,Demolition,CAT-349,Sunny,Expert,4,Eco,1410,Medium,1,90.0,None,None,None,None,None,High Flow,83.1,124.4,22.6,25.5,0
TR02,Trenching,CAT-420,Sunny,Expert,3,Smart,2189,Fine,1,87.6,None,Locked Down,None,None,None,None,85.0,44.1,13.8,45.7,0
GR04,Grading,CAT-140,Cloudy,Intermediate,7,Power,1528,Quick,1,90.0,None,None,None,Spread 25°,2nd Gear,None,85.0,91.9,20.7,45.1,0
EX05,Earth Excavation,CAT-320,Rainy,Intermediate,7,Smart,1219,Fine,1,70.1,Boom Power,None,None,None,None,None,85.0,154.9,11.5,32.4,0
DM04,Demolition,CAT-349,Windy,Beginner,8,Smart,1653,Quick,1,90.0,None,None,None,None,None,High Flow,73.3,101.4,37.6,48.2,0
T003,Material Loading,CAT-950M,Cloudy,Beginner,3,Smart,1737,Fine,0,78.5,None,None,60% Mud,None,None,None,85.0,57.0,19.5,27.1,0
DM05,Demolition,CAT-349,Windy,Expert,8,Eco,2047,Fine,0,90.0,None,None,None,None,None,High Flow,72.9,184.0,41.6,60.4,0
EX05,Earth Excavation,CAT-320,Sunny,Intermediate,7,Power,1982,Quick,0,60.9,Swing Priority,None,None,None,None,None,85.0,113.6,30.3,61.5,0
TR04,Trenching,CAT-420,Rainy,Intermediate,6,Power,1778,Fine,1,95.8,None,Standard,None,None,None,None,85.0,69.2,14.1,56.3,0
EX03,Earth Excavation,CAT-320,Rainy,Intermediate,3,Eco,1247,Fine,0,91.5,Boom Power,None,None,None,None,None,85.0,86.7,8.7,17.8,0
GR05,Grading,CAT-140,Windy,Beginner,3,Eco,1615,Fine,1,90.0,None,None,None,Deep Cut 45°,3rd Gear,None,85.0,32.4,13.9,15.5,0
DM02,Demolition,CAT-349,Sunny,Expert,4,Smart,1419,Fine,1,90.0,None,None,None,None,None,Medium Flow,70.6,123.7,27.8,32.8,0
TR05,Trenching,CAT-420,Sunny,Beginner,4,Power,1618,Fine,1,69.7,None,Standard,None,None,None,None,85.0,40.1,12.3,37.2,0
TR03,Trenching,CAT-420,Cloudy,Intermediate,5,Power,1361,Fine,0,75.9,None,Soft Ground,None,None,None,None,85.0,84.1,9.7,46.3,0
GR03,Grading,CAT-140,Rainy,Intermediate,6,Smart,1220,Medium,1,90.0,None,None,None,Deep Cut 45°,2nd Gear,None,85.0,73.5,12.2,29.3,0
TR05,Trenching,CAT-420,Sunny,Beginner,3,Power,1763,Medium,1,64.4,None,Locked Down,None,None,None,None,85.0,42.8,13.8,32.3,0
T004,Grading,CAT-140,Cloudy,Intermediate,4,Smart,1688,Medium,0,90.0,None,None,None,Spread 25°,3rd Gear,None,85.0,59.6,18.5,46.0,0
EX05,Earth Excavation,CAT-320,Windy,Expert,6,Power,1409,Quick,1,75.1,Balanced,None,None,None,None,None,85.0,97.3,18.5,39.8,0
TR05,Trenching,CAT-420,Sunny,Beginner,3,Smart,1934,Fine,0,51.3,None,Soft Ground,None,None,None,None,85.0,50.9,12.1,32.8,0
T004,Grading,CAT-140,Sunny,Expert,5,Power,1339,Medium,0,90.0,None,None,None,Normal 35°,3rd Gear,None,85.0,60.8,17.2,62.5,0
T005,Demolition,CAT-349,Windy,Expert,3,Smart,1666,Fine,0,90.0,None,None,None,None,None,High Flow,83.2,136.0,35.3,26.6,0
T004,Grading,CAT-140,Sunny,Expert,5,Power,1218,Quick,1,90.0,None,None,None,Deep Cut 45°,1st Gear,None,85.0,54.6,15.2,38.8,0
EX03,Earth Excavation,CAT-320,Sunny,Intermediate,1,Eco,1848,Quick,0,75.8,Boom Power,None,None,None,None,None,85.0,61.9,16.0,13.7,0
EX05,Earth Excavation,CAT-320,Windy,Expert,6,Power,1657,Medium,0,60.8,Boom Power,None,None,None,None,None,85.0,111.9,22.4,48.0,0
T005,Demolition,CAT-349,Windy,Intermediate,6,Power,1799,Medium,1,90.0,None,None,None,None,None,Low Flow,85.6,112.2,53.3,50.5,0
T001,Earth Excavation,CAT-320,Sunny,Expert,2,Smart,1265,Fine,0,55.3,Boom Power,None,None,None,None,None,85.0,111.5,10.8,22.2,0
TR04,Trenching,CAT-420,Rainy,Intermediate,6,Smart,1600,Fine,1,94.7,None,Locked Down,None,None,None,None,85.0,67.9,9.7,44.7,0
DM02,Demolition,CAT-349,Sunny,Expert,4,Eco,2139,Fine,1,90.0,None,None,None,None,None,High Flow,65.7,120.3,42.1,49.7,0
EX05,Earth Excavation,CAT-320,Windy,Expert,6,Power,1945,Quick,0,109.8,Balanced,None,None,None,None,None,85.0,103.3,28.5,65.2,0
TR04,Trenching,CAT-420,Sunny,Intermediate,6,Smart,2079,Quick,0,52.7,None,Locked Down,None,None,None,None,85.0,97.9,13.8,52.8,0
TR03,Trenching,CAT-420,Cloudy,Intermediate,5,Eco,1338,Quick,1,97.3,None,Locked Down,None,None,None,None,85.0,96.9,6.4,20.5,0
DM05,Demolition,CAT-349,Windy,Expert,8,Smart,1515,Medium,0,90.0,None,None,None,None,None,Medium Flow,91.5,139.4,33.2,42.4,0
EX02,Earth Excavation,CAT-320,Sunny,Intermediate,4,Power,1981,Fine,0,88.7,Balanced,None,None,None,None,None,85.0,93.2,28.7,52.1,0
T005,Demolition,CAT-349,Sunny,Beginner,1,Eco,2003,Quick,1,90.0,None,None,None,None,None,Medium Flow,91.8,115.2,36.8,29.2,0
TR04,Trenching,CAT-420,Rainy,Intermediate,6,Eco,1775,Quick,1,61.4,None,Locked Down,None,None,None,None,85.0,84.3,8.4,38.1,0
GR04,Grading,CAT-140,Cloudy,Intermediate,7,Eco,1541,Medium,0,90.0,None,None,None,Spread 25°,3rd Gear,None,85.0,100.6,14.2,33.9,0
EX05,Earth Excavation,CAT-320,Windy,Intermediate,2,Eco,1415,Quick,0,61.9,Balanced,None,None,None,None,None,85.0,137.7,10.8,17.1,0
DM02,Demolition,CAT-349,Cloudy,Expert,7,Eco,1633,Quick,1,90.0,None,None,None,None,None,High Flow,91.3,119.1,29.2,37.5,0
DM04,Demolition,CAT-349,Sunny,Intermediate,2,Eco,1398,Fine,0,90.0,None,None,None,None,None,High Flow,73.7,135.4,22.1,26.3,0
GR05,Grading,CAT-140,Windy,Beginner,3,Smart,1900,Fine,1,90.0,None,None,None,Normal 35°,2nd Gear,None,85.0,38.6,22.0,23.7,0
TR03,Trenching,CAT-420,Cloudy,Intermediate,5,Smart,1346,Medium,0,88.0,None,Locked Down,None,None,None,None,85.0,82.7,7.2,33.9,0
DM02,Demolition,CAT-349,Sunny,Expert,4,Power,1598,Medium,1,90.0,None,None,None,None,None,High Flow,82.5,98.7,43.6,44.6,0
EX03,Earth Excavation,CAT-320,Rainy,Intermediate,3,Eco,1841,Medium,1,101.7,Boom Power,None,None,None,None,None,85.0,56.7,16.6,12.0,0
EX05,Earth Excavation,CAT-320,Cloudy,Beginner,6,Eco,1801,Fine,1,98.7,Balanced,None,None,None,None,None,85.0,119.9,16.5,25.2,0
LD02,Material Loading,CAT-950M,Sunny,Beginner,3,Eco,1842,Medium,1,65.1,None,None,100% Max,None,None,None,85.0,29.5,17.7,13.6,0
GR02,Grading,CAT-140,Sunny,Expert,2,Eco,1242,Fine,0,90.0,None,None,None,Spread 25°,3rd Gear,None,85.0,78.0,10.0,32.6,0
GR05,Grading,CAT-140,Windy,Intermediate,1,Smart,1334,Medium,1,90.0,None,None,None,Deep Cut 45°,3rd Gear,None,85.0,34.8,12.7,14.0,0
TR03,Trenching,CAT-420,Cloudy,Intermediate,5,Eco,1389,Quick,0,89.6,None,Soft Ground,None,None,None,None,85.0,116.4,6.2,29.0,0
TR04,Trenching,CAT-420,Rainy,Intermediate,6,Smart,2029,Fine,0,89.0,None,Standard,None,None,None,None,85.0,88.6,13.8,65.4,0
TR04,Trenching,CAT-420,Rainy,Intermediate,6,Smart,1562,Fine,0,98.4,None,Soft Ground,None,None,None,None,85.0,67.3,9.2,38.1,0
DM04,Demolition,CAT-349,Rainy,Intermediate,5,Power,1342,Quick,0,90.0,None,None,None,None,None,Low Flow,98.6,106.3,33.8,76.2,0
EX05,Earth Excavation,CAT-320,Windy,Expert,6,Smart,1416,Medium,1,64.9,Balanced,None,None,None,None,None,85.0,118.3,14.1,29.4,0
T003,Material Loading,CAT-950M,Cloudy,Beginner,3,Smart,1411,Quick,1,50.6,None,None,60% Mud,None,None,None,85.0,50.5,14.7,19.5,0
TR05,Trenching,CAT-420,Sunny,Beginner,3,Power,1569,Fine,1,69.6,None,Soft Ground,None,None,None,None,85.0,40.7,10.5,32.7,0
LD03,Material Loading,CAT-950M,Cloudy,Expert,8,Eco,1704,Medium,0,80.5,None,None,80% Gravel,None,None,None,85.0,57.9,16.9,37.9,0
LD02,Material Loading,CAT-950M,Sunny,Expert,2,Power,1830,Fine,1,85.7,None,None,100% Max,None,None,None,85.0,25.0,26.5,27.3,0
T002,Trenching,CAT-420,Rainy,Intermediate,4,Power,2020,Fine,1,85.7,None,Standard,None,None,None,None,85.0,64.1,16.2,58.7,0
DM03,Demolition,CAT-349,Windy,Intermediate,7,Smart,1530,Quick,0,90.0,None,None,None,None,None,Medium Flow,91.3,149.4,32.9,41.5,0
DM02,Demolition,CAT-349,Sunny,Expert,4,Power,1610,Medium,0,90.0,None,None,None,None,None,High Flow,66.9,111.9,43.3,50.4,0
EX05,Earth Excavation,CAT-320,Windy,Intermediate,2,Power,1375,Medium,1,50.0,Boom Power,None,None,None,None,None,85.0,99.4,16.3,28.4,0
GR02,Grading,CAT-140,Windy,Intermediate,1,Power,1544,Quick,1,90.0,None,None,None,Spread 25°,1st Gear,None,85.0,62.0,20.1,23.2,0
DM05,Demolition,CAT-349,Windy,Expert,8,Power,1613,Medium,0,90.0,None,None,None,None,None,High Flow,78.1,146.4,46.3,65.9,0
EX02,Earth Excavation,CAT-320,Sunny,Intermediate,4,Power,1841,Quick,1,70.5,Balanced,None,None,None,None,None,85.0,81.9,26.3,34.3,0
LD04,Material Loading,CAT-950M,Windy,Intermediate,4,Eco,1707,Medium,0,101.7,None,None,100% Max,None,None,None,85.0,50.9,16.5,24.0,0
GR02,Grading,CAT-140,Sunny,Expert,2,Power,1989,Quick,0,90.0,None,None,None,Normal 35°,2nd Gear,None,85.0,74.3,29.6,46.2,0
LD05,Material Loading,CAT-950M,Rainy,Beginner,6,Smart,1730,Fine,0,109.5,None,None,60% Mud,None,None,None,85.0,45.9,21.0,37.8,0
EX04,Earth Excavation,CAT-320,Rainy,Intermediate,6,Smart,1469,Medium,1,99.7,Boom Power,None,None,None,None,None,85.0,56.5,14.6,29.1,0
T004,Grading,CAT-140,Sunny,Expert,5,Eco,1254,Medium,1,90.0,None,None,None,Normal 35°,2nd Gear,None,85.0,38.2,9.6,19.7,0
EX03,Earth Excavation,CAT-320,Rainy,Intermediate,3,Power,1501,Fine,0,102.6,Balanced,None,None,None,None,None,85.0,74.8,18.7,47.6,0
T005,Demolition,CAT-349,Windy,Intermediate,6,Eco,1597,Quick,0,90.0,None,None,None,None,None,Low Flow,68.7,160.1,27.9,39.9,0
GR03,Grading,CAT-140,Rainy,Intermediate,6,Power,1826,Medium,1,90.0,None,None,None,Spread 25°,2nd Gear,None,85.0,77.8,27.9,40.9,0
T005,Demolition,CAT-349,Windy,Intermediate,6,Power,1411,Quick,1,90.0,None,None,None,None,None,Low Flow,67.5,126.4,37.0,52.7,0
DM04,Demolition,CAT-349,Rainy,Intermediate,5,Eco,1451,Medium,1,90.0,None,None,None,None,None,Medium Flow,94.9,97.3,24.1,30.9,0
T001,Earth Excavation,CAT-320,Rainy,Expert,5,Eco,1815,Quick,0,106.1,Boom Power,None,None,None,None,None,85.0,100.8,16.4,34.3,0
T002,Trenching,CAT-420,Rainy,Intermediate,4,Eco,1577,Medium,0,71.6,None,Locked Down,None,None,None,None,85.0,71.4,6.9,38.2,0
T004,Grading,CAT-140,Sunny,Expert,5,Power,1752,Medium,1,90.0,None,None,None,Deep Cut 45°,2nd Gear,None,85.0,41.9,25.5,40.2,0
GR04,Grading,CAT-140,Cloudy,Intermediate,7,Smart,1791,Medium,1,90.0,None,None,None,Deep Cut 45°,3rd Gear,None,85.0,79.7,21.1,34.0,0
TR05,Trenching,CAT-420,Sunny,Intermediate,3,Eco,1747,Fine,0,54.8,None,Soft Ground,None,None,None,None,85.0,54.0,7.8,20.0,0
LD02,Material Loading,CAT-950M,Sunny,Expert,2,Power,1443,Medium,1,73.5,None,None,60% Mud,None,None,None,85.0,28.3,18.8,28.3,0
GR04,Grading,CAT-140,Cloudy,Intermediate,7,Eco,1985,Medium,1,90.0,None,None,None,Deep Cut 45°,3rd Gear,None,85.0,97.1,20.2,38.8,0
T002,Trenching,CAT-420,Rainy,Intermediate,4,Smart,1392,Medium,0,58.0,None,Standard,None,None,None,None,85.0,77.4,7.5,45.0,0
LD05,Material Loading,CAT-950M,Sunny,Expert,1,Smart,1946,Fine,1,54.1,None,None,60% Mud,None,None,None,85.0,31.0,22.6,17.9,0
LD03,Material Loading,CAT-950M,Windy,Expert,7,Smart,1418,Medium,1,85.8,None,None,80% Gravel,None,None,None,85.0,60.9,15.4,34.9,0
T004,Grading,CAT-140,Sunny,Expert,5,Power,1305,Fine,1,90.0,None,None,None,Spread 25°,2nd Gear,None,85.0,41.1,16.3,39.7,0
EX02,Earth Excavation,CAT-320,Sunny,Intermediate,4,Power,1680,Medium,0,91.8,Balanced,None,None,None,None,None,85.0,86.2,22.8,41.4,0
GR04,Grading,CAT-140,Windy,Expert,2,Eco,1363,Medium,1,90.0,None,None,None,Normal 35°,3rd Gear,None,85.0,85.5,10.8,9.6,0
DM05,Demolition,CAT-349,Windy,Expert,8,Power,1915,Medium,1,90.0,None,None,None,None,None,Medium Flow,65.9,108.6,59.2,55.1,0
EX04,Earth Excavation,CAT-320,Rainy,Beginner,5,Smart,1244,Medium,0,86.6,Swing Priority,None,None,None,None,None,85.0,64.1,11.0,32.9,0
LD05,Material Loading,CAT-950M,Sunny,Beginner,4,Power,2028,Quick,1,50.4,None,None,100% Max,None,None,None,85.0,26.7,32.2,48.0,0
GR05,Grading,CAT-140,Windy,Beginner,3,Eco,1446,Quick,0,90.0,None,None,None,Spread 25°,1st Gear,None,85.0,43.9,12.5,20.7,0
EX02,Earth Excavation,CAT-320,Sunny,Intermediate,4,Power,1627,Medium,1,61.7,Swing Priority,None,None,None,None,None,85.0,90.3,21.1,33.2,0
T003,Material Loading,CAT-950M,Cloudy,Expert,5,Smart,1907,Quick,1,70.3,None,None,100% Max,None,None,None,85.0,45.8,23.6,28.8,0
EX04,Earth Excavation,CAT-320,Cloudy,Beginner,1,Smart,1795,Fine,1,105.2,Boom Power,None,None,None,None,None,85.0,47.9,18.1,19.4,0
EX05,Earth Excavation,CAT-320,Rainy,Beginner,4,Power,1969,Medium,1,76.7,Boom Power,None,None,None,None,None,85.0,86.9,28.5,43.9,0
LD03,Material Loading,CAT-950M,Rainy,Intermediate,5,Power,1909,Quick,0,98.7,None,None,80% Gravel,None,None,None,85.0,51.1,29.9,47.5,0
LD03,Material Loading,CAT-950M,Rainy,Intermediate,5,Power,1978,Fine,1,71.8,None,None,100% Max,None,None,None,85.0,57.0,35.8,66.4,0
TR04,Trenching,CAT-420,Rainy,Intermediate,6,Smart,1595,Medium,1,52.8,None,Standard,None,None,None,None,85.0,71.4,9.8,42.9,0
GR04,Grading,CAT-140,Cloudy,Intermediate,7,Power,1560,Fine,1,90.0,None,None,None,Normal 35°,3rd Gear,None,85.0,76.4,22.6,44.1,0
DM02,Demolition,CAT-349,Sunny,Expert,4,Eco,1974,Quick,0,90.0,None,None,None,None,None,Medium Flow,84.1,118.7,37.5,42.0,0
TR02,Trenching,CAT-420,Sunny,Expert,2,Smart,1948,Medium,0,76.5,None,Locked Down,None,None,None,None,85.0,46.6,11.1,30.3,0
EX05,Earth Excavation,CAT-320,Windy,Expert,6,Smart,1765,Medium,1,65.1,Swing Priority,None,None,None,None,None,85.0,107.2,19.2,29.8,0
EX02,Earth Excavation,CAT-320,Sunny,Intermediate,4,Smart,1364,Fine,0,50.1,Swing Priority,None,None,None,None,None,85.0,132.7,12.5,30.2,0
LD05,Material Loading,CAT-950M,Sunny,Expert,1,Smart,1422,Fine,1,93.7,None,None,60% Mud,None,None,None,85.0,37.6,14.8,13.3,0
T005,Demolition,CAT-349,Windy,Intermediate,6,Smart,1992,Fine,1,90.0,None,None,None,None,None,Medium Flow,99.1,130.2,48.4,84.7,0
EX03,Earth Excavation,CAT-320,Rainy,Intermediate,3,Power,1917,Fine,0,57.2,Boom Power,None,None,None,None,None,85.0,81.6,27.3,42.8,0
TR05,Trenching,CAT-420,Rainy,Expert,7,Eco,1797,Quick,0,71.6,None,Soft Ground,None,None,None,None,85.0,80.3,9.2,35.5,0
T004,Grading,CAT-140,Sunny,Expert,5,Power,1270,Fine,1,90.0,None,None,None,Normal 35°,1st Gear,None,85.0,42.2,16.0,39.0,0
T001,Earth Excavation,CAT-320,Sunny,Expert,2,Eco,1345,Medium,1,75.8,Balanced,None,None,None,None,None,85.0,81.8,9.8,12.6,0
EX03,Earth Excavation,CAT-320,Rainy,Intermediate,3,Eco,1357,Quick,1,62.7,Swing Priority,None,None,None,None,None,85.0,73.1,10.3,13.2,0
T003,Material Loading,CAT-950M,Cloudy,Beginner,3,Smart,1747,Fine,0,101.5,None,None,60% Mud,None,None,None,85.0,56.9,20.7,26.6,0
T005,Demolition,CAT-349,Rainy,Expert,2,Power,1533,Fine,1,90.0,None,None,None,None,None,Low Flow,66.8,146.0,39.0,38.4,0
LD05,Material Loading,CAT-950M,Sunny,Expert,1,Eco,1542,Quick,1,81.9,None,None,80% Gravel,None,None,None,85.0,36.8,13.6,6.0,0
GR05,Grading,CAT-140,Windy,Beginner,3,Eco,1693,Fine,1,90.0,None,None,None,Spread 25°,1st Gear,None,85.0,32.0,15.2,13.6,0
GR04,Grading,CAT-140,Cloudy,Intermediate,7,Eco,1673,Fine,0,90.0,None,None,None,Spread 25°,1st Gear,None,85.0,100.3,15.5,36.1,0
GR03,Grading,CAT-140,Rainy,Intermediate,6,Power,1591,Quick,0,90.0,None,None,None,Deep Cut 45°,1st Gear,None,85.0,85.7,22.0,49.4,0
DM02,Demolition,CAT-349,Rainy,Expert,4,Smart,1767,Medium,1,90.0,None,None,None,None,None,Low Flow,71.9,96.6,39.3,22.8,0
T004,Grading,CAT-140,Sunny,Expert,5,Eco,1726,Medium,1,90.0,None,None,None,Spread 25°,3rd Gear,None,85.0,51.8,15.6,35.9,0
T001,Earth Excavation,CAT-320,Cloudy,Intermediate,3,Power,1646,Medium,0,70.8,Boom Power,None,None,None,None,None,85.0,86.7,21.5,36.0,0
T002,Trenching,CAT-420,Sunny,Expert,1,Eco,2120,Fine,0,50.7,None,Soft Ground,None,None,None,None,85.0,63.9,11.4,33.7,0
EX02,Earth Excavation,CAT-320,Windy,Expert,5,Power,1588,Quick,1,55.1,Balanced,None,None,None,None,None,85.0,98.0,21.1,36.9,0
DM03,Demolition,CAT-349,Windy,Intermediate,7,Power,1735,Quick,1,90.0,None,None,None,None,None,Low Flow,80.0,132.8,50.5,56.3,0
TR04,Trenching,CAT-420,Rainy,Intermediate,6,Eco,1394,Quick,1,77.8,None,Soft Ground,None,None,None,None,85.0,71.6,6.3,23.9,0
GR03,Grading,CAT-140,Rainy,Intermediate,6,Power,1875,Quick,1,90.0,None,None,None,Deep Cut 45°,3rd Gear,None,85.0,83.7,28.7,41.9,0
T005,Demolition,CAT-349,Windy,Intermediate,6,Power,1335,Medium,1,90.0,None,None,None,None,None,Low Flow,80.7,133.2,34.3,50.5,0
EX02,Earth Excavation,CAT-320,Sunny,Intermediate,4,Smart,1285,Fine,1,72.0,Boom Power,None,None,None,None,None,85.0,111.3,11.8,22.6,0
EX02,Earth Excavation,CAT-320,Sunny,Intermediate,4,Power,1973,Quick,1,108.2,Swing Priority,None,None,None,None,None,85.0,74.3,28.9,50.7,0
T001,Earth Excavation,CAT-320,Sunny,Intermediate,3,Smart,1704,Quick,1,77.3,Boom Power,None,None,None,None,None,85.0,66.7,18.2,19.4,0
TR04,Trenching,CAT-420,Rainy,Intermediate,6,Eco,1481,Quick,1,67.5,None,Standard,None,None,None,None,85.0,80.6,6.8,39.1,0
DM04,Demolition,CAT-349,Sunny,Intermediate,6,Smart,1524,Quick,0,90.0,None,None,None,None,None,High Flow,77.0,108.3,32.3,48.4,0
GR04,Grading,CAT-140,Cloudy,Intermediate,7,Smart,1611,Medium,1,90.0,None,None,None,Spread 25°,2nd Gear,None,85.0,69.7,18.4,32.6,0
GR04,Grading,CAT-140,Cloudy,Intermediate,7,Eco,1746,Medium,1,90.0,None,None,None,Deep Cut 45°,3rd Gear,None,85.0,89.8,16.9,28.4,0
DM04,Demolition,CAT-349,Rainy,Intermediate,5,Power,1413,Quick,0,90.0,None,None,None,None,None,Low Flow,85.4,103.8,36.6,55.9,0
TR03,Trenching,CAT-420,Cloudy,Intermediate,5,Smart,2099,Medium,1,84.3,None,Soft Ground,None,None,None,None,85.0,76.4,13.8,43.8,0
EX02,Earth Excavation,CAT-320,Sunny,Intermediate,4,Power,1361,Quick,1,104.5,Swing Priority,None,None,None,None,None,85.0,88.0,16.7,41.9,0
T003,Material Loading,CAT-950M,Cloudy,Beginner,3,Power,1905,Medium,0,78.4,None,None,60% Mud,None,None,None,85.0,49.0,29.3,40.9,0
GR04,Grading,CAT-140,Cloudy,Intermediate,7,Power,1232,Quick,1,90.0,None,None,None,Spread 25°,1st Gear,None,85.0,108.3,15.0,45.0,0
GR02,Grading,CAT-140,Windy,Intermediate,2,Smart,1362,Medium,0,90.0,None,None,None,Deep Cut 45°,2nd Gear,None,85.0,68.7,13.1,24.8,0
T001,Earth Excavation,CAT-320,Sunny,Expert,2,Smart,1652,Quick,1,51.3,Boom Power,None,None,None,None,None,85.0,75.8,16.5,16.1,0
GR05,Grading,CAT-140,Windy,Beginner,3,Smart,1269,Quick,1,90.0,None,None,None,Spread 25°,3rd Gear,None,85.0,38.5,12.3,19.6,0
GR03,Grading,CAT-140,Rainy,Beginner,3,Smart,1510,Fine,0,90.0,None,None,None,Normal 35°,3rd Gear,None,85.0,74.1,15.7,26.7,0
DM03,Demolition,CAT-349,Cloudy,Expert,1,Smart,1627,Quick,1,90.0,None,None,None,None,None,Low Flow,97.8,126.4,32.8,38.2,0
TR02,Trenching,CAT-420,Sunny,Expert,2,Eco,1900,Medium,1,92.1,None,Soft Ground,None,None,None,None,85.0,40.5,9.6,13.5,0
EX05,Earth Excavation,CAT-320,Sunny,Beginner,1,Power,1426,Medium,1,68.3,Balanced,None,None,None,None,None,85.0,101.5,17.2,23.9,0
LD05,Material Loading,CAT-950M,Sunny,Expert,2,Eco,1647,Quick,1,102.2,None,None,60% Mud,None,None,None,85.0,34.3,14.5,9.3,0
GR04,Grading,CAT-140,Cloudy,Intermediate,7,Smart,1686,Quick,1,90.0,None,None,None,Spread 25°,2nd Gear,None,85.0,85.3,20.1,33.1,0
TR04,Trenching,CAT-420,Windy,Intermediate,6,Smart,1428,Medium,0,53.2,None,Soft Ground,None,None,None,None,85.0,78.9,7.3,36.5,0
EX05,Earth Excavation,CAT-320,Sunny,Beginner,3,Eco,1519,Medium,1,53.4,Balanced,None,None,None,None,None,85.0,121.8,12.5,13.7,0
EX04,Earth Excavation,CAT-320,Cloudy,Beginner,1,Eco,1321,Medium,0,85.9,Balanced,None,None,None,None,None,85.0,62.3,10.1,12.6,0
EX04,Earth Excavation,CAT-320,Cloudy,Beginner,1,Power,1603,Medium,1,50.4,Boom Power,None,None,None,None,None,85.0,49.9,20.4,26.0,0
GR05,Grading,CAT-140,Windy,Beginner,3,Smart,1230,Fine,0,90.0,None,None,None,Spread 25°,2nd Gear,None,85.0,40.8,11.5,26.6,0
LD03,Material Loading,CAT-950M,Rainy,Intermediate,5,Power,2027,Medium,0,93.0,None,None,60% Mud,None,None,None,85.0,46.5,33.3,58.9,0
T001,Earth Excavation,CAT-320,Windy,Beginner,4,Smart,1891,Fine,1,77.4,Swing Priority,None,None,None,None,None,85.0,76.7,20.9,25.1,0
EX04,Earth Excavation,CAT-320,Cloudy,Beginner,1,Eco,1639,Fine,0,75.0,Balanced,None,None,None,None,None,85.0,62.1,13.2,13.9,0
LD02,Material Loading,CAT-950M,Sunny,Expert,2,Power,1961,Fine,1,83.5,None,None,80% Gravel,None,None,None,85.0,25.8,30.1,37.5,0
EX03,Earth Excavation,CAT-320,Rainy,Intermediate,3,Eco,1443,Fine,1,61.6,Balanced,None,None,None,None,None,85.0,77.5,11.2,12.6,0
EX05,Earth Excavation,CAT-320,Windy,Expert,6,Smart,1824,Fine,0,78.3,Balanced,None,None,None,None,None,85.0,119.3,20.3,37.6,0
EX02,Earth Excavation,CAT-320,Sunny,Intermediate,4,Power,1474,Medium,1,109.3,Balanced,None,None,None,None,None,85.0,85.9,18.1,42.9,0
T004,Grading,CAT-140,Sunny,Expert,5,Power,1912,Medium,0,90.0,None,None,None,Spread 25°,1st Gear,None,85.0,55.8,29.2,50.4,0
TR04,Trenching,CAT-420,Rainy,Intermediate,6,Eco,1481,Fine,1,60.1,None,Locked Down,None,None,None,None,85.0,67.4,6.7,38.4,0
TR03,Trenching,CAT-420,Cloudy,Intermediate,5,Smart,1667,Medium,1,83.3,None,Standard,None,None,None,None,85.0,67.7,9.8,27.0,0
EX02,Earth Excavation,CAT-320,Sunny,Intermediate,4,Smart,1546,Fine,1,82.1,Boom Power,None,None,None,None,None,85.0,89.8,14.8,22.4,0
GR02,Grading,CAT-140,Sunny,Expert,2,Power,1909,Fine,1,90.0,None,None,None,Deep Cut 45°,2nd Gear,None,85.0,57.4,28.3,33.1,0
T004,Grading,CAT-140,Sunny,Expert,5,Smart,1969,Medium,1,90.0,None,None,None,Deep Cut 45°,2nd Gear,None,85.0,42.6,23.1,35.9,0
LD03,Material Loading,CAT-950M,Rainy,Intermediate,5,Eco,1522,Medium,1,107.5,None,None,60% Mud,None,None,None,85.0,48.3,13.4,19.3,0
DM05,Demolition,CAT-349,Windy,Expert,8,Smart,1664,Quick,0,90.0,None,None,None,None,None,High Flow,100.0,145.1,37.8,90.2,0
TR03,Trenching,CAT-420,Sunny,Expert,4,Eco,1282,Medium,1,58.5,None,Locked Down,None,None,None,None,85.0,82.7,4.5,16.0,0
EX02,Earth Excavation,CAT-320,Rainy,Intermediate,7,Eco,1269,Fine,0,68.2,Balanced,None,None,None,None,None,85.0,183.4,10.1,32.3,0
DM04,Demolition,CAT-349,Rainy,Intermediate,5,Power,2118,Fine,1,90.0,None,None,None,None,None,Medium Flow,65.2,80.6,66.6,60.4,0
GR04,Grading,CAT-140,Cloudy,Intermediate,7,Power,1786,Fine,1,90.0,None,None,None,Normal 35°,3rd Gear,None,85.0,80.0,27.8,48.2,0
TR05,Trenching,CAT-420,Sunny,Beginner,3,Eco,1605,Fine,0,59.3,None,Locked Down,None,None,None,None,85.0,55.8,7.4,20.8,0
TR03,Trenching,CAT-420,Cloudy,Intermediate,5,Smart,1894,Fine,0,78.3,None,Locked Down,None,None,None,None,85.0,76.4,12.3,36.0,0
TR02,Trenching,CAT-420,Cloudy,Intermediate,3,Eco,1370,Fine,0,71.1,None,Locked Down,None,None,None,None,85.0,42.3,5.2,20.4,0
EX05,Earth Excavation,CAT-320,Cloudy,Intermediate,2,Power,1835,Quick,0,84.6,Swing Priority,None,None,None,None,None,85.0,91.9,25.2,34.3,0
T003,Material Loading,CAT-950M,Cloudy,Beginner,3,Eco,1490,Fine,1,63.5,None,None,80% Gravel,None,None,None,85.0,58.5,12.9,10.0,0
T005,Demolition,CAT-349,Cloudy,Expert,3,Power,2170,Quick,1,90.0,None,None,None,None,None,High Flow,85.0,89.8,67.3,55.2,0
LD02,Material Loading,CAT-950M,Sunny,Expert,2,Power,1766,Fine,0,93.1,None,None,100% Max,None,None,None,85.0,29.8,25.6,32.3,0
DM03,Demolition,CAT-349,Windy,Intermediate,7,Eco,2080,Quick,0,90.0,None,None,None,None,None,High Flow,73.5,171.8,42.3,59.9,0
GR04,Grading,CAT-140,Cloudy,Intermediate,7,Power,1916,Fine,0,90.0,None,None,None,Normal 35°,3rd Gear,None,85.0,95.1,30.4,57.7,0
TR03,Trenching,CAT-420,Cloudy,Intermediate,5,Eco,1887,Medium,0,65.0,None,Locked Down,None,None,None,None,85.0,86.8,9.6,29.6,0
EX03,Earth Excavation,CAT-320,Rainy,Intermediate,3,Smart,1482,Fine,1,68.9,Swing Priority,None,None,None,None,None,85.0,81.3,14.4,18.8,0
DM03,Demolition,CAT-349,Windy,Intermediate,7,Power,2177,Medium,1,90.0,None,None,None,None,None,Medium Flow,79.4,118.8,71.8,67.7,0
TR02,Trenching,CAT-420,Sunny,Expert,2,Eco,2183,Medium,0,63.3,None,Soft Ground,None,None,None,None,85.0,50.2,11.8,40.5,0
DM04,Demolition,CAT-349,Rainy,Intermediate,5,Smart,1909,Medium,1,90.0,None,None,None,None,None,Low Flow,67.2,84.3,45.0,41.6,0
LD04,Material Loading,CAT-950M,Windy,Intermediate,4,Smart,1468,Medium,1,100.5,None,None,60% Mud,None,None,None,85.0,41.6,15.6,24.4,0
T004,Grading,CAT-140,Rainy,Intermediate,3,Eco,1635,Fine,0,90.0,None,None,None,Normal 35°,2nd Gear,None,85.0,40.5,14.3,19.7,0
EX04,Earth Excavation,CAT-320,Cloudy,Beginner,1,Eco,1391,Medium,0,62.8,Swing Priority,None,None,None,None,None,85.0,67.9,10.2,12.8,0
GR03,Grading,CAT-140,Sunny,Expert,6,Power,1512,Medium,1,90.0,None,None,None,Normal 35°,3rd Gear,None,85.0,76.8,20.7,42.9,0
T002,Trenching,CAT-420,Rainy,Intermediate,4,Smart,1268,Fine,0,67.4,None,Standard,None,None,None,None,85.0,78.5,5.9,44.6,0
TR02,Trenching,CAT-420,Windy,Expert,5,Smart,2044,Medium,0,69.8,None,Soft Ground,None,None,None,None,85.0,55.8,13.0,49.1,0
LD03,Material Loading,CAT-950M,Rainy,Intermediate,5,Smart,1348,Fine,0,92.1,None,None,60% Mud,None,None,None,85.0,67.7,14.0,35.0,0
LD04,Material Loading,CAT-950M,Windy,Intermediate,4,Power,1912,Quick,1,68.2,None,None,60% Mud,None,None,None,85.0,34.8,29.6,40.6,0
EX04,Earth Excavation,CAT-320,Cloudy,Beginner,1,Eco,1557,Quick,0,93.6,Swing Priority,None,None,None,None,None,85.0,53.3,11.9,14.4,0
T004,Grading,CAT-140,Cloudy,Intermediate,7,Smart,1325,Quick,0,90.0,None,None,None,Deep Cut 45°,3rd Gear,None,85.0,73.7,13.8,58.4,0
LD03,Material Loading,CAT-950M,Rainy,Intermediate,5,Smart,1519,Medium,0,78.5,None,None,60% Mud,None,None,None,85.0,56.6,16.2,33.7,0
TR04,Trenching,CAT-420,Rainy,Intermediate,6,Smart,1831,Fine,1,78.5,None,Locked Down,None,None,None,None,85.0,74.2,10.9,43.9,0
EX02,Earth Excavation,CAT-320,Sunny,Intermediate,4,Power,1345,Quick,0,80.2,Boom Power,None,None,None,None,None,85.0,89.2,15.8,40.7,0
LD02,Material Loading,CAT-950M,Windy,Expert,4,Eco,2042,Medium,1,102.1,None,None,80% Gravel,None,None,None,85.0,32.7,20.8,31.5,0
GR03,Grading,CAT-140,Rainy,Intermediate,6,Smart,1820,Quick,1,90.0,None,None,None,Normal 35°,2nd Gear,None,85.0,82.4,21.9,30.4,0
EX03,Earth Excavation,CAT-320,Rainy,Intermediate,3,Power,1867,Fine,1,84.6,Boom Power,None,None,None,None,None,85.0,61.8,25.8,35.3,0
GR04,Grading,CAT-140,Cloudy,Intermediate,7,Power,1622,Fine,0,90.0,None,None,None,Normal 35°,1st Gear,None,85.0,87.1,23.5,52.4,0
T002,Trenching,CAT-420,Rainy,Beginner,3,Smart,1492,Fine,1,80.0,None,Standard,None,None,None,None,85.0,62.1,8.2,32.6,0
TR02,Trenching,CAT-420,Rainy,Intermediate,5,Power,1995,Fine,0,59.0,None,Locked Down,None,None,None,None,85.0,55.9,16.8,69.0,0
LD03,Material Loading,CAT-950M,Rainy,Intermediate,5,Smart,1819,Quick,1,102.1,None,None,60% Mud,None,None,None,85.0,45.1,22.1,27.8,0
DM03,Demolition,CAT-349,Windy,Intermediate,7,Power,1367,Medium,0,90.0,None,None,None,None,None,Low Flow,68.9,181.3,35.2,63.2,0
EX05,Earth Excavation,CAT-320,Windy,Expert,6,Power,1688,Fine,1,100.1,Boom Power,None,None,None,None,None,85.0,96.6,23.1,42.4,0
DM05,Demolition,CAT-349,Windy,Expert,8,Smart,1962,Quick,1,90.0,None,None,None,None,None,Medium Flow,74.6,108.8,48.8,45.6,0
TR04,Trenching,CAT-420,Rainy,Intermediate,6,Smart,1224,Quick,1,88.3,None,Soft Ground,None,None,None,None,85.0,78.0,6.5,30.6,0
T002,Trenching,CAT-420,Rainy,Intermediate,4,Eco,2174,Quick,1,103.7,None,Locked Down,None,None,None,None,85.0,82.6,12.2,55.2,0
LD03,Material Loading,CAT-950M,Rainy,Intermediate,5,Smart,2085,Quick,0,104.7,None,None,100% Max,None,None,None,85.0,57.0,30.0,68.6,0
T004,Grading,CAT-140,Cloudy,Intermediate,1,Smart,1489,Medium,0,90.0,None,None,None,Normal 35°,3rd Gear,None,85.0,51.0,15.2,34.7,0
DM02,Demolition,CAT-349,Sunny,Expert,4,Eco,1684,Fine,0,90.0,None,None,None,None,None,High Flow,81.4,147.8,29.8,34.7,0
LD05,Material Loading,CAT-950M,Cloudy,Expert,5,Smart,1549,Quick,1,81.5,None,None,60% Mud,None,None,None,85.0,33.2,16.6,28.1,0
LD05,Material Loading,CAT-950M,Sunny,Expert,1,Smart,1829,Quick,1,92.9,None,None,100% Max,None,None,None,85.0,26.2,20.6,11.1,0
LD02,Material Loading,CAT-950M,Rainy,Intermediate,2,Power,1400,Quick,1,89.3,None,None,100% Max,None,None,None,85.0,34.1,20.1,43.9,0
GR04,Grading,CAT-140,Cloudy,Intermediate,7,Eco,1261,Fine,1,90.0,None,None,None,Spread 25°,1st Gear,None,85.0,94.6,10.6,28.1,0
LD05,Material Loading,CAT-950M,Sunny,Expert,1,Smart,1495,Quick,0,75.3,None,None,80% Gravel,None,None,None,85.0,36.1,15.0,19.2,0
LD05,Material Loading,CAT-950M,Sunny,Expert,1,Power,1573,Fine,1,82.8,None,None,60% Mud,None,None,None,85.0,34.4,21.3,24.1,0
LD02,Material Loading,CAT-950M,Sunny,Expert,2,Smart,1765,Fine,1,61.2,None,None,80% Gravel,None,None,None,85.0,28.7,20.0,16.1,0
GR04,Grading,CAT-140,Cloudy,Intermediate,7,Smart,1872,Fine,1,90.0,None,None,None,Normal 35°,3rd Gear,None,85.0,75.9,23.3,35.5,0
DM03,Demolition,CAT-349,Windy,Intermediate,7,Eco,1594,Medium,0,90.0,None,None,None,None,None,High Flow,77.2,198.9,28.7,45.9,0
DM05,Demolition,CAT-349,Rainy,Expert,4,Eco,1967,Medium,1,90.0,None,None,None,None,None,High Flow,88.6,148.6,37.4,34.2,0
T001,Earth Excavation,CAT-320,Sunny,Beginner,8,Power,1300,Fine,1,57.8,Swing Priority,None,None,None,None,None,85.0,104.6,16.3,49.1,0
TR03,Trenching,CAT-420,Cloudy,Intermediate,5,Smart,1384,Quick,1,55.8,None,Locked Down,None,None,None,None,85.0,84.5,7.5,28.0,0
TR04,Trenching,CAT-420,Rainy,Intermediate,6,Smart,1818,Medium,1,93.0,None,Soft Ground,None,None,None,None,85.0,67.4,11.5,29.4,0
LD05,Material Loading,CAT-950M,Sunny,Expert,1,Power,1812,Quick,0,68.8,None,None,60% Mud,None,None,None,85.0,31.5,25.9,31.8,0
T001,Earth Excavation,CAT-320,Sunny,Expert,2,Power,1769,Medium,1,60.6,Boom Power,None,None,None,None,None,85.0,72.6,23.1,28.5,0
GR05,Grading,CAT-140,Windy,Beginner,3,Power,1600,Fine,1,90.0,None,None,None,Normal 35°,2nd Gear,None,85.0,36.4,21.5,32.3,0
T005,Demolition,CAT-349,Windy,Intermediate,6,Smart,1441,Medium,1,90.0,None,None,None,None,None,High Flow,88.9,119.7,29.8,29.4,0
TR05,Trenching,CAT-420,Sunny,Beginner,3,Power,1605,Fine,1,104.1,None,Locked Down,None,None,None,None,85.0,38.7,11.2,30.2,0
LD03,Material Loading,CAT-950M,Rainy,Intermediate,5,Power,1583,Fine,1,83.9,None,None,100% Max,None,None,None,85.0,59.5,25.4,57.1,0
T004,Grading,CAT-140,Cloudy,Intermediate,7,Smart,1282,Quick,0,90.0,None,None,None,Deep Cut 45°,3rd Gear,None,85.0,74.4,13.2,56.8,0
TR02,Trenching,CAT-420,Sunny,Expert,2,Power,1368,Fine,1,103.3,None,Locked Down,None,None,None,None,85.0,35.9,8.9,26.6,0
T004,Grading,CAT-140,Cloudy,Beginner,5,Power,1350,Quick,0,90.0,None,None,None,Spread 25°,2nd Gear,None,85.0,55.8,17.2,45.2,0
EX05,Earth Excavation,CAT-320,Rainy,Expert,6,Eco,1315,Fine,0,56.3,Boom Power,None,None,None,None,None,85.0,192.4,10.1,29.6,0
TR05,Trenching,CAT-420,Sunny,Beginner,3,Smart,1297,Medium,0,59.2,None,Standard,None,None,None,None,85.0,52.6,7.0,25.0,0
LD05,Material Loading,CAT-950M,Windy,Expert,1,Power,1729,Quick,1,90.6,None,None,60% Mud,None,None,None,85.0,30.9,24.9,25.7,0
T004,Grading,CAT-140,Sunny,Expert,7,Smart,1655,Medium,0,90.0,None,None,None,Spread 25°,1st Gear,None,85.0,49.5,19.2,39.4,0
TR02,Trenching,CAT-420,Sunny,Expert,2,Power,1874,Medium,0,103.9,None,Locked Down,None,None,None,None,85.0,44.0,14.1,37.0,0
T002,Trenching,CAT-420,Windy,Expert,6,Eco,2110,Medium,1,71.1,None,Soft Ground,None,None,None,None,85.0,69.5,11.3,45.4,0
LD05,Material Loading,CAT-950M,Sunny,Expert,1,Eco,1650,Quick,1,68.6,None,None,80% Gravel,None,None,None,85.0,34.3,14.8,6.4,0
DM05,Demolition,CAT-349,Rainy,Expert,7,Smart,1541,Medium,1,90.0,None,None,None,None,None,Medium Flow,96.9,133.5,33.6,64.7,0
LD03,Material Loading,CAT-950M,Rainy,Intermediate,5,Power,1505,Fine,1,93.2,None,None,60% Mud,None,None,None,85.0,52.9,21.0,37.3,0
T003,Material Loading,CAT-950M,Rainy,Expert,1,Eco,1958,Quick,1,64.1,None,None,60% Mud,None,None,None,85.0,53.2,18.6,16.5,0
DM03,Demolition,CAT-349,Cloudy,Beginner,3,Smart,1836,Quick,1,90.0,None,None,None,None,None,Low Flow,68.8,125.7,40.7,30.5,0
EX03,Earth Excavation,CAT-320,Cloudy,Intermediate,5,Power,1972,Quick,1,104.9,Balanced,None,None,None,None,None,85.0,53.8,29.4,55.5,0
LD04,Material Loading,CAT-950M,Rainy,Intermediate,6,Smart,1408,Fine,0,108.6,None,None,80% Gravel,None,None,None,85.0,59.9,15.1,38.0,0
T001,Earth Excavation,CAT-320,Sunny,Expert,2,Power,1502,Fine,0,55.3,Swing Priority,None,None,None,None,None,85.0,99.0,18.1,37.2,0
GR04,Grading,CAT-140,Cloudy,Intermediate,7,Eco,1333,Medium,1,90.0,None,None,None,Spread 25°,2nd Gear,None,85.0,86.7,11.2,28.4,0
T005,Demolition,CAT-349,Windy,Intermediate,6,Power,1747,Quick,0,90.0,None,None,None,None,None,Low Flow,94.5,128.7,51.0,83.3,0
DM02,Demolition,CAT-349,Sunny,Expert,4,Eco,1958,Fine,1,90.0,None,None,None,None,None,Medium Flow,71.1,121.9,36.9,34.7,0
LD05,Material Loading,CAT-950M,Sunny,Expert,1,Power,1727,Medium,1,109.8,None,None,60% Mud,None,None,None,85.0,28.6,24.9,24.4,0
TR02,Trenching,CAT-420,Sunny,Expert,2,Power,1632,Fine,0,93.8,None,Locked Down,None,None,None,None,85.0,39.6,11.7,37.1,0
EX04,Earth Excavation,CAT-320,Cloudy,Beginner,1,Smart,1704,Quick,1,75.0,Swing Priority,None,None,None,None,None,85.0,37.6,17.0,11.7,0
LD04,Material Loading,CAT-950M,Sunny,Intermediate,2,Eco,1888,Fine,1,69.2,None,None,100% Max,None,None,None,85.0,45.4,18.2,12.5,0
TR02,Trenching,CAT-420,Rainy,Expert,6,Smart,1962,Medium,0,57.9,None,Locked Down,None,None,None,None,85.0,63.0,12.4,61.9,0
T004,Grading,CAT-140,Windy,Beginner,6,Eco,1614,Fine,1,90.0,None,None,None,Spread 25°,3rd Gear,None,85.0,53.6,14.7,39.5,0
DM02,Demolition,CAT-349,Sunny,Expert,4,Eco,1958,Quick,0,90.0,None,None,None,None,None,High Flow,73.2,119.7,37.4,43.4,0
EX04,Earth Excavation,CAT-320,Rainy,Intermediate,8,Smart,1368,Medium,0,64.2,Swing Priority,None,None,None,None,None,85.0,76.1,13.8,42.1,0
EX02,Earth Excavation,CAT-320,Cloudy,Intermediate,6,Power,1893,Fine,0,90.2,Swing Priority,None,None,None,None,None,85.0,97.7,27.4,48.7,0
T001,Earth Excavation,CAT-320,Rainy,Intermediate,6,Smart,1363,Quick,0,87.6,Boom Power,None,None,None,None,None,85.0,98.4,12.4,38.0,0
EX03,Earth Excavation,CAT-320,Rainy,Intermediate,3,Smart,1840,Fine,0,77.1,Balanced,None,None,None,None,None,85.0,71.6,20.1,28.4,0
LD05,Material Loading,CAT-950M,Sunny,Expert,1,Smart,1693,Quick,1,61.5,None,None,80% Gravel,None,None,None,85.0,28.3,18.5,12.2,0
T005,Demolition,CAT-349,Rainy,Beginner,2,Power,2157,Quick,0,90.0,None,None,None,None,None,Low Flow,83.7,125.8,65.6,70.1,0
EX04,Earth Excavation,CAT-320,Cloudy,Beginner,1,Power,1303,Medium,1,72.5,Boom Power,None,None,None,None,None,85.0,53.9,14.5,26.3,0
LD05,Material Loading,CAT-950M,Sunny,Expert,1,Smart,1476,Medium,1,59.9,None,None,100% Max,None,None,None,85.0,31.2,15.4,12.3,0
DM04,Demolition,CAT-349,Rainy,Intermediate,8,Eco,1939,Medium,1,90.0,None,None,None,None,None,Low Flow,79.7,100.8,38.8,48.3,0
TR04,Trenching,CAT-420,Rainy,Intermediate,6,Eco,1309,Quick,1,103.1,None,Locked Down,None,None,None,None,85.0,83.7,5.8,36.7,0
DM05,Demolition,CAT-349,Rainy,Expert,6,Power,1520,Quick,1,90.0,None,None,None,None,None,Low Flow,90.1,139.3,41.3,53.0,0
LD04,Material Loading,CAT-950M,Windy,Intermediate,4,Eco,1362,Medium,0,69.9,None,None,100% Max,None,None,None,85.0,57.5,11.9,23.2,0
T005,Demolition,CAT-349,Windy,Intermediate,6,Power,1916,Quick,0,90.0,None,None,None,None,None,High Flow,72.4,110.8,57.7,52.1,0
T002,Trenching,CAT-420,Rainy,Intermediate,4,Smart,1219,Medium,1,98.4,None,Soft Ground,None,None,None,None,85.0,63.5,6.0,23.3,0
DM05,Demolition,CAT-349,Windy,Expert,8,Eco,1604,Medium,1,90.0,None,None,None,None,None,Low Flow,65.2,152.6,29.4,40.8,0
GR02,Grading,CAT-140,Sunny,Expert,2,Power,1832,Medium,1,90.0,None,None,None,Spread 25°,1st Gear,None,85.0,54.1,26.2,28.1,0
LD05,Material Loading,CAT-950M,Sunny,Expert,1,Power,1798,Medium,0,68.5,None,None,80% Gravel,None,None,None,85.0,33.2,25.8,31.0,0
LD05,Material Loading,CAT-950M,Sunny,Expert,1,Smart,2057,Quick,1,74.4,None,None,60% Mud,None,None,None,85.0,28.5,24.9,29.5,0
LD03,Material Loading,CAT-950M,Rainy,Intermediate,5,Power,2018,Quick,0,104.5,None,None,60% Mud,None,None,None,85.0,47.9,32.9,58.5,0
GR05,Grading,CAT-140,Cloudy,Expert,4,Power,1880,Medium,1,90.0,None,None,None,Normal 35°,1st Gear,None,85.0,42.1,28.2,37.2,0
TR03,Trenching,CAT-420,Cloudy,Expert,8,Power,1249,Medium,1,58.2,None,Soft Ground,None,None,None,None,85.0,81.3,8.8,49.9,0
EX04,Earth Excavation,CAT-320,Rainy,Intermediate,1,Smart,1732,Quick,1,99.4,Balanced,None,None,None,None,None,85.0,45.5,17.7,12.1,0
GR03,Grading,CAT-140,Rainy,Intermediate,6,Power,1567,Fine,0,90.0,None,None,None,Spread 25°,2nd Gear,None,85.0,83.0,22.1,49.0,0
EX05,Earth Excavation,CAT-320,Windy,Intermediate,2,Power,1812,Fine,0,79.1,Balanced,None,None,None,None,None,85.0,107.3,24.6,33.8,0
TR02,Trenching,CAT-420,Sunny,Expert,2,Eco,1372,Quick,0,98.0,None,Standard,None,None,None,None,85.0,46.5,5.9,17.0,0
EX02,Earth Excavation,CAT-320,Sunny,Intermediate,8,Power,1258,Quick,1,87.6,Swing Priority,None,None,None,None,None,85.0,93.2,15.6,48.3,0
T004,Grading,CAT-140,Sunny,Expert,5,Power,1854,Fine,1,90.0,None,None,None,Normal 35°,3rd Gear,None,85.0,52.8,28.1,56.7,0
T004,Grading,CAT-140,Rainy,Expert,3,Eco,1305,Fine,0,90.0,None,None,None,Deep Cut 45°,3rd Gear,None,85.0,63.4,10.9,38.9,0
T003,Material Loading,CAT-950M,Cloudy,Beginner,3,Smart,1371,Medium,1,75.1,None,None,100% Max,None,None,None,85.0,52.6,13.9,20.0,0
DM05,Demolition,CAT-349,Windy,Expert,8,Smart,1391,Medium,1,90.0,None,None,None,None,None,Medium Flow,86.8,127.5,29.2,36.3,0
EX05,Earth Excavation,CAT-320,Windy,Expert,6,Power,1386,Quick,1,88.4,Boom Power,None,None,None,None,None,85.0,92.8,17.0,42.3,0
TR05,Trenching,CAT-420,Cloudy,Beginner,4,Eco,1327,Quick,1,73.5,None,Locked Down,None,None,None,None,85.0,63.5,5.8,16.0,0
LD02,Material Loading,CAT-950M,Rainy,Expert,3,Power,1907,Quick,1,56.3,None,None,100% Max,None,None,None,85.0,30.9,32.7,53.7,0
EX04,Earth Excavation,CAT-320,Windy,Expert,7,Power,1960,Quick,0,82.1,Balanced,None,None,None,None,None,85.0,52.7,29.8,60.2,0
T001,Earth Excavation,CAT-320,Sunny,Expert,2,Eco,1594,Medium,0,78.3,Boom Power,None,None,None,None,None,85.0,91.7,12.9,16.6,0
EX02,Earth Excavation,CAT-320,Sunny,Intermediate,4,Eco,1466,Medium,1,79.5,Swing Priority,None,None,None,None,None,85.0,98.4,11.3,17.5,0
EX02,Earth Excavation,CAT-320,Sunny,Intermediate,4,Smart,1835,Fine,1,79.2,Swing Priority,None,None,None,None,None,85.0,86.2,20.0,21.9,0
LD02,Material Loading,CAT-950M,Sunny,Expert,4,Power,1668,Quick,0,68.4,None,None,100% Max,None,None,None,85.0,28.3,24.2,41.8,0
DM03,Demolition,CAT-349,Windy,Intermediate,7,Power,1789,Fine,1,90.0,None,None,None,None,None,Medium Flow,84.3,119.0,52.4,45.4,0
LD04,Material Loading,CAT-950M,Cloudy,Beginner,1,Power,1506,Medium,0,64.6,None,None,80% Gravel,None,None,None,85.0,41.5,20.4,31.2,0
TR03,Trenching,CAT-420,Cloudy,Expert,4,Eco,1405,Medium,1,89.0,None,Locked Down,None,None,None,None,85.0,79.1,6.0,16.2,0
EX03,Earth Excavation,CAT-320,Rainy,Intermediate,3,Eco,1650,Quick,1,62.3,Balanced,None,None,None,None,None,85.0,62.8,13.7,14.0,0
EX02,Earth Excavation,CAT-320,Sunny,Intermediate,4,Power,1899,Medium,0,71.2,Boom Power,None,None,None,None,None,85.0,89.1,27.3,45.6,0
TR04,Trenching,CAT-420,Rainy,Intermediate,6,Smart,1281,Quick,1,60.8,None,Soft Ground,None,None,None,None,85.0,75.7,6.9,29.8,0
EX05,Earth Excavation,CAT-320,Sunny,Intermediate,5,Power,1635,Quick,0,66.2,Boom Power,None,None,None,None,None,85.0,109.6,22.3,45.0,0
T003,Material Loading,CAT-950M,Cloudy,Beginner,3,Eco,1390,Quick,0,50.2,None,None,100% Max,None,None,None,85.0,64.9,11.7,22.3,0
T002,Trenching,CAT-420,Rainy,Intermediate,4,Power,1500,Medium,0,58.3,None,Soft Ground,None,None,None,None,85.0,61.8,10.1,42.3,0
TR02,Trenching,CAT-420,Sunny,Expert,2,Smart,1277,Medium,0,51.0,None,Locked Down,None,None,None,None,85.0,47.2,6.3,21.9,0
GR02,Grading,CAT-140,Sunny,Expert,2,Power,1946,Quick,0,90.0,None,None,None,Deep Cut 45°,2nd Gear,None,85.0,79.1,29.0,39.4,0
LD05,Material Loading,CAT-950M,Sunny,Expert,1,Power,1386,Quick,1,102.6,None,None,60% Mud,None,None,None,85.0,30.9,17.4,25.1,0
EX02,Earth Excavation,CAT-320,Sunny,Intermediate,4,Smart,1609,Medium,1,79.2,Swing Priority,None,None,None,None,None,85.0,82.0,16.5,24.4,0
LD03,Material Loading,CAT-950M,Rainy,Intermediate,5,Power,1340,Medium,0,53.8,None,None,100% Max,None,None,None,85.0,66.1,20.1,64.6,0
DM05,Demolition,CAT-349,Windy,Expert,8,Power,1422,Medium,1,90.0,None,None,None,None,None,Medium Flow,94.3,121.2,37.8,72.6,0
T005,Demolition,CAT-349,Windy,Intermediate,6,Power,1529,Fine,1,90.0,None,None,None,None,None,Low Flow,82.1,140.4,41.4,52.0,0
DM05,Demolition,CAT-349,Windy,Expert,8,Eco,1350,Quick,0,90.0,None,None,None,None,None,High Flow,70.0,185.0,22.4,51.7,0
T005,Demolition,CAT-349,Windy,Beginner,2,Power,1805,Quick,1,90.0,None,None,None,None,None,High Flow,71.0,91.8,49.9,26.8,0
DM05,Demolition,CAT-349,Windy,Expert,8,Eco,1834,Quick,1,90.0,None,None,None,None,None,Low Flow,72.4,141.5,36.0,42.2,0
LD05,Material Loading,CAT-950M,Sunny,Beginner,2,Eco,1926,Fine,1,106.2,None,None,100% Max,None,None,None,85.0,36.3,18.4,16.1,0
EX03,Earth Excavation,CAT-320,Rainy,Intermediate,3,Eco,1394,Medium,1,100.5,Balanced,None,None,None,None,None,85.0,59.6,11.2,13.8,0
T005,Demolition,CAT-349,Windy,Intermediate,6,Smart,1381,Fine,0,90.0,None,None,None,None,None,Low Flow,98.2,176.6,27.6,78.6,0
GR03,Grading,CAT-140,Rainy,Intermediate,6,Power,1521,Quick,0,90.0,None,None,None,Deep Cut 45°,3rd Gear,None,85.0,93.6,20.9,48.7,0
EX02,Earth Excavation,CAT-320,Sunny,Expert,6,Eco,1480,Medium,1,96.4,Balanced,None,None,None,None,None,85.0,100.3,12.1,24.5,0
GR05,Grading,CAT-140,Windy,Beginner,3,Smart,1493,Medium,0,90.0,None,None,None,Deep Cut 45°,1st Gear,None,85.0,40.6,15.3,27.3,0
T004,Grading,CAT-140,Sunny,Expert,5,Eco,1352,Fine,1,90.0,None,None,None,Deep Cut 45°,2nd Gear,None,85.0,38.5,10.9,20.2,0
T005,Demolition,CAT-349,Windy,Intermediate,6,Power,1865,Quick,1,90.0,None,None,None,None,None,Low Flow,69.2,110.9,55.1,53.2,0
GR03,Grading,CAT-140,Rainy,Beginner,2,Eco,1339,Quick,1,90.0,None,None,None,Deep Cut 45°,3rd Gear,None,85.0,85.4,10.9,9.5,0
EX03,Earth Excavation,CAT-320,Rainy,Intermediate,3,Power,1715,Quick,1,89.0,Balanced,None,None,None,None,None,85.0,52.6,22.9,32.2,0
TR02,Trenching,CAT-420,Sunny,Expert,2,Power,1366,Quick,0,93.9,None,Soft Ground,None,None,None,None,85.0,48.7,8.8,35.3,0
TR03,Trenching,CAT-420,Cloudy,Intermediate,5,Smart,1663,Fine,0,59.6,None,Locked Down,None,None,None,None,85.0,74.7,9.1,35.3,0
GR04,Grading,CAT-140,Windy,Intermediate,2,Power,1869,Fine,0,90.0,None,None,None,Spread 25°,3rd Gear,None,85.0,98.4,27.1,36.1,0
GR04,Grading,CAT-140,Cloudy,Intermediate,7,Smart,1881,Medium,0,90.0,None,None,None,Deep Cut 45°,1st Gear,None,85.0,93.3,23.4,44.0,0
EX04,Earth Excavation,CAT-320,Cloudy,Beginner,1,Eco,1480,Fine,0,105.7,Balanced,None,None,None,None,None,85.0,67.8,11.4,20.6,0
T003,Material Loading,CAT-950M,Cloudy,Beginner,3,Smart,1772,Quick,1,89.2,None,None,100% Max,None,None,None,85.0,43.5,20.1,19.0,0
GR04,Grading,CAT-140,Cloudy,Intermediate,7,Smart,1861,Medium,0,90.0,None,None,None,Normal 35°,1st Gear,None,85.0,87.0,23.2,41.7,0
TR03,Trenching,CAT-420,Windy,Intermediate,5,Eco,1913,Quick,1,61.4,None,Standard,None,None,None,None,85.0,105.0,9.9,25.7,0
LD05,Material Loading,CAT-950M,Sunny,Expert,1,Smart,1661,Medium,1,58.6,None,None,60% Mud,None,None,None,85.0,30.9,18.2,12.3,0
T005,Demolition,CAT-349,Windy,Intermediate,6,Smart,1587,Fine,1,90.0,None,None,None,None,None,Low Flow,95.4,144.2,34.5,67.1,0
TR04,Trenching,CAT-420,Sunny,Beginner,2,Power,1511,Quick,0,93.1,None,Locked Down,None,None,None,None,85.0,73.1,10.2,31.6,0
GR04,Grading,CAT-140,Cloudy,Intermediate,7,Power,1822,Fine,1,90.0,None,None,None,Deep Cut 45°,2nd Gear,None,85.0,79.7,27.4,43.7,0
GR03,Grading,CAT-140,Windy,Intermediate,3,Smart,1620,Fine,1,90.0,None,None,None,Deep Cut 45°,3rd Gear,None,85.0,62.2,17.3,20.9,0
TR05,Trenching,CAT-420,Sunny,Beginner,3,Power,1724,Quick,0,86.9,None,Standard,None,None,None,None,85.0,50.9,12.5,38.7,0
GR02,Grading,CAT-140,Sunny,Expert,2,Eco,1661,Quick,1,90.0,None,None,None,Deep Cut 45°,1st Gear,None,85.0,54.3,14.5,10.1,0
LD05,Material Loading,CAT-950M,Sunny,Expert,1,Power,1794,Quick,1,80.6,None,None,60% Mud,None,None,None,85.0,25.8,26.1,24.4,0
DM04,Demolition,CAT-349,Cloudy,Beginner,1,Smart,1720,Fine,0,90.0,None,None,None,None,None,Medium Flow,66.8,93.9,36.2,23.2,0
TR03,Trenching,CAT-420,Cloudy,Intermediate,5,Eco,1443,Quick,1,91.0,None,Standard,None,None,None,None,85.0,98.5,6.3,18.3,0
LD03,Material Loading,CAT-950M,Rainy,Intermediate,5,Smart,1497,Fine,0,88.7,None,None,100% Max,None,None,None,85.0,73.8,18.7,52.1,0
T003,Material Loading,CAT-950M,Cloudy,Beginner,3,Power,1634,Quick,1,54.4,None,None,100% Max,None,None,None,85.0,45.2,23.4,31.5,0
TR04,Trenching,CAT-420,Rainy,Intermediate,6,Power,1237,Fine,0,81.3,None,Standard,None,None,None,None,85.0,80.4,7.5,65.5,0
LD02,Material Loading,CAT-950M,Sunny,Expert,2,Eco,2056,Quick,0,90.4,None,None,60% Mud,None,None,None,85.0,31.9,20.4,31.9,0
GR02,Grading,CAT-140,Sunny,Expert,2,Smart,1564,Medium,1,90.0,None,None,None,Deep Cut 45°,1st Gear,None,85.0,47.2,15.8,17.3,0
GR02,Grading,CAT-140,Windy,Beginner,3,Eco,1331,Quick,1,90.0,None,None,None,Spread 25°,1st Gear,None,85.0,65.0,10.6,12.0,0
T002,Trenching,CAT-420,Rainy,Intermediate,4,Power,2135,Quick,1,100.2,None,Locked Down,None,None,None,None,85.0,78.5,18.2,70.5,0
TR03,Trenching,CAT-420,Cloudy,Intermediate,5,Smart,2167,Quick,0,98.9,None,Locked Down,None,None,None,None,85.0,99.5,15.3,59.4,0
T004,Grading,CAT-140,Sunny,Expert,5,Power,1645,Fine,1,90.0,None,None,None,Normal 35°,1st Gear,None,85.0,39.2,23.1,39.7,0
TR03,Trenching,CAT-420,Cloudy,Intermediate,5,Power,1764,Quick,0,54.8,None,Locked Down,None,None,None,None,85.0,85.4,13.5,45.5,0
GR02,Grading,CAT-140,Sunny,Expert,2,Power,1463,Fine,0,90.0,None,None,None,Normal 35°,1st Gear,None,85.0,53.0,19.1,34.8,0
GR02,Grading,CAT-140,Sunny,Beginner,5,Eco,1747,Medium,1,90.0,None,None,None,Normal 35°,2nd Gear,None,85.0,52.2,16.5,20.1,0
T002,Trenching,CAT-420,Rainy,Intermediate,4,Smart,1514,Quick,0,78.2,None,Locked Down,None,None,None,None,85.0,85.9,8.7,43.5,0
DM05,Demolition,CAT-349,Windy,Expert,8,Power,1656,Quick,0,90.0,None,None,None,None,None,High Flow,72.0,139.0,47.5,66.2,0
DM02,Demolition,CAT-349,Sunny,Expert,4,Smart,1754,Quick,1,90.0,None,None,None,None,None,Low Flow,99.6,85.4,38.5,44.1,0
LD03,Material Loading,CAT-950M,Rainy,Intermediate,5,Eco,1509,Fine,0,76.2,None,None,100% Max,None,None,None,85.0,71.7,15.4,47.4,0
DM02,Demolition,CAT-349,Sunny,Expert,4,Eco,2147,Quick,0,90.0,None,None,None,None,None,Medium Flow,95.9,116.7,43.3,68.9,0
GR05,Grading,CAT-140,Windy,Beginner,3,Power,1649,Quick,1,90.0,None,None,None,Spread 25°,2nd Gear,None,85.0,40.5,22.9,31.6,0
DM02,Demolition,CAT-349,Sunny,Expert,4,Power,1541,Quick,1,90.0,None,None,None,None,None,High Flow,65.7,97.7,40.9,47.8,0
T005,Demolition,CAT-349,Windy,Intermediate,6,Smart,2171,Medium,1,90.0,None,None,None,None,None,High Flow,81.9,101.2,54.6,51.4,0
GR02,Grading,CAT-140,Sunny,Expert,2,Smart,1925,Medium,0,90.0,None,None,None,Deep Cut 45°,3rd Gear,None,85.0,80.5,22.4,43.0,0
GR04,Grading,CAT-140,Cloudy,Intermediate,7,Eco,1524,Medium,1,90.0,None,None,None,Spread 25°,1st Gear,None,85.0,87.9,13.6,28.6,0
TR05,Trenching,CAT-420,Sunny,Beginner,3,Power,2148,Medium,0,64.7,None,Soft Ground,None,None,None,None,85.0,53.3,17.6,60.4,0
DM03,Demolition,CAT-349,Sunny,Expert,2,Eco,2140,Medium,1,90.0,None,None,None,None,None,High Flow,91.8,144.3,41.5,41.6,0
T003,Material Loading,CAT-950M,Cloudy,Beginner,3,Eco,1871,Fine,1,105.5,None,None,100% Max,None,None,None,85.0,56.7,17.9,15.1,0
TR04,Trenching,CAT-420,Rainy,Intermediate,6,Power,1728,Medium,1,57.0,None,Locked Down,None,None,None,None,85.0,69.4,14.2,56.0,0
TR04,Trenching,CAT-420,Windy,Intermediate,4,Power,2150,Quick,1,71.1,None,Standard,None,None,None,None,85.0,84.3,18.6,56.3,0
GR03,Grading,CAT-140,Rainy,Intermediate,6,Smart,1683,Medium,1,90.0,None,None,None,Deep Cut 45°,2nd Gear,None,85.0,64.2,18.8,29.6,0
DM04,Demolition,CAT-349,Rainy,Intermediate,5,Power,1323,Fine,1,90.0,None,None,None,None,None,Medium Flow,72.8,96.9,32.6,39.2,0
DM03,Demolition,CAT-349,Sunny,Expert,4,Smart,1372,Medium,1,90.0,None,None,None,None,None,High Flow,81.6,156.1,27.0,32.6,0
DM03,Demolition,CAT-349,Windy,Intermediate,7,Eco,2004,Fine,0,90.0,None,None,None,None,None,High Flow,94.6,177.4,40.2,82.6,0
T001,Earth Excavation,CAT-320,Rainy,Expert,8,Smart,1386,Fine,0,100.7,Swing Priority,None,None,None,None,None,85.0,116.8,13.8,44.8,0
LD02,Material Loading,CAT-950M,Sunny,Expert,2,Eco,1449,Quick,0,54.0,None,None,80% Gravel,None,None,None,85.0,36.5,12.1,18.3,0
GR05,Grading,CAT-140,Windy,Beginner,3,Smart,1873,Quick,1,90.0,None,None,None,Spread 25°,1st Gear,None,85.0,42.2,21.7,21.0,0
T005,Demolition,CAT-349,Windy,Intermediate,6,Eco,1902,Fine,1,90.0,None,None,None,None,None,High Flow,96.1,134.9,37.4,55.2,0
TR05,Trenching,CAT-420,Sunny,Beginner,3,Power,1388,Quick,1,94.3,None,Soft Ground,None,None,None,None,85.0,50.2,9.3,31.7,0
GR05,Grading,CAT-140,Windy,Beginner,3,Eco,1315,Medium,0,90.0,None,None,None,Spread 25°,1st Gear,None,85.0,42.3,9.8,19.7,0
EX03,Earth Excavation,CAT-320,Windy,Expert,6,Smart,1617,Medium,1,85.1,Boom Power,None,None,None,None,None,85.0,68.3,17.5,28.8,0
T001,Earth Excavation,CAT-320,Sunny,Expert,2,Smart,1661,Quick,1,59.3,Boom Power,None,None,None,None,None,85.0,75.2,17.2,14.8,0
LD02,Material Loading,CAT-950M,Sunny,Expert,2,Smart,1748,Fine,1,73.2,None,None,60% Mud,None,None,None,85.0,30.4,19.2,16.6,0
LD05,Material Loading,CAT-950M,Sunny,Beginner,5,Smart,1516,Quick,0,72.2,None,None,60% Mud,None,None,None,85.0,38.7,17.0,33.7,0
GR02,Grading,CAT-140,Sunny,Expert,2,Eco,1953,Quick,1,90.0,None,None,None,Deep Cut 45°,3rd Gear,None,85.0,79.4,18.6,32.5,0
TR04,Trenching,CAT-420,Rainy,Intermediate,6,Smart,1670,Quick,1,52.7,None,Soft Ground,None,None,None,None,85.0,73.7,10.2,29.3,0
DM05,Demolition,CAT-349,Windy,Expert,8,Smart,1708,Quick,1,90.0,None,None,None,None,None,High Flow,75.6,126.8,39.2,46.0,0
T001,Earth Excavation,CAT-320,Sunny,Expert,2,Smart,1294,Fine,0,65.1,Swing Priority,None,None,None,None,None,85.0,111.1,11.6,23.9,0
DM02,Demolition,CAT-349,Cloudy,Intermediate,7,Power,1780,Quick,0,90.0,None,None,None,None,None,Medium Flow,85.9,110.5,52.5,61.3,0
TR03,Trenching,CAT-420,Cloudy,Intermediate,5,Smart,1329,Quick,1,79.5,None,Standard,None,None,None,None,85.0,90.0,7.0,27.0,0
EX03,Earth Excavation,CAT-320,Rainy,Intermediate,3,Eco,1895,Medium,0,95.8,Swing Priority,None,None,None,None,None,85.0,65.0,16.8,23.2,0
GR04,Grading,CAT-140,Cloudy,Intermediate,7,Power,1601,Quick,1,90.0,None,None,None,Spread 25°,2nd Gear,None,85.0,87.8,22.9,45.9,0
DM04,Demolition,CAT-349,Rainy,Intermediate,5,Power,1665,Fine,1,90.0,None,None,None,None,None,Low Flow,82.0,98.7,46.4,49.0,0
TR03,Trenching,CAT-420,Cloudy,Intermediate,5,Eco,1892,Quick,0,80.6,None,Soft Ground,None,None,None,None,85.0,109.1,9.5,32.6,0
EX04,Earth Excavation,CAT-320,Windy,Expert,1,Eco,1310,Medium,0,89.9,Balanced,None,None,None,None,None,85.0,69.8,9.6,14.3,0
T004,Grading,CAT-140,Cloudy,Beginner,8,Power,1669,Medium,0,90.0,None,None,None,Deep Cut 45°,1st Gear,None,85.0,53.5,24.9,55.0,0
EX02,Earth Excavation,CAT-320,Sunny,Intermediate,4,Smart,1805,Medium,1,97.6,Swing Priority,None,None,None,None,None,85.0,77.0,19.6,22.3,0
GR02,Grading,CAT-140,Sunny,Expert,2,Power,1918,Fine,1,90.0,None,None,None,Spread 25°,3rd Gear,None,85.0,71.1,28.3,49.8,0
GR02,Grading,CAT-140,Sunny,Expert,2,Power,1887,Fine,0,90.0,None,None,None,Spread 25°,2nd Gear,None,85.0,64.6,27.4,37.2,0
GR04,Grading,CAT-140,Cloudy,Intermediate,7,Smart,1400,Quick,1,90.0,None,None,None,Spread 25°,3rd Gear,None,85.0,94.0,14.6,33.0,0
TR04,Trenching,CAT-420,Rainy,Intermediate,6,Smart,1496,Quick,0,81.5,None,Soft Ground,None,None,None,None,85.0,79.8,8.3,37.6,0
T004,Grading,CAT-140,Sunny,Expert,5,Smart,1805,Quick,1,90.0,None,None,None,Normal 35°,2nd Gear,None,85.0,43.2,21.5,25.5,0
TR04,Trenching,CAT-420,Rainy,Intermediate,6,Power,1351,Fine,1,57.2,None,Locked Down,None,None,None,None,85.0,68.8,9.1,54.4,0
TR03,Trenching,CAT-420,Cloudy,Expert,4,Smart,1755,Medium,0,79.0,None,Locked Down,None,None,None,None,85.0,73.3,10.1,30.8,0
EX05,Earth Excavation,CAT-320,Windy,Expert,6,Eco,1891,Fine,1,68.6,Swing Priority,None,None,None,None,None,85.0,135.7,17.3,26.1,0
T005,Demolition,CAT-349,Windy,Intermediate,6,Power,2011,Medium,1,90.0,None,None,None,None,None,Medium Flow,72.6,110.6,62.6,64.5,0
TR04,Trenching,CAT-420,Rainy,Intermediate,6,Power,1761,Fine,0,90.7,None,Locked Down,None,None,None,None,85.0,76.4,14.2,62.3,0
T002,Trenching,CAT-420,Rainy,Intermediate,4,Smart,1771,Medium,1,91.0,None,Soft Ground,None,None,None,None,85.0,57.9,10.2,21.9,0
LD05,Material Loading,CAT-950M,Cloudy,Intermediate,6,Power,1667,Quick,1,99.1,None,None,80% Gravel,None,None,None,85.0,31.4,25.1,42.8,0
LD02,Material Loading,CAT-950M,Sunny,Expert,2,Eco,1378,Medium,1,63.9,None,None,100% Max,None,None,None,85.0,33.0,11.6,10.7,0
TR02,Trenching,CAT-420,Sunny,Expert,2,Power,2057,Quick,1,72.8,None,Standard,None,None,None,None,85.0,43.4,16.2,42.3,0
LD02,Material Loading,CAT-950M,Sunny,Expert,2,Power,1917,Medium,1,54.5,None,None,80% Gravel,None,None,None,85.0,24.2,28.9,34.4,0
EX03,Earth Excavation,CAT-320,Rainy,Intermediate,3,Smart,1676,Medium,1,55.4,Swing Priority,None,None,None,None,None,85.0,67.7,17.2,17.7,0
T002,Trenching,CAT-420,Rainy,Intermediate,4,Smart,2133,Medium,1,69.0,None,Locked Down,None,None,None,None,85.0,72.4,14.1,56.3,0
LD03,Material Loading,CAT-950M,Sunny,Beginner,2,Smart,2055,Fine,0,50.2,None,None,100% Max,None,None,None,85.0,64.0,28.3,56.3,0
TR05,Trenching,CAT-420,Windy,Intermediate,5,Smart,1879,Quick,1,54.1,None,Standard,None,None,None,None,85.0,55.5,11.9,26.5,0
LD04,Material Loading,CAT-950M,Windy,Intermediate,4,Eco,1543,Fine,1,55.2,None,None,100% Max,None,None,None,85.0,52.1,14.2,16.1,0
TR04,Trenching,CAT-420,Sunny,Beginner,4,Smart,1364,Fine,0,65.7,None,Standard,None,None,None,None,85.0,72.2,7.1,30.9,0
GR03,Grading,CAT-140,Rainy,Intermediate,6,Smart,1290,Quick,1,90.0,None,None,None,Spread 25°,1st Gear,None,85.0,81.6,13.2,29.7,0
TR04,Trenching,CAT-420,Rainy,Intermediate,6,Eco,1487,Quick,1,90.5,None,Standard,None,None,None,None,85.0,79.0,6.9,38.0,0
TR05,Trenching,CAT-420,Sunny,Beginner,3,Power,1254,Medium,1,69.5,None,Soft Ground,None,None,None,None,85.0,47.2,6.9,32.9,0
EX05,Earth Excavation,CAT-320,Windy,Expert,6,Eco,1899,Fine,0,106.3,Balanced,None,None,None,None,None,85.0,141.6,17.9,43.0,0
T003,Material Loading,CAT-950M,Windy,Expert,5,Smart,1740,Fine,1,99.6,None,None,100% Max,None,None,None,85.0,56.1,20.1,26.1,0
GR03,Grading,CAT-140,Rainy,Intermediate,6,Power,1428,Medium,1,90.0,None,None,None,Deep Cut 45°,3rd Gear,None,85.0,73.4,19.2,42.1,0
LD04,Material Loading,CAT-950M,Windy,Intermediate,4,Power,1378,Quick,0,81.6,None,None,80% Gravel,None,None,None,85.0,43.9,17.8,43.6,0
T004,Grading,CAT-140,Sunny,Expert,5,Eco,1791,Medium,0,90.0,None,None,None,Normal 35°,2nd Gear,None,85.0,41.9,16.5,26.5,0
EX05,Earth Excavation,CAT-320,Windy,Expert,6,Eco,1453,Quick,1,96.4,Swing Priority,None,None,None,None,None,85.0,113.5,12.3,23.6,0
LD02,Material Loading,CAT-950M,Sunny,Expert,2,Power,2046,Fine,1,101.6,None,None,80% Gravel,None,None,None,85.0,26.5,32.0,44.6,0
DM05,Demolition,CAT-349,Windy,Expert,8,Eco,1768,Medium,1,90.0,None,None,None,None,None,High Flow,99.1,145.5,34.0,76.8,0
TR03,Trenching,CAT-420,Cloudy,Intermediate,4,Power,1605,Medium,0,101.2,None,Soft Ground,None,None,None,None,85.0,73.8,11.7,40.9,0
DM03,Demolition,CAT-349,Windy,Beginner,7,Smart,2126,Fine,1,90.0,None,None,None,None,None,Low Flow,96.6,134.5,53.5,92.0,0
GR02,Grading,CAT-140,Cloudy,Expert,5,Power,1974,Quick,1,90.0,None,None,None,Normal 35°,1st Gear,None,85.0,63.8,30.4,45.0,0
EX03,Earth Excavation,CAT-320,Rainy,Intermediate,3,Smart,1679,Fine,1,54.3,Boom Power,None,None,None,None,None,85.0,77.8,17.4,17.8,0
LD05,Material Loading,CAT-950M,Sunny,Expert,1,Power,2027,Medium,0,88.0,None,None,60% Mud,None,None,None,85.0,32.1,30.5,44.9,0
EX05,Earth Excavation,CAT-320,Windy,Expert,6,Power,1514,Fine,0,60.8,Swing Priority,None,None,None,None,None,85.0,143.3,19.8,48.0,0
TR05,Trenching,CAT-420,Sunny,Beginner,3,Power,1820,Medium,1,68.7,None,Soft Ground,None,None,None,None,85.0,43.1,13.9,32.8,0
EX03,Earth Excavation,CAT-320,Rainy,Intermediate,3,Smart,1354,Fine,0,61.5,Balanced,None,None,None,None,None,85.0,92.3,12.8,25.6,0
T004,Grading,CAT-140,Windy,Intermediate,1,Eco,1457,Fine,0,90.0,None,None,None,Normal 35°,1st Gear,None,85.0,42.2,12.0,13.4,0
GR03,Grading,CAT-140,Rainy,Intermediate,6,Eco,1945,Medium,1,90.0,None,None,None,Spread 25°,1st Gear,None,85.0,78.7,19.2,31.0,0
DM05,Demolition,CAT-349,Windy,Beginner,8,Power,1714,Fine,0,90.0,None,None,None,None,None,High Flow,96.5,159.6,50.3,96.1,0
DM05,Demolition,CAT-349,Windy,Expert,8,Power,1742,Fine,1,90.0,None,None,None,None,None,High Flow,96.4,139.8,51.1,87.3,0
TR05,Trenching,CAT-420,Rainy,Expert,1,Power,1237,Quick,0,85.4,None,Standard,None,None,None,None,85.0,70.6,7.8,44.8,0
T005,Demolition,CAT-349,Windy,Intermediate,6,Smart,2066,Fine,1,90.0,None,None,None,None,None,Low Flow,81.9,130.7,50.9,55.1,0
EX04,Earth Excavation,CAT-320,Cloudy,Beginner,1,Smart,1433,Medium,0,60.4,Balanced,None,None,None,None,None,85.0,60.8,13.5,19.2,0
GR04,Grading,CAT-140,Cloudy,Intermediate,7,Eco,1692,Fine,1,90.0,None,None,None,Deep Cut 45°,3rd Gear,None,85.0,88.6,16.0,29.9,0
T004,Grading,CAT-140,Sunny,Expert,5,Eco,1231,Medium,1,90.0,None,None,None,Spread 25°,1st Gear,None,85.0,45.1,10.2,19.2,0
T004,Grading,CAT-140,Sunny,Expert,5,Power,1758,Medium,1,90.0,None,None,None,Deep Cut 45°,1st Gear,None,85.0,44.7,26.2,38.3,0
EX02,Earth Excavation,CAT-320,Sunny,Intermediate,4,Eco,1303,Quick,1,106.9,Swing Priority,None,None,None,None,None,85.0,105.1,9.2,24.7,0
EX05,Earth Excavation,CAT-320,Windy,Expert,6,Smart,1813,Quick,1,79.9,Balanced,None,None,None,None,None,85.0,91.1,20.1,30.5,0
LD05,Material Loading,CAT-950M,Sunny,Intermediate,7,Power,1337,Fine,0,84.0,None,None,60% Mud,None,None,None,85.0,46.9,18.0,53.0,0
T004,Grading,CAT-140,Cloudy,Beginner,8,Power,1382,Fine,1,90.0,None,None,None,Normal 35°,3rd Gear,None,85.0,54.0,19.3,64.8,0
LD05,Material Loading,CAT-950M,Sunny,Expert,1,Power,1955,Quick,0,71.6,None,None,100% Max,None,None,None,85.0,29.1,30.0,39.7,0
EX05,Earth Excavation,CAT-320,Windy,Expert,6,Smart,1762,Quick,0,107.4,Swing Priority,None,None,None,None,None,85.0,107.1,19.7,45.2,0
DM05,Demolition,CAT-349,Windy,Expert,8,Smart,1568,Quick,0,90.0,None,None,None,None,None,Low Flow,69.4,151.1,34.4,55.2,0
GR05,Grading,CAT-140,Rainy,Expert,6,Eco,1728,Quick,1,90.0,None,None,None,Normal 35°,1st Gear,None,85.0,48.6,16.3,23.2,0
GR02,Grading,CAT-140,Sunny,Expert,2,Power,1530,Fine,1,90.0,None,None,None,Normal 35°,2nd Gear,None,85.0,50.3,19.5,29.9,0
T005,Demolition,CAT-349,Windy,Intermediate,6,Eco,1973,Quick,1,90.0,None,None,None,None,None,Low Flow,94.0,129.2,38.4,66.2,0
EX05,Earth Excavation,CAT-320,Windy,Expert,6,Eco,1543,Fine,0,78.2,Swing Priority,None,None,None,None,None,85.0,146.7,12.9,30.8,0
EX04,Earth Excavation,CAT-320,Cloudy,Beginner,1,Power,1942,Medium,1,84.8,Boom Power,None,None,None,None,None,85.0,39.9,26.8,32.7,0
GR05,Grading,CAT-140,Cloudy,Intermediate,1,Eco,1231,Quick,1,90.0,None,None,None,Spread 25°,1st Gear,None,85.0,38.5,9.3,6.0,0
T005,Demolition,CAT-349,Windy,Intermediate,6,Eco,1990,Medium,1,90.0,None,None,None,None,None,Low Flow,77.3,131.9,38.6,43.5,0
LD02,Material Loading,CAT-950M,Sunny,Expert,2,Smart,1944,Medium,1,66.8,None,None,60% Mud,None,None,None,85.0,25.3,23.2,21.2,0
GR05,Grading,CAT-140,Windy,Beginner,3,Eco,1892,Quick,0,90.0,None,None,None,Normal 35°,1st Gear,None,85.0,49.9,17.9,25.1,0
TR02,Trenching,CAT-420,Sunny,Expert,2,Eco,1750,Quick,0,94.9,None,Soft Ground,None,None,None,None,85.0,49.1,8.2,20.0,0
GR02,Grading,CAT-140,Sunny,Expert,2,Power,1232,Quick,1,90.0,None,None,None,Deep Cut 45°,3rd Gear,None,85.0,87.6,14.6,44.5,0
GR03,Grading,CAT-140,Rainy,Intermediate,6,Eco,1427,Quick,1,90.0,None,None,None,Deep Cut 45°,2nd Gear,None,85.0,88.9,12.8,26.0,0
DM03,Demolition,CAT-349,Windy,Intermediate,7,Eco,1701,Fine,1,90.0,None,None,None,None,None,High Flow,94.3,162.2,31.0,64.4,0
LD03,Material Loading,CAT-950M,Rainy,Intermediate,5,Power,1927,Fine,1,73.7,None,None,100% Max,None,None,None,85.0,56.6,33.9,62.6,0
LD05,Material Loading,CAT-950M,Cloudy,Intermediate,6,Smart,2046,Quick,1,73.0,None,None,100% Max,None,None,None,85.0,28.9,26.1,44.5,0
T003,Material Loading,CAT-950M,Cloudy,Beginner,3,Power,2043,Quick,0,79.0,None,None,100% Max,None,None,None,85.0,47.6,32.1,52.6,0
DM04,Demolition,CAT-349,Rainy,Intermediate,5,Smart,2022,Medium,1,90.0,None,None,None,None,None,Low Flow,73.6,83.3,48.8,50.4,0
DM04,Demolition,CAT-349,Rainy,Intermediate,5,Smart,1417,Quick,0,90.0,None,None,None,None,None,Low Flow,86.0,108.8,28.5,42.9,0
TR05,Trenching,CAT-420,Sunny,Beginner,3,Eco,1354,Fine,1,60.1,None,Soft Ground,None,None,None,None,85.0,51.0,5.1,12.7,0
DM05,Demolition,CAT-349,Cloudy,Beginner,3,Eco,1753,Medium,0,90.0,None,None,None,None,None,Low Flow,71.4,150.0,31.7,31.7,0
TR04,Trenching,CAT-420,Rainy,Intermediate,6,Power,1756,Fine,0,90.6,None,Standard,None,None,None,None,85.0,77.9,13.5,62.2,0
EX03,Earth Excavation,CAT-320,Rainy,Intermediate,3,Power,1718,Fine,1,51.1,Boom Power,None,None,None,None,None,85.0,71.0,23.3,33.3,0
T003,Material Loading,CAT-950M,Rainy,Expert,8,Power,1547,Quick,1,55.1,None,None,60% Mud,None,None,None,85.0,55.5,23.0,50.3,0
GR05,Grading,CAT-140,Windy,Beginner,3,Eco,1868,Quick,1,90.0,None,None,None,Normal 35°,1st Gear,None,85.0,42.3,17.2,15.6,0
DM05,Demolition,CAT-349,Windy,Expert,8,Smart,1360,Medium,1,90.0,None,None,None,None,None,Medium Flow,66.0,129.6,27.8,38.9,0
LD04,Material Loading,CAT-950M,Sunny,Expert,4,Power,2034,Quick,1,74.5,None,None,100% Max,None,None,None,85.0,34.6,32.7,46.8,0
DM05,Demolition,CAT-349,Windy,Expert,8,Eco,2117,Medium,1,90.0,None,None,None,None,None,Medium Flow,93.2,125.8,44.1,73.6,0
GR03,Grading,CAT-140,Rainy,Intermediate,6,Smart,1297,Quick,1,90.0,None,None,None,Spread 25°,1st Gear,None,85.0,81.3,13.3,30.1,0
DM02,Demolition,CAT-349,Windy,Expert,8,Power,1669,Quick,0,90.0,None,None,None,None,None,Medium Flow,81.9,125.3,48.3,66.5,0
TR05,Trenching,CAT-420,Rainy,Intermediate,3,Eco,1482,Medium,1,75.3,None,Soft Ground,None,None,None,None,85.0,57.6,6.3,14.1,0
GR03,Grading,CAT-140,Rainy,Intermediate,6,Eco,1589,Medium,1,90.0,None,None,None,Deep Cut 45°,1st Gear,None,85.0,69.5,14.5,25.8,0
DM05,Demolition,CAT-349,Windy,Expert,8,Power,1413,Fine,1,90.0,None,None,None,None,None,High Flow,98.1,156.4,37.8,91.3,0
GR04,Grading,CAT-140,Cloudy,Intermediate,7,Power,1411,Quick,1,90.0,None,None,None,Spread 25°,1st Gear,None,85.0,102.4,19.2,44.6,0
TR04,Trenching,CAT-420,Cloudy,Beginner,2,Power,1643,Medium,1,84.0,None,Standard,None,None,None,None,85.0,58.1,11.7,28.3,0
TR02,Trenching,CAT-420,Sunny,Expert,2,Power,2162,Quick,0,99.0,None,Standard,None,None,None,None,85.0,51.5,17.6,54.5,0
T002,Trenching,CAT-420,Windy,Intermediate,3,Eco,1514,Fine,0,82.0,None,Standard,None,None,None,None,85.0,70.1,6.6,22.4,0
EX05,Earth Excavation,CAT-320,Sunny,Expert,2,Eco,1703,Fine,1,92.0,Swing Priority,None,None,None,None,None,85.0,111.4,14.3,9.8,0
TR05,Trenching,CAT-420,Sunny,Beginner,3,Power,1462,Fine,0,63.3,None,Standard,None,None,None,None,85.0,46.4,10.3,38.4,0
T001,Earth Excavation,CAT-320,Sunny,Expert,2,Power,1502,Quick,0,95.0,Boom Power,None,None,None,None,None,85.0,75.8,18.2,35.0,0
GR02,Grading,CAT-140,Windy,Expert,3,Power,1386,Quick,0,90.0,None,None,None,Deep Cut 45°,3rd Gear,None,85.0,103.6,18.0,54.0,0
GR02,Grading,CAT-140,Sunny,Expert,2,Eco,1816,Fine,0,90.0,None,None,None,Deep Cut 45°,3rd Gear,None,85.0,72.7,17.1,36.0,0
TR04,Trenching,CAT-420,Rainy,Intermediate,6,Power,1759,Fine,0,76.8,None,Locked Down,None,None,None,None,85.0,77.2,13.4,63.0,0
TR04,Trenching,CAT-420,Rainy,Intermediate,6,Power,2012,Medium,1,79.8,None,Soft Ground,None,None,None,None,85.0,66.7,16.7,52.7,0
TR05,Trenching,CAT-420,Windy,Intermediate,4,Power,1718,Quick,0,56.2,None,Standard,None,None,None,None,85.0,56.4,12.8,40.2,0
T004,Grading,CAT-140,Sunny,Beginner,3,Power,1506,Medium,1,90.0,None,None,None,Deep Cut 45°,1st Gear,None,85.0,41.6,20.4,30.9,0
EX02,Earth Excavation,CAT-320,Sunny,Intermediate,4,Power,1607,Medium,0,58.8,Balanced,None,None,None,None,None,85.0,102.3,21.4,44.4,0
DM04,Demolition,CAT-349,Rainy,Intermediate,5,Smart,1943,Quick,0,90.0,None,None,None,None,None,High Flow,97.8,93.4,45.7,68.2,0
TR05,Trenching,CAT-420,Sunny,Beginner,3,Power,2172,Medium,1,97.3,None,Locked Down,None,None,None,None,85.0,47.5,18.1,55.1,0
TR04,Trenching,CAT-420,Sunny,Beginner,5,Eco,1642,Medium,1,52.5,None,Locked Down,None,None,None,None,85.0,62.5,8.0,23.3,0
EX05,Earth Excavation,CAT-320,Windy,Expert,6,Smart,1895,Quick,1,89.7,Boom Power,None,None,None,None,None,85.0,84.2,22.1,33.0,0
T005,Demolition,CAT-349,Windy,Intermediate,6,Smart,2115,Fine,1,90.0,None,None,None,None,None,Medium Flow,69.2,128.6,52.8,59.6,0
TR05,Trenching,CAT-420,Cloudy,Expert,8,Eco,2062,Fine,1,59.0,None,Locked Down,None,None,None,None,85.0,57.9,11.6,46.9,0
GR03,Grading,CAT-140,Rainy,Intermediate,6,Eco,1931,Fine,0,90.0,None,None,None,Deep Cut 45°,3rd Gear,None,85.0,87.5,19.2,37.6,0
EX05,Earth Excavation,CAT-320,Windy,Expert,6,Eco,1240,Quick,1,52.6,Swing Priority,None,None,None,None,None,85.0,138.6,9.2,26.1,0
T003,Material Loading,CAT-950M,Cloudy,Beginner,3,Power,1505,Quick,0,61.4,None,None,80% Gravel,None,None,None,85.0,49.7,20.1,35.9,0
EX05,Earth Excavation,CAT-320,Cloudy,Intermediate,7,Smart,1456,Medium,1,107.8,Boom Power,None,None,None,None,None,85.0,102.4,14.8,41.6,0
DM04,Demolition,CAT-349,Rainy,Intermediate,5,Eco,1687,Fine,0,90.0,None,None,None,None,None,Low Flow,95.6,130.9,30.1,50.5,0
DM05,Demolition,CAT-349,Cloudy,Expert,4,Eco,1813,Fine,1,90.0,None,None,None,None,None,Medium Flow,66.9,136.9,33.3,15.8,0
EX03,Earth Excavation,CAT-320,Rainy,Intermediate,3,Smart,1366,Fine,1,80.2,Boom Power,None,None,None,None,None,85.0,73.6,12.8,19.0,0
T004,Grading,CAT-140,Cloudy,Intermediate,3,Smart,1284,Medium,0,90.0,None,None,None,Spread 25°,1st Gear,None,85.0,48.7,11.9,26.5,0
EX02,Earth Excavation,CAT-320,Sunny,Intermediate,4,Eco,1982,Medium,1,59.5,Swing Priority,None,None,None,None,None,85.0,96.6,18.4,25.6,0
DM04,Demolition,CAT-349,Rainy,Intermediate,5,Eco,1687,Fine,0,90.0,None,None,None,None,None,Medium Flow,74.6,117.5,30.5,26.7,0
GR05,Grading,CAT-140,Windy,Beginner,3,Smart,1224,Medium,1,90.0,None,None,None,Normal 35°,2nd Gear,None,85.0,39.8,11.6,18.3,0
DM05,Demolition,CAT-349,Windy,Expert,8,Power,1359,Medium,1,90.0,None,None,None,None,None,Medium Flow,99.6,123.1,35.6,84.7,0
GR05,Grading,CAT-140,Sunny,Intermediate,2,Smart,1554,Fine,1,90.0,None,None,None,Spread 25°,3rd Gear,None,85.0,27.9,17.0,15.5,0
GR03,Grading,CAT-140,Rainy,Intermediate,6,Power,1355,Fine,1,90.0,None,None,None,Deep Cut 45°,3rd Gear,None,85.0,73.7,18.0,41.0,0
EX02,Earth Excavation,CAT-320,Sunny,Intermediate,4,Smart,1351,Medium,1,84.4,Balanced,None,None,None,None,None,85.0,89.1,12.6,23.0,0
LD05,Material Loading,CAT-950M,Sunny,Expert,1,Smart,1581,Quick,1,64.0,None,None,100% Max,None,None,None,85.0,29.6,16.9,15.0,0
GR02,Grading,CAT-140,Windy,Beginner,8,Power,1955,Quick,0,90.0,None,None,None,Deep Cut 45°,3rd Gear,None,85.0,119.8,31.3,83.1,0
GR03,Grading,CAT-140,Rainy,Intermediate,6,Smart,1414,Medium,1,90.0,None,None,None,Spread 25°,2nd Gear,None,85.0,72.7,14.3,27.0,0
GR04,Grading,CAT-140,Rainy,Beginner,8,Smart,1765,Medium,1,90.0,None,None,None,Deep Cut 45°,1st Gear,None,85.0,90.2,21.4,37.0,0
DM03,Demolition,CAT-349,Sunny,Expert,2,Smart,1790,Quick,0,90.0,None,None,None,None,None,High Flow,70.9,139.8,38.9,33.8,0
DM03,Demolition,CAT-349,Windy,Intermediate,7,Power,1708,Quick,1,90.0,None,None,None,None,None,Medium Flow,83.9,119.3,49.8,45.4,0
GR03,Grading,CAT-140,Rainy,Intermediate,6,Eco,1663,Medium,1,90.0,None,None,None,Deep Cut 45°,1st Gear,None,85.0,66.2,15.8,25.7,0
T002,Trenching,CAT-420,Rainy,Intermediate,1,Smart,1299,Medium,1,83.2,None,Standard,None,None,None,None,85.0,65.0,6.6,25.5,0
TR05,Trenching,CAT-420,Sunny,Beginner,3,Eco,1630,Fine,1,59.6,None,Soft Ground,None,None,None,None,85.0,47.1,7.6,13.8,0
GR05,Grading,CAT-140,Sunny,Intermediate,8,Smart,1749,Quick,1,90.0,None,None,None,Deep Cut 45°,2nd Gear,None,85.0,46.7,20.9,39.2,0
TR03,Trenching,CAT-420,Cloudy,Intermediate,5,Power,1224,Medium,1,94.6,None,Standard,None,None,None,None,85.0,75.0,7.4,38.8,0
EX03,Earth Excavation,CAT-320,Rainy,Intermediate,3,Eco,1249,Fine,1,59.7,Balanced,None,None,None,None,None,85.0,82.8,9.3,14.3,0
GR05,Grading,CAT-140,Windy,Beginner,3,Eco,1523,Fine,0,90.0,None,None,None,Spread 25°,3rd Gear,None,85.0,34.6,12.6,19.8,0
LD02,Material Loading,CAT-950M,Sunny,Expert,2,Eco,1835,Quick,1,108.2,None,None,100% Max,None,None,None,85.0,27.5,17.0,8.2,0
TR05,Trenching,CAT-420,Sunny,Beginner,3,Eco,1454,Fine,0,95.4,None,Soft Ground,None,None,None,None,85.0,55.5,7.2,19.3,0
T002,Trenching,CAT-420,Rainy,Intermediate,4,Power,1504,Quick,1,60.0,None,Locked Down,None,None,None,None,85.0,70.9,10.5,49.7,0
GR04,Grading,CAT-140,Rainy,Expert,8,Power,1512,Medium,1,90.0,None,None,None,Spread 25°,2nd Gear,None,85.0,87.9,21.2,46.0,0
T003,Material Loading,CAT-950M,Cloudy,Beginner,3,Smart,1594,Fine,1,56.0,None,None,100% Max,None,None,None,85.0,53.9,17.1,18.0,0
EX03,Earth Excavation,CAT-320,Rainy,Intermediate,3,Eco,1568,Fine,1,61.6,Balanced,None,None,None,None,None,85.0,74.9,12.7,13.8,0
T003,Material Loading,CAT-950M,Cloudy,Beginner,3,Power,1482,Fine,1,66.8,None,None,100% Max,None,None,None,85.0,53.2,19.7,29.9,0
EX02,Earth Excavation,CAT-320,Sunny,Intermediate,4,Power,1766,Quick,1,83.4,Swing Priority,None,None,None,None,None,85.0,73.5,24.4,33.5,0
T004,Grading,CAT-140,Cloudy,Expert,7,Smart,1293,Medium,1,90.0,None,None,None,Deep Cut 45°,2nd Gear,None,85.0,40.9,13.6,34.3,0
EX05,Earth Excavation,CAT-320,Windy,Expert,6,Smart,1897,Quick,1,109.9,Balanced,None,None,None,None,None,85.0,93.0,21.3,43.5,0
T004,Grading,CAT-140,Rainy,Beginner,5,Eco,1380,Fine,0,90.0,None,None,None,Deep Cut 45°,1st Gear,None,85.0,51.6,11.0,28.4,0
DM04,Demolition,CAT-349,Windy,Beginner,7,Smart,1631,Medium,1,90.0,None,None,None,None,None,High Flow,78.1,101.3,36.5,43.0,0
TR02,Trenching,CAT-420,Sunny,Expert,2,Eco,1850,Quick,0,83.8,None,Soft Ground,None,None,None,None,85.0,51.8,8.8,14.0,0
TR05,Trenching,CAT-420,Sunny,Beginner,3,Power,1697,Medium,1,86.7,None,Soft Ground,None,None,None,None,85.0,41.7,11.9,30.7,0
DM02,Demolition,CAT-349,Sunny,Expert,4,Smart,1424,Quick,1,90.0,None,None,None,None,None,Low Flow,80.4,93.3,28.3,22.1,0
T002,Trenching,CAT-420,Rainy,Intermediate,4,Smart,2161,Quick,1,83.0,None,Standard,None,None,None,None,85.0,84.3,14.3,59.9,0
EX02,Earth Excavation,CAT-320,Sunny,Intermediate,4,Smart,1517,Fine,1,70.2,Boom Power,None,None,None,None,None,85.0,104.9,15.2,22.5,0
T003,Material Loading,CAT-950M,Cloudy,Beginner,3,Smart,1835,Quick,0,82.6,None,None,100% Max,None,None,None,85.0,50.2,21.7,25.2,0
TR05,Trenching,CAT-420,Sunny,Beginner,3,Power,2146,Medium,1,72.8,None,Soft Ground,None,None,None,None,85.0,48.1,17.3,53.5,0
TR02,Trenching,CAT-420,Sunny,Expert,2,Smart,2020,Medium,0,65.7,None,Soft Ground,None,None,None,None,85.0,47.6,12.8,34.7,0
TR04,Trenching,CAT-420,Cloudy,Expert,7,Power,1256,Fine,1,70.3,None,Standard,None,None,None,None,85.0,68.0,8.5,44.5,0
T002,Trenching,CAT-420,Rainy,Intermediate,4,Smart,1812,Quick,1,82.2,None,Locked Down,None,None,None,None,85.0,76.0,11.6,37.8,0
EX02,Earth Excavation,CAT-320,Sunny,Intermediate,4,Eco,1407,Medium,1,55.1,Balanced,None,None,None,None,None,85.0,114.1,10.9,18.5,0
LD05,Material Loading,CAT-950M,Cloudy,Expert,4,Smart,1861,Fine,0,97.3,None,None,60% Mud,None,None,None,85.0,38.8,22.1,28.7,0
DM05,Demolition,CAT-349,Windy,Expert,8,Eco,1654,Medium,1,90.0,None,None,None,None,None,Medium Flow,71.7,133.4,30.4,31.8,0
GR02,Grading,CAT-140,Sunny,Expert,2,Smart,1763,Medium,1,90.0,None,None,None,Deep Cut 45°,2nd Gear,None,85.0,53.8,19.5,16.7,0
DM05,Demolition,CAT-349,Windy,Expert,8,Eco,1895,Quick,1,90.0,None,None,None,None,None,Low Flow,81.3,140.5,38.1,44.3,0
TR02,Trenching,CAT-420,Windy,Expert,7,Power,1728,Fine,0,94.6,None,Soft Ground,None,None,None,None,85.0,46.7,13.9,54.0,0
DM02,Demolition,CAT-349,Sunny,Intermediate,6,Eco,1402,Fine,1,90.0,None,None,None,None,None,High Flow,90.2,148.6,23.2,34.8,0
DM04,Demolition,CAT-349,Rainy,Intermediate,5,Power,1433,Medium,1,90.0,None,None,None,None,None,Low Flow,91.1,91.1,37.5,49.2,0
T003,Material Loading,CAT-950M,Cloudy,Beginner,3,Smart,2033,Medium,1,92.3,None,None,80% Gravel,None,None,None,85.0,41.7,25.7,35.3,0
DM02,Demolition,CAT-349,Sunny,Expert,4,Eco,1675,Fine,0,90.0,None,None,None,None,None,Low Flow,90.6,132.6,29.3,24.0,0
GR05,Grading,CAT-140,Windy,Beginner,3,Eco,1353,Fine,1,90.0,None,None,None,Deep Cut 45°,2nd Gear,None,85.0,36.3,11.1,14.6,0
TR04,Trenching,CAT-420,Rainy,Intermediate,6,Power,1376,Medium,1,81.9,None,Soft Ground,None,None,None,None,85.0,60.7,9.5,42.8,0
EX03,Earth Excavation,CAT-320,Rainy,Intermediate,3,Smart,1736,Quick,1,61.3,Swing Priority,None,None,None,None,None,85.0,65.4,18.6,18.7,0
T001,Earth Excavation,CAT-320,Sunny,Expert,2,Power,1343,Fine,0,104.1,Swing Priority,None,None,None,None,None,85.0,94.7,15.2,42.3,0
EX03,Earth Excavation,CAT-320,Rainy,Intermediate,3,Eco,1558,Quick,1,69.2,Boom Power,None,None,None,None,None,85.0,68.7,12.6,12.1,0
T005,Demolition,CAT-349,Windy,Intermediate,6,Smart,1921,Fine,1,90.0,None,None,None,None,None,High Flow,83.0,118.4,45.9,35.6,0
GR03,Grading,CAT-140,Rainy,Intermediate,6,Smart,1552,Quick,0,90.0,None,None,None,Deep Cut 45°,2nd Gear,None,85.0,85.9,17.2,40.0,0
EX04,Earth Excavation,CAT-320,Cloudy,Beginner,1,Power,1460,Quick,1,109.0,Balanced,None,None,None,None,None,85.0,44.7,17.3,32.6,0
T004,Grading,CAT-140,Sunny,Expert,5,Eco,1461,Fine,1,90.0,None,None,None,Deep Cut 45°,2nd Gear,None,85.0,36.1,12.6,20.4,0
LD02,Material Loading,CAT-950M,Sunny,Expert,2,Power,1566,Quick,0,76.3,None,None,80% Gravel,None,None,None,85.0,29.6,21.2,34.4,0
LD05,Material Loading,CAT-950M,Sunny,Expert,1,Eco,1851,Medium,0,80.9,None,None,80% Gravel,None,None,None,85.0,37.7,17.1,12.7,0
LD05,Material Loading,CAT-950M,Cloudy,Expert,6,Power,1417,Fine,1,54.4,None,None,80% Gravel,None,None,None,85.0,39.0,19.7,42.9,0
DM03,Demolition,CAT-349,Cloudy,Intermediate,2,Power,1977,Medium,1,90.0,None,None,None,None,None,Medium Flow,90.1,109.6,58.0,36.9,0
TR03,Trenching,CAT-420,Cloudy,Intermediate,5,Power,1821,Fine,1,92.8,None,Standard,None,None,None,None,85.0,67.1,13.7,38.5,0
EX03,Earth Excavation,CAT-320,Rainy,Intermediate,3,Power,1421,Quick,1,88.6,Balanced,None,None,None,None,None,85.0,56.6,17.3,32.9,0
GR04,Grading,CAT-140,Rainy,Expert,3,Power,1649,Fine,1,90.0,None,None,None,Deep Cut 45°,3rd Gear,None,85.0,84.4,22.9,32.7,0
T004,Grading,CAT-140,Sunny,Expert,5,Power,1614,Medium,0,90.0,None,None,None,Spread 25°,2nd Gear,None,85.0,47.2,22.9,48.3,0
T002,Trenching,CAT-420,Rainy,Intermediate,4,Smart,1682,Fine,1,55.2,None,Locked Down,None,None,None,None,85.0,61.5,10.1,38.0,0
GR05,Grading,CAT-140,Windy,Intermediate,6,Power,1449,Quick,0,90.0,None,None,None,Spread 25°,1st Gear,None,85.0,50.6,19.5,49.7,0
GR04,Grading,CAT-140,Sunny,Expert,3,Eco,1948,Medium,1,90.0,None,None,None,Normal 35°,3rd Gear,None,85.0,80.8,18.5,22.8,0
GR04,Grading,CAT-140,Cloudy,Intermediate,7,Eco,1751,Quick,1,90.0,None,None,None,Normal 35°,3rd Gear,None,85.0,98.1,16.6,25.9,0
DM02,Demolition,CAT-349,Sunny,Expert,4,Smart,1344,Quick,1,90.0,None,None,None,None,None,Medium Flow,66.1,110.1,26.4,33.4,0
EX03,Earth Excavation,CAT-320,Rainy,Intermediate,3,Power,1629,Quick,1,100.4,Swing Priority,None,None,None,None,None,85.0,55.2,21.0,31.1,0
TR05,Trenching,CAT-420,Sunny,Beginner,3,Power,1272,Fine,0,102.5,None,Locked Down,None,None,None,None,85.0,49.9,8.2,38.5,0
LD02,Material Loading,CAT-950M,Sunny,Expert,2,Smart,1743,Fine,0,105.8,None,None,100% Max,None,None,None,85.0,31.7,19.5,23.1,0
GR04,Grading,CAT-140,Cloudy,Intermediate,7,Smart,1621,Quick,0,90.0,None,None,None,Normal 35°,2nd Gear,None,85.0,88.5,18.7,40.8,0
GR03,Grading,CAT-140,Rainy,Intermediate,6,Eco,1366,Medium,0,90.0,None,None,None,Deep Cut 45°,2nd Gear,None,85.0,91.4,11.6,29.6,0
LD02,Material Loading,CAT-950M,Rainy,Expert,5,Eco,1888,Fine,0,68.1,None,None,100% Max,None,None,None,85.0,48.4,21.9,47.3,0
T001,Earth Excavation,CAT-320,Sunny,Expert,2,Smart,1337,Quick,1,94.5,Swing Priority,None,None,None,None,None,85.0,73.7,11.8,16.6,0
EX03,Earth Excavation,CAT-320,Rainy,Intermediate,3,Smart,1302,Medium,1,75.5,Boom Power,None,None,None,None,None,85.0,66.4,12.1,18.5,0
GR05,Grading,CAT-140,Rainy,Expert,8,Smart,1409,Quick,1,90.0,None,None,None,Normal 35°,2nd Gear,None,85.0,52.6,14.8,36.8,0
TR03,Trenching,CAT-420,Cloudy,Intermediate,5,Power,1913,Fine,1,86.3,None,Locked Down,None,None,None,None,85.0,65.1,15.0,44.1,0
TR03,Trenching,CAT-420,Cloudy,Expert,7,Power,1578,Medium,0,55.7,None,Soft Ground,None,None,None,None,85.0,79.9,12.4,51.3,0
GR04,Grading,CAT-140,Cloudy,Intermediate,7,Smart,1459,Fine,1,90.0,None,None,None,Deep Cut 45°,1st Gear,None,85.0,79.5,16.1,32.8,0
EX05,Earth Excavation,CAT-320,Cloudy,Expert,8,Eco,1917,Quick,1,81.1,Swing Priority,None,None,None,None,None,85.0,105.7,18.5,35.9,0
TR03,Trenching,CAT-420,Cloudy,Intermediate,5,Power,1541,Quick,1,100.8,None,Soft Ground,None,None,None,None,85.0,81.0,11.2,38.1,0
DM02,Demolition,CAT-349,Sunny,Expert,4,Power,1794,Medium,1,90.0,None,None,None,None,None,Medium Flow,72.7,93.5,50.8,44.1,0
GR03,Grading,CAT-140,Windy,Expert,8,Smart,1230,Quick,1,90.0,None,None,None,Normal 35°,2nd Gear,None,85.0,100.0,12.1,36.6,0
TR05,Trenching,CAT-420,Sunny,Beginner,3,Eco,1306,Quick,1,89.6,None,Locked Down,None,None,None,None,85.0,61.7,5.6,11.7,0
TR05,Trenching,CAT-420,Cloudy,Expert,1,Smart,1715,Quick,0,63.9,None,Soft Ground,None,None,None,None,85.0,53.7,9.1,20.6,0
DM02,Demolition,CAT-349,Sunny,Intermediate,5,Eco,1643,Fine,1,90.0,None,None,None,None,None,Medium Flow,79.4,133.8,29.6,31.4,0
TR04,Trenching,CAT-420,Rainy,Intermediate,6,Smart,1295,Medium,1,61.0,None,Soft Ground,None,None,None,None,85.0,65.9,6.4,29.5,0
DM04,Demolition,CAT-349,Rainy,Intermediate,5,Eco,2088,Quick,1,90.0,None,None,None,None,None,High Flow,70.5,93.9,41.3,46.8,0
LD05,Material Loading,CAT-950M,Sunny,Expert,1,Eco,1995,Medium,1,84.1,None,None,60% Mud,None,None,None,85.0,34.0,19.2,17.0,0
T004,Grading,CAT-140,Sunny,Expert,5,Power,1571,Fine,0,90.0,None,None,None,Spread 25°,1st Gear,None,85.0,47.6,22.2,45.5,0
GR05,Grading,CAT-140,Rainy,Intermediate,8,Smart,1294,Fine,1,90.0,None,None,None,Deep Cut 45°,3rd Gear,None,85.0,43.5,13.6,37.8,0
T002,Trenching,CAT-420,Rainy,Intermediate,4,Power,1495,Medium,0,77.3,None,Standard,None,None,None,None,85.0,70.0,10.0,55.4,0
DM05,Demolition,CAT-349,Sunny,Intermediate,3,Smart,1477,Medium,0,90.0,None,None,None,None,None,High Flow,66.9,142.6,29.0,37.7,0
DM05,Demolition,CAT-349,Rainy,Expert,7,Power,2175,Medium,1,90.0,None,None,None,None,None,Low Flow,71.8,128.4,70.7,79.4,0
GR02,Grading,CAT-140,Sunny,Intermediate,5,Smart,1634,Quick,0,90.0,None,None,None,Deep Cut 45°,3rd Gear,None,85.0,89.9,17.8,51.4,0
EX02,Earth Excavation,CAT-320,Sunny,Intermediate,4,Power,1717,Quick,0,52.7,Balanced,None,None,None,None,None,85.0,96.9,23.0,43.2,0
GR05,Grading,CAT-140,Cloudy,Intermediate,6,Smart,1283,Fine,0,90.0,None,None,None,Deep Cut 45°,2nd Gear,None,85.0,45.4,12.7,37.7,0
LD05,Material Loading,CAT-950M,Rainy,Expert,4,Smart,1615,Quick,1,69.0,None,None,60% Mud,None,None,None,85.0,35.2,18.0,24.7,0
T003,Material Loading,CAT-950M,Cloudy,Beginner,3,Power,1653,Fine,1,79.4,None,None,60% Mud,None,None,None,85.0,50.0,23.7,32.4,0
LD04,Material Loading,CAT-950M,Windy,Intermediate,4,Eco,1692,Quick,1,65.5,None,None,60% Mud,None,None,None,85.0,43.4,16.1,16.1,0
DM04,Demolition,CAT-349,Rainy,Intermediate,5,Eco,2022,Fine,0,90.0,None,None,None,None,None,Low Flow,66.5,122.7,39.5,51.7,0
EX02,Earth Excavation,CAT-320,Rainy,Expert,2,Eco,1593,Fine,1,102.8,Swing Priority,None,None,None,None,None,85.0,121.1,12.2,18.9,0
LD03,Material Loading,CAT-950M,Rainy,Intermediate,5,Power,1397,Quick,1,56.8,None,None,60% Mud,None,None,None,85.0,46.5,19.4,37.2,0
EX04,Earth Excavation,CAT-320,Cloudy,Beginner,1,Smart,1769,Medium,1,60.7,Swing Priority,None,None,None,None,None,85.0,45.8,18.1,12.9,0
T005,Demolition,CAT-349,Windy,Intermediate,6,Smart,1451,Medium,1,90.0,None,None,None,None,None,High Flow,93.8,118.7,30.1,55.0,0
DM05,Demolition,CAT-349,Cloudy,Beginner,3,Smart,1603,Fine,0,90.0,None,None,None,None,None,Medium Flow,74.2,139.3,33.0,24.3,0
EX02,Earth Excavation,CAT-320,Sunny,Intermediate,4,Smart,1580,Fine,1,71.8,Balanced,None,None,None,None,None,85.0,108.8,16.3,23.3,0
TR02,Trenching,CAT-420,Sunny,Expert,2,Eco,1363,Quick,1,71.0,None,Soft Ground,None,None,None,None,85.0,43.9,5.4,10.3,0
GR03,Grading,CAT-140,Rainy,Intermediate,2,Power,1423,Medium,0,90.0,None,None,None,Spread 25°,1st Gear,None,85.0,77.9,17.9,35.2,0
GR04,Grading,CAT-140,Windy,Intermediate,1,Eco,1915,Quick,1,90.0,None,None,None,Spread 25°,3rd Gear,None,85.0,107.1,17.9,10.9,0
LD03,Material Loading,CAT-950M,Rainy,Intermediate,5,Power,1330,Medium,1,102.7,None,None,100% Max,None,None,None,85.0,56.9,19.4,56.0,0
T001,Earth Excavation,CAT-320,Sunny,Expert,2,Smart,1574,Medium,1,85.9,Boom Power,None,None,None,None,None,85.0,70.3,15.4,14.8,0
DM05,Demolition,CAT-349,Sunny,Beginner,4,Smart,2115,Quick,1,90.0,None,None,None,None,None,Medium Flow,83.1,99.7,51.5,43.5,0
EX04,Earth Excavation,CAT-320,Cloudy,Beginner,1,Smart,1767,Medium,1,62.0,Balanced,None,None,None,None,None,85.0,48.6,17.9,12.1,0
EX02,Earth Excavation,CAT-320,Sunny,Intermediate,4,Power,1825,Fine,0,97.0,Balanced,None,None,None,None,None,85.0,94.0,25.9,41.7,0
EX03,Earth Excavation,CAT-320,Cloudy,Beginner,4,Power,1870,Fine,1,89.3,Boom Power,None,None,None,None,None,85.0,63.1,26.1,35.6,0
TR02,Trenching,CAT-420,Sunny,Expert,2,Smart,1473,Fine,1,61.5,None,Standard,None,None,None,None,85.0,34.4,8.1,15.9,0
T004,Grading,CAT-140,Sunny,Expert,5,Power,1283,Medium,1,90.0,None,None,None,Spread 25°,1st Gear,None,85.0,47.7,16.5,36.2,0
TR02,Trenching,CAT-420,Sunny,Expert,2,Power,1956,Fine,1,64.2,None,Soft Ground,None,None,None,None,85.0,38.3,15.3,35.8,0
GR03,Grading,CAT-140,Rainy,Intermediate,6,Smart,1871,Quick,1,90.0,None,None,None,Normal 35°,1st Gear,None,85.0,78.5,22.3,32.4,0
EX02,Earth Excavation,CAT-320,Sunny,Intermediate,4,Smart,1817,Quick,0,78.4,Swing Priority,None,None,None,None,None,85.0,84.4,19.6,32.6,0
TR02,Trenching,CAT-420,Windy,Expert,3,Power,2094,Fine,1,77.4,None,Soft Ground,None,None,None,None,85.0,43.3,17.3,47.7,0
DM04,Demolition,CAT-349,Rainy,Intermediate,5,Power,1665,Fine,1,90.0,None,None,None,None,None,High Flow,93.9,97.4,46.4,55.2,0
EX02,Earth Excavation,CAT-320,Sunny,Intermediate,4,Power,1844,Fine,0,71.2,Boom Power,None,None,None,None,None,85.0,102.0,26.0,42.2,0
EX02,Earth Excavation,CAT-320,Sunny,Expert,8,Eco,1279,Quick,0,66.3,Swing Priority,None,None,None,None,None,85.0,143.4,10.0,39.1,0
EX04,Earth Excavation,CAT-320,Cloudy,Beginner,1,Power,1978,Fine,0,108.8,Swing Priority,None,None,None,None,None,85.0,48.3,28.0,49.2,0
LD04,Material Loading,CAT-950M,Windy,Intermediate,4,Power,1324,Quick,1,102.2,None,None,60% Mud,None,None,None,85.0,40.8,17.4,35.7,0
DM02,Demolition,CAT-349,Sunny,Expert,4,Eco,1657,Medium,1,90.0,None,None,None,None,None,Low Flow,76.8,102.4,28.5,19.5,0
DM05,Demolition,CAT-349,Windy,Expert,8,Eco,1531,Medium,0,90.0,None,None,None,None,None,Medium Flow,98.2,159.2,27.2,70.6,0
EX05,Earth Excavation,CAT-320,Rainy,Expert,6,Eco,1466,Medium,0,76.9,Boom Power,None,None,None,None,None,85.0,137.8,12.6,32.9,0
EX02,Earth Excavation,CAT-320,Sunny,Intermediate,4,Power,1748,Quick,0,100.0,Swing Priority,None,None,None,None,None,85.0,83.0,24.0,40.3,0
T001,Earth Excavation,CAT-320,Sunny,Beginner,1,Eco,1668,Fine,1,72.2,Boom Power,None,None,None,None,None,85.0,94.6,13.6,6.1,0
TR05,Trenching,CAT-420,Sunny,Beginner,3,Smart,1305,Quick,0,87.6,None,Soft Ground,None,None,None,None,85.0,61.7,6.7,26.7,0
T005,Demolition,CAT-349,Windy,Intermediate,6,Smart,1956,Medium,0,90.0,None,None,None,None,None,Low Flow,66.8,133.4,46.5,54.8,0
GR05,Grading,CAT-140,Windy,Beginner,3,Power,1924,Fine,1,90.0,None,None,None,Deep Cut 45°,1st Gear,None,85.0,40.8,29.4,35.2,0
T005,Demolition,CAT-349,Cloudy,Intermediate,6,Eco,2034,Quick,0,90.0,None,None,None,None,None,Low Flow,99.6,145.9,40.5,91.1,0
GR02,Grading,CAT-140,Cloudy,Intermediate,4,Power,1358,Quick,0,90.0,None,None,None,Spread 25°,1st Gear,None,85.0,74.8,17.8,42.0,0
EX04,Earth Excavation,CAT-320,Windy,Beginner,8,Eco,1816,Quick,1,80.0,Swing Priority,None,None,None,None,None,85.0,52.3,17.6,32.2,0
T005,Demolition,CAT-349,Windy,Intermediate,6,Eco,1517,Medium,0,90.0,None,None,None,None,None,High Flow,71.0,149.9,25.6,31.3,0
DM05,Demolition,CAT-349,Windy,Expert,8,Eco,1866,Quick,0,90.0,None,None,None,None,None,High Flow,69.1,160.4,36.9,50.1,0
T002,Trenching,CAT-420,Rainy,Intermediate,4,Eco,1808,Medium,1,103.4,None,Soft Ground,None,None,None,None,85.0,56.3,9.4,15.8,0
TR03,Trenching,CAT-420,Cloudy,Beginner,7,Power,1263,Quick,1,71.8,None,Soft Ground,None,None,None,None,85.0,91.8,8.7,44.7,0
DM05,Demolition,CAT-349,Windy,Expert,8,Eco,1933,Fine,0,90.0,None,None,None,None,None,Medium Flow,87.6,166.2,38.8,43.9,0
TR02,Trenching,CAT-420,Sunny,Expert,2,Eco,1222,Fine,1,66.7,None,Standard,None,None,None,None,85.0,36.8,5.0,10.3,0
EX02,Earth Excavation,CAT-320,Rainy,Expert,4,Smart,1859,Fine,0,56.2,Swing Priority,None,None,None,None,None,85.0,125.8,20.7,29.6,0
LD05,Material Loading,CAT-950M,Cloudy,Beginner,5,Smart,1607,Fine,0,74.1,None,None,100% Max,None,None,None,85.0,40.4,17.9,30.7,0
EX02,Earth Excavation,CAT-320,Sunny,Intermediate,4,Eco,1490,Medium,1,53.1,Swing Priority,None,None,None,None,None,85.0,111.1,11.8,19.2,0
DM05,Demolition,CAT-349,Windy,Expert,8,Smart,1475,Quick,0,90.0,None,None,None,None,None,High Flow,93.6,155.6,32.0,78.1,0
GR05,Grading,CAT-140,Rainy,Intermediate,2,Power,1430,Medium,1,90.0,None,None,None,Spread 25°,3rd Gear,None,85.0,36.3,18.4,26.9,0
T004,Grading,CAT-140,Cloudy,Expert,1,Smart,1232,Quick,1,90.0,None,None,None,Spread 25°,2nd Gear,None,85.0,43.3,11.1,12.5,0
LD04,Material Loading,CAT-950M,Windy,Intermediate,4,Power,1591,Fine,1,102.4,None,None,60% Mud,None,None,None,85.0,43.5,22.1,33.8,0
LD04,Material Loading,CAT-950M,Sunny,Expert,8,Power,1465,Fine,1,72.7,None,None,80% Gravel,None,None,None,85.0,47.0,20.7,49.7,0
T004,Grading,CAT-140,Sunny,Intermediate,8,Eco,1252,Fine,1,90.0,None,None,None,Spread 25°,3rd Gear,None,85.0,54.8,10.2,45.5,0
DM04,Demolition,CAT-349,Rainy,Intermediate,5,Eco,2143,Fine,0,90.0,None,None,None,None,None,Low Flow,78.2,120.9,43.5,58.0,0
T005,Demolition,CAT-349,Sunny,Expert,8,Smart,1456,Fine,1,90.0,None,None,None,None,None,High Flow,91.6,139.7,30.9,36.6,0
DM04,Demolition,CAT-349,Rainy,Intermediate,5,Smart,1641,Medium,1,90.0,None,None,None,None,None,High Flow,82.7,88.8,35.7,37.7,0
LD03,Material Loading,CAT-950M,Rainy,Intermediate,5,Smart,1997,Quick,1,61.6,None,None,100% Max,None,None,None,85.0,50.4,28.5,52.8,0
T001,Earth Excavation,CAT-320,Sunny,Expert,7,Smart,1487,Quick,0,57.5,Balanced,None,None,None,None,None,85.0,95.2,16.0,40.2,0
DM05,Demolition,CAT-349,Windy,Expert,8,Power,2017,Quick,1,90.0,None,None,None,None,None,Low Flow,85.7,116.3,64.4,70.2,0
DM02,Demolition,CAT-349,Sunny,Expert,4,Smart,1932,Quick,1,90.0,None,None,None,None,None,High Flow,92.7,90.7,44.9,46.2,0
DM02,Demolition,CAT-349,Sunny,Expert,4,Eco,1321,Fine,0,90.0,None,None,None,None,None,Medium Flow,79.4,167.0,21.0,32.5,0
GR05,Grading,CAT-140,Windy,Beginner,3,Smart,1372,Fine,1,90.0,None,None,None,Deep Cut 45°,1st Gear,None,85.0,37.0,13.6,18.0,0
GR03,Grading,CAT-140,Rainy,Intermediate,3,Eco,1887,Quick,0,90.0,None,None,None,Normal 35°,3rd Gear,None,85.0,103.4,18.3,23.8,0
DM05,Demolition,CAT-349,Windy,Expert,8,Power,1377,Fine,1,90.0,None,None,None,None,None,Low Flow,71.4,156.7,36.7,60.9,0
T003,Material Loading,CAT-950M,Cloudy,Beginner,3,Smart,1573,Quick,1,56.5,None,None,80% Gravel,None,None,None,85.0,45.3,17.2,18.7,0
EX02,Earth Excavation,CAT-320,Sunny,Intermediate,4,Smart,1616,Medium,1,94.5,Boom Power,None,None,None,None,None,85.0,74.9,16.7,22.6,0
EX04,Earth Excavation,CAT-320,Cloudy,Beginner,1,Power,1468,Quick,1,108.6,Balanced,None,None,None,None,None,85.0,44.7,17.5,33.5,0
LD05,Material Loading,CAT-950M,Sunny,Expert,1,Power,1770,Quick,1,100.8,None,None,60% Mud,None,None,None,85.0,27.3,25.4,24.5,0
TR02,Trenching,CAT-420,Windy,Beginner,2,Smart,2169,Fine,0,88.1,None,Soft Ground,None,None,None,None,85.0,51.6,14.2,46.9,0
EX04,Earth Excavation,CAT-320,Cloudy,Beginner,1,Eco,1694,Quick,0,88.7,Swing Priority,None,None,None,None,None,85.0,49.9,14.2,12.4,0
TR02,Trenching,CAT-420,Sunny,Expert,2,Power,1240,Fine,0,61.1,None,Locked Down,None,None,None,None,85.0,42.7,7.6,33.8,0
GR03,Grading,CAT-140,Windy,Intermediate,6,Smart,1534,Quick,1,90.0,None,None,None,Normal 35°,1st Gear,None,85.0,78.7,17.1,28.1,0
EX03,Earth Excavation,CAT-320,Rainy,Intermediate,3,Eco,1438,Quick,1,102.0,Balanced,None,None,None,None,None,85.0,59.2,11.4,14.0,0
GR04,Grading,CAT-140,Cloudy,Intermediate,7,Power,1595,Medium,1,90.0,None,None,None,Deep Cut 45°,3rd Gear,None,85.0,81.5,22.7,45.2,0
GR02,Grading,CAT-140,Windy,Intermediate,8,Power,1252,Fine,1,90.0,None,None,None,Normal 35°,1st Gear,None,85.0,60.8,16.2,49.1,0
TR04,Trenching,CAT-420,Rainy,Intermediate,6,Smart,2103,Medium,1,97.5,None,Soft Ground,None,None,None,None,85.0,73.6,14.1,50.0,0
EX05,Earth Excavation,CAT-320,Windy,Expert,6,Smart,1545,Fine,1,97.1,Swing Priority,None,None,None,None,None,85.0,112.7,16.2,29.9,0
DM03,Demolition,CAT-349,Windy,Intermediate,7,Eco,1737,Fine,1,90.0,None,None,None,None,None,High Flow,81.2,160.8,32.6,35.9,0
DM02,Demolition,CAT-349,Rainy,Beginner,4,Eco,1720,Medium,1,90.0,None,None,None,None,None,Medium Flow,98.9,126.0,30.9,47.3,0
TR04,Trenching,CAT-420,Rainy,Intermediate,6,Eco,1232,Quick,1,75.7,None,Locked Down,None,None,None,None,85.0,87.8,5.3,36.3,0
T003,Material Loading,CAT-950M,Rainy,Intermediate,6,Power,1553,Fine,1,66.9,None,None,60% Mud,None,None,None,85.0,61.6,22.2,42.1,0
T001,Earth Excavation,CAT-320,Sunny,Expert,2,Smart,1326,Fine,1,98.8,Balanced,None,None,None,None,None,85.0,78.5,11.8,17.3,0
EX05,Earth Excavation,CAT-320,Windy,Expert,6,Power,1810,Quick,1,76.8,Balanced,None,None,None,None,None,85.0,84.8,26.0,43.5,0
T005,Demolition,CAT-349,Windy,Expert,5,Power,1401,Fine,1,90.0,None,None,None,None,None,High Flow,70.5,127.5,35.4,39.1,0
LD05,Material Loading,CAT-950M,Sunny,Expert,1,Eco,1610,Quick,1,60.2,None,None,60% Mud,None,None,None,85.0,35.6,14.2,5.0,0
EX05,Earth Excavation,CAT-320,Windy,Expert,6,Eco,1538,Medium,0,80.9,Boom Power,None,None,None,None,None,85.0,121.4,12.6,30.5,0
TR03,Trenching,CAT-420,Cloudy,Intermediate,5,Eco,1691,Medium,0,103.7,None,Locked Down,None,None,None,None,85.0,83.9,8.5,25.5,0
TR02,Trenching,CAT-420,Sunny,Expert,2,Eco,1290,Medium,0,83.3,None,Soft Ground,None,None,None,None,85.0,45.6,5.4,17.9,0
GR03,Grading,CAT-140,Sunny,Beginner,7,Smart,1559,Medium,1,90.0,None,None,None,Deep Cut 45°,1st Gear,None,85.0,63.6,17.6,33.5,0
DM02,Demolition,CAT-349,Sunny,Expert,4,Eco,1824,Quick,1,90.0,None,None,None,None,None,Medium Flow,83.8,105.1,33.4,24.1,0
LD03,Material Loading,CAT-950M,Rainy,Intermediate,5,Smart,1658,Medium,0,108.8,None,None,80% Gravel,None,None,None,85.0,56.3,18.9,31.0,0
GR03,Grading,CAT-140,Rainy,Intermediate,6,Power,1306,Medium,1,90.0,None,None,None,Normal 35°,2nd Gear,None,85.0,84.3,16.9,42.3,0
TR05,Trenching,CAT-420,Sunny,Beginner,3,Power,1453,Medium,1,62.5,None,Standard,None,None,None,None,85.0,40.9,9.7,31.1,0
EX05,Earth Excavation,CAT-320,Sunny,Beginner,3,Smart,1988,Medium,1,68.5,Boom Power,None,None,None,None,None,85.0,92.2,22.2,28.8,0
T003,Material Loading,CAT-950M,Cloudy,Beginner,3,Power,1989,Medium,0,107.7,None,None,80% Gravel,None,None,None,85.0,46.8,31.0,46.8,0
T005,Demolition,CAT-349,Windy,Expert,3,Smart,1319,Quick,1,90.0,None,None,None,None,None,Low Flow,87.4,126.2,24.7,30.2,0
TR02,Trenching,CAT-420,Sunny,Expert,2,Smart,1616,Medium,1,59.9,None,Soft Ground,None,None,None,None,85.0,36.7,9.2,18.2,0
TR05,Trenching,CAT-420,Cloudy,Expert,8,Power,2058,Medium,0,56.5,None,Soft Ground,None,None,None,None,85.0,58.4,18.3,71.7,0
EX05,Earth Excavation,CAT-320,Windy,Expert,6,Power,1553,Quick,1,106.7,Boom Power,None,None,None,None,None,85.0,91.1,20.6,48.9,0
DM02,Demolition,CAT-349,Windy,Intermediate,3,Power,1643,Quick,0,90.0,None,None,None,None,None,Low Flow,98.5,102.7,44.1,56.9,0
DM05,Demolition,CAT-349,Windy,Expert,8,Eco,2023,Quick,1,90.0,None,None,None,None,None,High Flow,99.8,139.6,41.2,88.3,0
T004,Grading,CAT-140,Sunny,Expert,5,Smart,1616,Quick,1,90.0,None,None,None,Deep Cut 45°,1st Gear,None,85.0,46.4,17.6,25.0,0
LD02,Material Loading,CAT-950M,Sunny,Expert,2,Power,1998,Fine,1,92.3,None,None,60% Mud,None,None,None,85.0,26.9,31.0,38.1,0
GR04,Grading,CAT-140,Cloudy,Intermediate,7,Smart,1722,Medium,1,90.0,None,None,None,Spread 25°,2nd Gear,None,85.0,72.4,20.2,33.7,0
T002,Trenching,CAT-420,Rainy,Intermediate,4,Smart,1965,Medium,1,55.0,None,Standard,None,None,None,None,85.0,69.4,11.9,45.5,0
EX02,Earth Excavation,CAT-320,Sunny,Intermediate,4,Power,1344,Quick,1,98.6,Boom Power,None,None,None,None,None,85.0,78.9,15.7,33.5,0
TR02,Trenching,CAT-420,Rainy,Expert,2,Eco,1516,Quick,0,73.3,None,Standard,None,None,None,None,85.0,57.5,6.3,29.8,0
DM02,Demolition,CAT-349,Cloudy,Beginner,6,Power,2175,Quick,0,90.0,None,None,None,None,None,Low Flow,70.4,91.2,70.2,71.8,0
T001,Earth Excavation,CAT-320,Sunny,Expert,2,Smart,1721,Medium,1,92.8,Balanced,None,None,None,None,None,85.0,62.7,17.4,17.4,0
T003,Material Loading,CAT-950M,Rainy,Beginner,2,Eco,1501,Quick,0,107.4,None,None,60% Mud,None,None,None,85.0,68.5,13.1,16.8,0
GR03,Grading,CAT-140,Rainy,Intermediate,6,Power,1539,Quick,1,90.0,None,None,None,Deep Cut 45°,1st Gear,None,85.0,76.4,21.4,40.6,0
LD04,Material Loading,CAT-950M,Windy,Intermediate,4,Eco,1729,Fine,1,51.4,None,None,60% Mud,None,None,None,85.0,50.0,16.3,18.3,0
T004,Grading,CAT-140,Sunny,Expert,5,Power,1927,Medium,0,90.0,None,None,None,Normal 35°,3rd Gear,None,85.0,64.9,29.7,66.7,0
GR02,Grading,CAT-140,Cloudy,Expert,3,Smart,1829,Fine,1,90.0,None,None,None,Spread 25°,1st Gear,None,85.0,48.8,21.1,20.8,0
EX05,Earth Excavation,CAT-320,Rainy,Intermediate,4,Eco,1668,Fine,0,90.5,Swing Priority,None,None,None,None,None,85.0,150.3,14.4,25.3,0
LD04,Material Loading,CAT-950M,Windy,Intermediate,4,Eco,1618,Fine,0,80.8,None,None,80% Gravel,None,None,None,85.0,54.6,15.2,23.0,0
DM05,Demolition,CAT-349,Windy,Expert,8,Eco,2123,Fine,0,90.0,None,None,None,None,None,High Flow,68.2,182.6,44.1,70.2,0
GR02,Grading,CAT-140,Sunny,Expert,2,Smart,1524,Fine,1,90.0,None,None,None,Spread 25°,1st Gear,None,85.0,46.8,15.7,17.7,0
TR05,Trenching,CAT-420,Sunny,Beginner,3,Eco,2028,Fine,1,59.4,None,Soft Ground,None,None,None,None,85.0,52.7,10.6,27.4,0
GR04,Grading,CAT-140,Rainy,Beginner,6,Eco,1905,Fine,1,90.0,None,None,None,Normal 35°,3rd Gear,None,85.0,98.5,18.6,26.0,0
LD02,Material Loading,CAT-950M,Sunny,Expert,2,Power,1614,Quick,1,73.3,None,None,100% Max,None,None,None,85.0,24.3,22.1,26.9,0
GR04,Grading,CAT-140,Cloudy,Intermediate,7,Power,1888,Fine,1,90.0,None,None,None,Deep Cut 45°,1st Gear,None,85.0,88.7,29.4,47.7,0
TR05,Trenching,CAT-420,Sunny,Beginner,3,Power,1261,Fine,1,64.8,None,Soft Ground,None,None,None,None,85.0,44.2,8.2,31.8,0
TR02,Trenching,CAT-420,Windy,Expert,6,Power,1421,Fine,1,75.5,None,Soft Ground,None,None,None,None,85.0,41.4,10.0,42.1,0
T002,Trenching,CAT-420,Windy,Beginner,7,Power,1870,Fine,1,96.6,None,Standard,None,None,None,None,85.0,65.4,15.3,47.0,0
EX04,Earth Excavation,CAT-320,Cloudy,Beginner,1,Power,1925,Fine,1,94.4,Balanced,None,None,None,None,None,85.0,44.5,27.1,30.3,0
DM03,Demolition,CAT-349,Windy,Intermediate,7,Power,1889,Fine,0,90.0,None,None,None,None,None,Medium Flow,79.6,133.4,57.7,55.9,0
EX04,Earth Excavation,CAT-320,Cloudy,Beginner,1,Smart,1323,Quick,1,77.1,Boom Power,None,None,None,None,None,85.0,47.7,11.5,13.4,0
LD05,Material Loading,CAT-950M,Sunny,Expert,1,Smart,2001,Medium,1,75.1,None,None,80% Gravel,None,None,None,85.0,28.0,23.8,23.1,0
TR02,Trenching,CAT-420,Windy,Beginner,6,Eco,2150,Quick,1,102.7,None,Soft Ground,None,None,None,None,85.0,56.9,11.5,44.2,0
LD03,Material Loading,CAT-950M,Rainy,Intermediate,5,Power,1989,Quick,0,67.0,None,None,60% Mud,None,None,None,85.0,48.2,32.3,57.1,0
LD03,Material Loading,CAT-950M,Rainy,Intermediate,5,Power,1477,Fine,1,52.1,None,None,60% Mud,None,None,None,85.0,52.4,20.3,39.1,0
EX03,Earth Excavation,CAT-320,Rainy,Intermediate,3,Eco,1565,Medium,0,86.4,Balanced,None,None,None,None,None,85.0,65.0,13.1,20.9,0
EX04,Earth Excavation,CAT-320,Cloudy,Beginner,1,Smart,1540,Quick,1,66.5,Boom Power,None,None,None,None,None,85.0,50.0,14.3,10.0,0
DM05,Demolition,CAT-349,Windy,Expert,8,Smart,1382,Quick,1,90.0,None,None,None,None,None,Medium Flow,90.2,124.5,28.4,36.3,0
T004,Grading,CAT-140,Sunny,Expert,5,Smart,1530,Medium,1,90.0,None,None,None,Spread 25°,2nd Gear,None,85.0,38.0,16.0,25.5,0
EX04,Earth Excavation,CAT-320,Cloudy,Beginner,1,Smart,1629,Medium,0,62.2,Swing Priority,None,None,None,None,None,85.0,52.6,15.5,17.7,0
T001,Earth Excavation,CAT-320,Sunny,Expert,2,Eco,1228,Fine,1,79.9,Swing Priority,None,None,None,None,None,85.0,99.4,9.3,9.0,0
T002,Trenching,CAT-420,Rainy,Intermediate,4,Power,1452,Medium,0,94.6,None,Locked Down,None,None,None,None,85.0,72.7,9.6,56.0,0
GR05,Grading,CAT-140,Windy,Beginner,3,Eco,1248,Quick,1,90.0,None,None,None,Normal 35°,2nd Gear,None,85.0,43.3,9.5,13.9,0
TR02,Trenching,CAT-420,Sunny,Expert,2,Smart,1343,Medium,1,50.5,None,Locked Down,None,None,None,None,85.0,40.8,6.7,16.6,0
T003,Material Loading,CAT-950M,Sunny,Intermediate,1,Eco,1784,Medium,1,70.2,None,None,80% Gravel,None,None,None,85.0,46.4,16.7,6.4,0
LD05,Material Loading,CAT-950M,Sunny,Expert,1,Eco,1450,Fine,1,75.7,None,None,80% Gravel,None,None,None,85.0,41.4,11.7,7.5,0
DM03,Demolition,CAT-349,Windy,Intermediate,7,Smart,1310,Fine,0,90.0,None,None,None,None,None,Medium Flow,83.2,165.6,26.1,39.5,0
T004,Grading,CAT-140,Windy,Intermediate,8,Power,1658,Fine,1,90.0,None,None,None,Normal 35°,2nd Gear,None,85.0,43.9,24.3,48.1,0
T004,Grading,CAT-140,Sunny,Expert,5,Smart,1410,Quick,1,90.0,None,None,None,Normal 35°,2nd Gear,None,85.0,42.9,14.6,25.6,0
EX02,Earth Excavation,CAT-320,Sunny,Intermediate,4,Eco,1778,Fine,1,98.4,Balanced,None,None,None,None,None,85.0,100.0,15.9,15.5,0
DM04,Demolition,CAT-349,Rainy,Intermediate,5,Power,1683,Medium,0,90.0,None,None,None,None,None,Medium Flow,96.1,86.8,47.4,59.8,0
LD02,Material Loading,CAT-950M,Windy,Beginner,6,Power,1696,Fine,0,68.8,None,None,100% Max,None,None,None,85.0,36.5,25.3,49.9,0
TR05,Trenching,CAT-420,Sunny,Beginner,3,Power,1588,Fine,1,97.6,None,Soft Ground,None,None,None,None,85.0,39.7,11.8,30.8,0
T003,Material Loading,CAT-950M,Cloudy,Beginner,3,Power,1527,Medium,0,60.6,None,None,100% Max,None,None,None,85.0,53.4,20.7,39.5,0
LD04,Material Loading,CAT-950M,Windy,Intermediate,4,Smart,1663,Medium,0,73.2,None,None,80% Gravel,None,None,None,85.0,43.2,19.0,32.0,0
GR04,Grading,CAT-140,Cloudy,Intermediate,7,Smart,1535,Medium,1,90.0,None,None,None,Normal 35°,3rd Gear,None,85.0,72.9,16.8,33.4,0
EX04,Earth Excavation,CAT-320,Sunny,Intermediate,4,Smart,1613,Quick,1,80.3,Boom Power,None,None,None,None,None,85.0,44.0,16.7,22.2,0
T003,Material Loading,CAT-950M,Cloudy,Beginner,3,Smart,2066,Medium,1,101.3,None,None,60% Mud,None,None,None,85.0,44.0,25.6,34.0,0
T004,Grading,CAT-140,Sunny,Expert,5,Eco,1367,Quick,0,90.0,None,None,None,Normal 35°,1st Gear,None,85.0,50.9,11.3,27.8,0
TR05,Trenching,CAT-420,Windy,Expert,4,Power,2098,Fine,1,59.0,None,Locked Down,None,None,None,None,85.0,50.9,17.6,53.9,0
EX04,Earth Excavation,CAT-320,Cloudy,Beginner,1,Smart,1301,Fine,1,73.9,Boom Power,None,None,None,None,None,85.0,61.1,11.3,13.0,0
T004,Grading,CAT-140,Sunny,Expert,5,Smart,1529,Fine,1,90.0,None,None,None,Normal 35°,3rd Gear,None,85.0,44.6,16.2,43.9,0
TR05,Trenching,CAT-420,Sunny,Beginner,3,Power,1343,Medium,0,97.2,None,Standard,None,None,None,None,85.0,50.1,8.4,37.2,0
TR04,Trenching,CAT-420,Rainy,Intermediate,6,Smart,1695,Quick,1,90.3,None,Soft Ground,None,None,None,None,85.0,74.8,10.3,29.2,0
T001,Earth Excavation,CAT-320,Sunny,Expert,2,Power,1916,Fine,1,53.5,Swing Priority,None,None,None,None,None,85.0,77.2,26.4,30.4,0
DM02,Demolition,CAT-349,Windy,Expert,5,Power,1423,Quick,1,90.0,None,None,None,None,None,Medium Flow,82.7,111.7,36.6,47.2,0
GR04,Grading,CAT-140,Sunny,Intermediate,4,Smart,1810,Fine,0,90.0,None,None,None,Deep Cut 45°,3rd Gear,None,85.0,85.8,20.4,29.7,0
DM05,Demolition,CAT-349,Windy,Expert,8,Smart,1991,Medium,0,90.0,None,None,None,None,None,Low Flow,66.4,143.4,49.4,64.0,0
T005,Demolition,CAT-349,Windy,Intermediate,6,Smart,1661,Medium,1,90.0,None,None,None,None,None,High Flow,94.6,111.2,36.3,55.9,0
T002,Trenching,CAT-420,Rainy,Intermediate,4,Power,1557,Fine,1,81.7,None,Soft Ground,None,None,None,None,85.0,52.8,11.0,34.7,0
EX05,Earth Excavation,CAT-320,Windy,Expert,6,Eco,1994,Medium,1,57.6,Boom Power,None,None,None,None,None,85.0,112.7,18.7,33.3,0
LD04,Material Loading,CAT-950M,Windy,Intermediate,4,Eco,1509,Fine,0,70.6,None,None,60% Mud,None,None,None,85.0,58.8,13.8,23.2,0
T001,Earth Excavation,CAT-320,Sunny,Expert,2,Smart,1609,Quick,1,106.6,Boom Power,None,None,None,None,None,85.0,70.2,15.9,24.9,0
EX02,Earth Excavation,CAT-320,Windy,Beginner,1,Eco,1239,Medium,1,84.4,Swing Priority,None,None,None,None,None,85.0,106.5,8.6,7.2,0
LD04,Material Loading,CAT-950M,Sunny,Expert,7,Eco,2001,Fine,0,51.1,None,None,100% Max,None,None,None,85.0,57.7,21.3,44.7,0
GR02,Grading,CAT-140,Cloudy,Beginner,8,Eco,1235,Quick,0,90.0,None,None,None,Normal 35°,2nd Gear,None,85.0,78.8,10.1,39.0,0
GR04,Grading,CAT-140,Rainy,Beginner,7,Eco,1223,Fine,0,90.0,None,None,None,Normal 35°,2nd Gear,None,85.0,107.5,10.5,34.2,0
LD04,Material Loading,CAT-950M,Windy,Intermediate,4,Power,1351,Fine,1,84.5,None,None,80% Gravel,None,None,None,85.0,44.1,17.7,37.8,0
DM03,Demolition,CAT-349,Cloudy,Intermediate,7,Power,2035,Fine,1,90.0,None,None,None,None,None,Low Flow,95.1,130.1,64.8,97.6,0
LD02,Material Loading,CAT-950M,Sunny,Expert,2,Smart,1580,Medium,0,105.0,None,None,100% Max,None,None,None,85.0,31.3,17.1,22.0,0
EX02,Earth Excavation,CAT-320,Sunny,Intermediate,4,Power,1203,Medium,0,105.5,Boom Power,None,None,None,None,None,85.0,99.9,13.2,50.5,0
LD02,Material Loading,CAT-950M,Sunny,Intermediate,4,Smart,1654,Fine,1,52.1,None,None,80% Gravel,None,None,None,85.0,30.5,19.1,22.3,0
TR04,Trenching,CAT-420,Rainy,Intermediate,6,Eco,1889,Medium,0,89.9,None,Soft Ground,None,None,None,None,85.0,75.5,10.2,33.5,0
LD05,Material Loading,CAT-950M,Sunny,Expert,1,Power,1965,Medium,1,108.8,None,None,80% Gravel,None,None,None,85.0,27.5,29.6,32.9,0
EX03,Earth Excavation,CAT-320,Windy,Expert,8,Smart,1312,Medium,1,69.3,Swing Priority,None,None,None,None,None,85.0,90.7,12.9,36.8,0
T002,Trenching,CAT-420,Rainy,Intermediate,4,Power,2112,Fine,0,92.9,None,Locked Down,None,None,None,None,85.0,74.8,17.8,76.9,0
DM04,Demolition,CAT-349,Cloudy,Expert,8,Eco,1864,Fine,1,90.0,None,None,None,None,None,Low Flow,87.3,117.1,37.2,42.6,0
T005,Demolition,CAT-349,Windy,Intermediate,6,Power,1494,Fine,0,90.0,None,None,None,None,None,Low Flow,67.9,163.3,40.6,55.7,0
T005,Demolition,CAT-349,Windy,Intermediate,6,Power,2046,Fine,0,90.0,None,None,None,None,None,Low Flow,80.5,143.8,64.7,73.5,0
GR02,Grading,CAT-140,Rainy,Intermediate,7,Smart,1862,Medium,1,90.0,None,None,None,Spread 25°,2nd Gear,None,85.0,68.4,22.8,33.0,0
T002,Trenching,CAT-420,Rainy,Intermediate,4,Smart,1793,Medium,0,59.0,None,Standard,None,None,None,None,85.0,74.0,10.7,44.6,0
LD02,Material Loading,CAT-950M,Sunny,Expert,2,Smart,1787,Quick,0,88.6,None,None,60% Mud,None,None,None,85.0,28.2,20.0,21.9,0
GR03,Grading,CAT-140,Rainy,Intermediate,6,Power,1569,Fine,1,90.0,None,None,None,Normal 35°,1st Gear,None,85.0,68.5,22.0,41.8,0
TR04,Trenching,CAT-420,Rainy,Intermediate,1,Power,2063,Medium,1,93.0,None,Soft Ground,None,None,None,None,85.0,61.0,15.8,40.8,0
EX03,Earth Excavation,CAT-320,Rainy,Beginner,2,Power,1859,Quick,1,50.3,Balanced,None,None,None,None,None,85.0,55.8,25.6,30.0,0
DM02,Demolition,CAT-349,Sunny,Expert,4,Eco,2066,Quick,0,90.0,None,None,None,None,None,Medium Flow,86.3,116.3,40.3,50.6,0
TR05,Trenching,CAT-420,Windy,Intermediate,3,Eco,1719,Quick,0,74.8,None,Standard,None,None,None,None,85.0,66.0,8.1,21.7,0
DM04,Demolition,CAT-349,Rainy,Intermediate,5,Smart,1962,Fine,1,90.0,None,None,None,None,None,Low Flow,85.0,96.7,46.0,45.5,0
T001,Earth Excavation,CAT-320,Sunny,Expert,2,Smart,1263,Fine,1,75.8,Swing Priority,None,None,None,None,None,85.0,83.7,11.3,17.1,0
LD02,Material Loading,CAT-950M,Sunny,Expert,2,Power,1566,Medium,0,95.3,None,None,80% Gravel,None,None,None,85.0,32.1,21.8,36.7,0
EX05,Earth Excavation,CAT-320,Windy,Expert,4,Smart,1642,Quick,1,50.7,Boom Power,None,None,None,None,None,85.0,96.6,17.5,21.2,0
TR04,Trenching,CAT-420,Rainy,Intermediate,6,Power,1403,Fine,0,68.7,None,Soft Ground,None,None,None,None,85.0,67.2,9.3,48.7,0
T004,Grading,CAT-140,Sunny,Intermediate,1,Power,1611,Quick,0,90.0,None,None,None,Normal 35°,3rd Gear,None,85.0,60.7,21.7,46.9,0
LD02,Material Loading,CAT-950M,Sunny,Expert,2,Power,1804,Fine,1,70.4,None,None,80% Gravel,None,None,None,85.0,28.7,26.7,25.9,0
T002,Trenching,CAT-420,Rainy,Intermediate,4,Smart,1698,Medium,0,81.9,None,Standard,None,None,None,None,85.0,72.2,9.6,43.7,0
DM03,Demolition,CAT-349,Windy,Intermediate,7,Eco,1393,Medium,0,90.0,None,None,None,None,None,Low Flow,93.5,213.7,23.3,66.8,0
EX05,Earth Excavation,CAT-320,Windy,Expert,6,Smart,1418,Quick,0,102.3,Balanced,None,None,None,None,None,85.0,119.3,14.0,42.2,0
TR05,Trenching,CAT-420,Cloudy,Expert,5,Smart,1764,Medium,1,56.3,None,Standard,None,None,None,None,85.0,44.0,11.1,25.4,0
DM04,Demolition,CAT-349,Rainy,Beginner,8,Eco,1627,Fine,0,90.0,None,None,None,None,None,Low Flow,94.2,143.3,29.7,71.2,0
EX02,Earth Excavation,CAT-320,Sunny,Intermediate,4,Eco,1316,Quick,1,69.0,Swing Priority,None,None,None,None,None,85.0,115.8,9.8,16.9,0
T004,Grading,CAT-140,Sunny,Expert,5,Smart,1517,Quick,1,90.0,None,None,None,Normal 35°,2nd Gear,None,85.0,40.6,16.3,28.1,0
EX04,Earth Excavation,CAT-320,Rainy,Intermediate,2,Eco,1637,Fine,1,52.4,Swing Priority,None,None,None,None,None,85.0,67.6,13.7,7.9,0
T002,Trenching,CAT-420,Cloudy,Expert,4,Eco,2150,Quick,1,97.3,None,Soft Ground,None,None,None,None,85.0,70.7,11.4,39.5,0
LD04,Material Loading,CAT-950M,Rainy,Expert,8,Eco,1614,Medium,0,80.3,None,None,100% Max,None,None,None,85.0,70.2,17.0,55.7,0
DM02,Demolition,CAT-349,Sunny,Expert,4,Smart,1754,Quick,1,90.0,None,None,None,None,None,Low Flow,66.1,84.9,39.2,20.2,0
T003,Material Loading,CAT-950M,Cloudy,Beginner,3,Eco,1892,Medium,1,97.1,None,None,100% Max,None,None,None,85.0,51.8,18.7,17.7,0
T004,Grading,CAT-140,Sunny,Expert,5,Smart,1363,Quick,1,90.0,None,None,None,Normal 35°,1st Gear,None,85.0,45.5,13.2,27.9,0
T005,Demolition,CAT-349,Windy,Intermediate,6,Smart,1596,Medium,1,90.0,None,None,None,None,None,High Flow,69.8,112.2,34.6,29.9,0
GR04,Grading,CAT-140,Cloudy,Intermediate,7,Eco,1380,Quick,0,90.0,None,None,None,Spread 25°,3rd Gear,None,85.0,123.6,12.4,34.5,0
EX03,Earth Excavation,CAT-320,Rainy,Intermediate,3,Power,1761,Medium,0,80.8,Balanced,None,None,None,None,None,85.0,59.0,23.6,39.3,0
T002,Trenching,CAT-420,Rainy,Intermediate,4,Smart,1286,Fine,0,101.5,None,Soft Ground,None,None,None,None,85.0,69.3,6.0,29.2,0
T002,Trenching,CAT-420,Rainy,Intermediate,4,Smart,1916,Medium,1,57.4,None,Locked Down,None,None,None,None,85.0,69.0,11.7,41.3,0
EX05,Earth Excavation,CAT-320,Windy,Expert,6,Smart,1848,Medium,1,63.4,Balanced,None,None,None,None,None,85.0,105.8,20.9,33.0,0
DM02,Demolition,CAT-349,Sunny,Expert,4,Smart,1714,Quick,0,90.0,None,None,None,None,None,Medium Flow,76.4,111.5,38.1,39.3,0
GR02,Grading,CAT-140,Sunny,Expert,2,Smart,1988,Medium,1,90.0,None,None,None,Deep Cut 45°,3rd Gear,None,85.0,72.3,23.7,43.0,0
LD04,Material Loading,CAT-950M,Windy,Intermediate,4,Smart,1614,Medium,1,107.7,None,None,80% Gravel,None,None,None,85.0,38.8,18.6,21.2,0
T005,Demolition,CAT-349,Windy,Intermediate,6,Eco,1938,Quick,0,90.0,None,None,None,None,None,Medium Flow,98.3,148.3,37.5,78.6,0
DM02,Demolition,CAT-349,Sunny,Expert,4,Power,1998,Quick,0,90.0,None,None,None,None,None,Medium Flow,84.3,99.5,59.6,64.2,0
GR02,Grading,CAT-140,Sunny,Expert,2,Power,1585,Fine,0,90.0,None,None,None,Normal 35°,1st Gear,None,85.0,51.0,21.7,37.1,0
T004,Grading,CAT-140,Sunny,Expert,5,Eco,1528,Quick,1,90.0,None,None,None,Spread 25°,3rd Gear,None,85.0,56.8,13.1,34.4,0
LD04,Material Loading,CAT-950M,Windy,Intermediate,4,Eco,1627,Quick,0,82.7,None,None,60% Mud,None,None,None,85.0,50.3,15.9,24.0,0
GR02,Grading,CAT-140,Sunny,Expert,2,Smart,1335,Medium,0,90.0,None,None,None,Deep Cut 45°,3rd Gear,None,85.0,79.7,13.3,40.3,0
GR04,Grading,CAT-140,Cloudy,Expert,5,Eco,1521,Quick,0,90.0,None,None,None,Deep Cut 45°,3rd Gear,None,85.0,113.9,13.5,26.7,0
LD05,Material Loading,CAT-950M,Sunny,Expert,1,Eco,2068,Medium,0,99.2,None,None,80% Gravel,None,None,None,85.0,38.2,20.4,29.8,0
DM03,Demolition,CAT-349,Windy,Intermediate,7,Power,1543,Quick,1,90.0,None,None,None,None,None,High Flow,75.0,142.1,42.3,54.5,0
LD05,Material Loading,CAT-950M,Sunny,Expert,1,Smart,1485,Medium,1,97.9,None,None,60% Mud,None,None,None,85.0,32.4,15.3,12.5,0
TR02,Trenching,CAT-420,Sunny,Expert,2,Power,1629,Quick,0,72.4,None,Locked Down,None,None,None,None,85.0,46.1,11.4,36.3,0
EX04,Earth Excavation,CAT-320,Cloudy,Beginner,1,Eco,1782,Fine,0,50.0,Swing Priority,None,None,None,None,None,85.0,65.2,15.3,15.7,0
T002,Trenching,CAT-420,Rainy,Intermediate,4,Smart,2145,Quick,1,74.4,None,Locked Down,None,None,None,None,85.0,82.2,14.9,61.0,0
DM04,Demolition,CAT-349,Rainy,Intermediate,5,Smart,2012,Medium,1,90.0,None,None,None,None,None,High Flow,85.4,83.3,48.2,47.6,0
LD02,Material Loading,CAT-950M,Sunny,Expert,2,Power,1318,Quick,0,69.8,None,None,80% Gravel,None,None,None,85.0,33.0,16.6,35.2,0
EX03,Earth Excavation,CAT-320,Rainy,Intermediate,3,Eco,1625,Fine,0,66.0,Swing Priority,None,None,None,None,None,85.0,87.3,13.8,20.2,0
DM03,Demolition,CAT-349,Sunny,Intermediate,4,Power,1645,Fine,1,90.0,None,None,None,None,None,Medium Flow,90.8,116.4,44.8,34.9,0
T005,Demolition,CAT-349,Rainy,Intermediate,2,Smart,1961,Fine,1,90.0,None,None,None,None,None,Low Flow,77.9,136.5,45.1,34.1,0
EX04,Earth Excavation,CAT-320,Cloudy,Beginner,1,Eco,1467,Quick,1,91.7,Balanced,None,None,None,None,None,85.0,51.4,11.5,7.5,0
T004,Grading,CAT-140,Sunny,Expert,5,Smart,1591,Quick,0,90.0,None,None,None,Normal 35°,3rd Gear,None,85.0,61.9,17.0,49.2,0
LD03,Material Loading,CAT-950M,Rainy,Intermediate,5,Eco,1546,Fine,1,52.5,None,None,100% Max,None,None,None,85.0,61.7,15.9,39.7,0
LD04,Material Loading,CAT-950M,Windy,Beginner,5,Smart,1561,Medium,1,64.5,None,None,100% Max,None,None,None,85.0,41.6,17.6,25.8,0
DM04,Demolition,CAT-349,Rainy,Intermediate,5,Power,1416,Medium,0,90.0,None,None,None,None,None,Low Flow,80.9,107.5,36.3,56.9,0
GR02,Grading,CAT-140,Sunny,Expert,2,Power,1235,Medium,1,90.0,None,None,None,Normal 35°,3rd Gear,None,85.0,72.5,14.3,42.8,0
LD04,Material Loading,CAT-950M,Sunny,Expert,8,Power,1416,Medium,1,67.4,None,None,80% Gravel,None,None,None,85.0,43.0,19.5,47.7,0
T001,Earth Excavation,CAT-320,Sunny,Expert,2,Power,1775,Fine,1,70.2,Balanced,None,None,None,None,None,85.0,76.1,23.8,25.8,0
TR03,Trenching,CAT-420,Cloudy,Intermediate,5,Power,1223,Quick,0,54.4,None,Locked Down,None,None,None,None,85.0,97.4,7.9,45.0,0
DM03,Demolition,CAT-349,Windy,Intermediate,7,Eco,2061,Medium,1,90.0,None,None,None,None,None,Medium Flow,90.6,143.8,42.3,43.5,0
LD04,Material Loading,CAT-950M,Cloudy,Beginner,8,Power,1623,Fine,0,63.3,None,None,100% Max,None,None,None,85.0,54.4,24.8,58.8,0
EX03,Earth Excavation,CAT-320,Rainy,Intermediate,3,Eco,1958,Fine,0,104.1,Boom Power,None,None,None,None,None,85.0,78.1,17.9,36.8,0
T004,Grading,CAT-140,Sunny,Expert,5,Smart,1954,Medium,0,90.0,None,None,None,Spread 25°,3rd Gear,None,85.0,64.9,23.6,58.6,0
EX02,Earth Excavation,CAT-320,Cloudy,Intermediate,5,Power,1604,Fine,0,94.9,Boom Power,None,None,None,None,None,85.0,98.1,21.1,44.8,0
EX02,Earth Excavation,CAT-320,Cloudy,Beginner,7,Power,1785,Fine,0,59.9,Swing Priority,None,None,None,None,None,85.0,115.8,25.4,54.1,0
T004,Grading,CAT-140,Sunny,Expert,5,Smart,1494,Medium,1,90.0,None,None,None,Deep Cut 45°,2nd Gear,None,85.0,37.6,15.6,26.7,0
EX05,Earth Excavation,CAT-320,Sunny,Intermediate,1,Smart,1844,Fine,1,72.2,Boom Power,None,None,None,None,None,85.0,103.3,19.6,12.9,0
GR05,Grading,CAT-140,Sunny,Expert,1,Eco,1692,Fine,1,90.0,None,None,None,Spread 25°,2nd Gear,None,85.0,31.3,14.4,6.2,0
T002,Trenching,CAT-420,Windy,Expert,8,Eco,2142,Fine,1,91.5,None,Standard,None,None,None,None,85.0,73.3,11.9,53.1,0
EX05,Earth Excavation,CAT-320,Windy,Expert,6,Eco,1812,Medium,1,76.5,Swing Priority,None,None,None,None,None,85.0,105.8,16.3,25.8,0
TR03,Trenching,CAT-420,Windy,Intermediate,6,Power,1411,Fine,0,84.8,None,Standard,None,None,None,None,85.0,90.9,9.8,50.4,0
DM03,Demolition,CAT-349,Cloudy,Beginner,4,Power,1985,Medium,1,90.0,None,None,None,None,None,Low Flow,67.0,128.4,59.6,56.0,0
LD04,Material Loading,CAT-950M,Windy,Intermediate,4,Smart,1985,Medium,1,56.7,None,None,100% Max,None,None,None,85.0,38.8,24.6,33.5,0
DM02,Demolition,CAT-349,Sunny,Expert,4,Eco,1446,Medium,0,90.0,None,None,None,None,None,Low Flow,94.9,125.5,23.7,37.1,0
DM03,Demolition,CAT-349,Sunny,Intermediate,2,Smart,2047,Medium,1,90.0,None,None,None,None,None,Low Flow,79.7,126.7,47.2,44.4,0
LD04,Material Loading,CAT-950M,Windy,Intermediate,4,Eco,1944,Quick,1,97.5,None,None,60% Mud,None,None,None,85.0,42.4,19.9,24.4,0
GR04,Grading,CAT-140,Cloudy,Intermediate,7,Power,1353,Quick,1,90.0,None,None,None,Deep Cut 45°,2nd Gear,None,85.0,96.5,17.9,44.6,0
LD04,Material Loading,CAT-950M,Windy,Intermediate,4,Power,2001,Quick,1,67.9,None,None,80% Gravel,None,None,None,85.0,34.7,31.3,47.5,0
DM04,Demolition,CAT-349,Cloudy,Intermediate,1,Power,1781,Quick,1,90.0,None,None,None,None,None,High Flow,95.7,74.0,48.5,49.8,0
LD03,Material Loading,CAT-950M,Rainy,Intermediate,5,Eco,2059,Quick,1,109.9,None,None,100% Max,None,None,None,85.0,48.5,24.4,52.7,0
T005,Demolition,CAT-349,Windy,Intermediate,6,Smart,1640,Quick,1,90.0,None,None,None,None,None,Low Flow,65.3,121.9,35.9,39.5,0
TR05,Trenching,CAT-420,Sunny,Beginner,3,Power,1886,Medium,0,66.2,None,Locked Down,None,None,None,None,85.0,50.1,14.1,41.8,0
DM04,Demolition,CAT-349,Cloudy,Beginner,4,Power,1450,Quick,0,90.0,None,None,None,None,None,Medium Flow,79.3,90.2,36.6,42.0,0
DM05,Demolition,CAT-349,Windy,Expert,8,Eco,1441,Fine,1,90.0,None,None,None,None,None,High Flow,88.5,182.2,24.7,41.4,0
GR04,Grading,CAT-140,Cloudy,Intermediate,7,Smart,1574,Quick,1,90.0,None,None,None,Deep Cut 45°,1st Gear,None,85.0,89.6,17.4,33.7,0
DM04,Demolition,CAT-349,Rainy,Intermediate,5,Smart,1765,Medium,1,90.0,None,None,None,None,None,Medium Flow,97.4,75.8,40.3,44.3,0
EX04,Earth Excavation,CAT-320,Cloudy,Beginner,1,Power,1521,Fine,1,106.9,Boom Power,None,None,None,None,None,85.0,49.6,18.8,32.2,0
DM04,Demolition,CAT-349,Rainy,Intermediate,5,Smart,2045,Fine,1,90.0,None,None,None,None,None,High Flow,93.8,95.5,49.6,58.1,0
GR04,Grading,CAT-140,Rainy,Intermediate,6,Smart,1432,Quick,1,90.0,None,None,None,Deep Cut 45°,3rd Gear,None,85.0,102.5,14.8,28.9,0
DM02,Demolition,CAT-349,Sunny,Expert,4,Smart,1300,Quick,1,90.0,None,None,None,None,None,Low Flow,90.0,99.3,24.5,21.4,0
T003,Material Loading,CAT-950M,Cloudy,Beginner,3,Eco,1680,Medium,1,52.7,None,None,60% Mud,None,None,None,85.0,52.8,15.1,16.0,0
DM03,Demolition,CAT-349,Windy,Intermediate,7,Smart,1431,Fine,0,90.0,None,None,None,None,None,Medium Flow,71.6,158.4,29.6,41.2,0
EX05,Earth Excavation,CAT-320,Windy,Expert,6,Smart,1504,Fine,0,102.3,Boom Power,None,None,None,None,None,85.0,127.8,15.7,44.9,0
LD03,Material Loading,CAT-950M,Rainy,Intermediate,5,Power,1950,Medium,1,107.3,None,None,100% Max,None,None,None,85.0,50.5,34.1,64.1,0
T004,Grading,CAT-140,Sunny,Expert,5,Smart,1572,Quick,1,90.0,None,None,None,Normal 35°,3rd Gear,None,85.0,54.5,17.2,42.1,0
LD04,Material Loading,CAT-950M,Rainy,Intermediate,3,Power,1384,Medium,0,56.7,None,None,100% Max,None,None,None,85.0,58.1,20.5,54.7,0
GR02,Grading,CAT-140,Sunny,Intermediate,4,Smart,1843,Fine,1,90.0,None,None,None,Deep Cut 45°,2nd Gear,None,85.0,55.7,21.7,22.7,0
EX04,Earth Excavation,CAT-320,Cloudy,Beginner,1,Smart,1601,Fine,0,52.6,Boom Power,None,None,None,None,None,85.0,62.9,15.4,18.9,0
TR05,Trenching,CAT-420,Sunny,Beginner,3,Eco,1847,Fine,0,75.5,None,Standard,None,None,None,None,85.0,51.9,9.1,22.6,0
TR05,Trenching,CAT-420,Sunny,Beginner,3,Eco,1756,Fine,0,101.1,None,Locked Down,None,None,None,None,85.0,55.1,8.2,17.8,0
LD04,Material Loading,CAT-950M,Windy,Intermediate,4,Smart,1370,Medium,0,86.5,None,None,100% Max,None,None,None,85.0,49.6,14.0,32.1,0
T004,Grading,CAT-140,Sunny,Expert,5,Power,1260,Medium,0,90.0,None,None,None,Spread 25°,2nd Gear,None,85.0,51.7,16.0,47.3,0
T004,Grading,CAT-140,Sunny,Expert,5,Power,1351,Medium,1,90.0,None,None,None,Normal 35°,2nd Gear,None,85.0,41.0,17.3,35.6,0
DM04,Demolition,CAT-349,Rainy,Expert,3,Power,1590,Medium,1,90.0,None,None,None,None,None,High Flow,86.4,84.9,42.1,42.0,0
LD05,Material Loading,CAT-950M,Sunny,Expert,1,Power,1359,Medium,0,77.6,None,None,100% Max,None,None,None,85.0,36.4,16.9,29.7,0
DM02,Demolition,CAT-349,Sunny,Expert,4,Smart,1870,Fine,1,90.0,None,None,None,None,None,Medium Flow,92.1,105.6,42.6,38.6,0
GR03,Grading,CAT-140,Rainy,Intermediate,6,Power,1349,Medium,1,90.0,None,None,None,Deep Cut 45°,1st Gear,None,85.0,70.1,17.2,39.5,0
T002,Trenching,CAT-420,Cloudy,Expert,2,Power,1307,Fine,0,58.0,None,Locked Down,None,None,None,None,85.0,64.3,8.3,34.4,0
GR03,Grading,CAT-140,Rainy,Intermediate,6,Eco,1963,Quick,1,90.0,None,None,None,Normal 35°,3rd Gear,None,85.0,98.0,20.2,33.6,0
T001,Earth Excavation,CAT-320,Sunny,Expert,2,Power,1285,Fine,1,80.3,Balanced,None,None,None,None,None,85.0,76.8,14.8,30.0,0
TR02,Trenching,CAT-420,Sunny,Expert,2,Power,2032,Quick,1,54.0,None,Locked Down,None,None,None,None,85.0,45.5,16.8,39.5,0
GR05,Grading,CAT-140,Windy,Beginner,3,Power,1696,Fine,1,90.0,None,None,None,Spread 25°,2nd Gear,None,85.0,34.6,23.8,32.7,0
LD04,Material Loading,CAT-950M,Windy,Intermediate,4,Eco,1959,Quick,0,74.1,None,None,80% Gravel,None,None,None,85.0,45.5,19.6,33.5,0
EX03,Earth Excavation,CAT-320,Rainy,Intermediate,3,Eco,1794,Quick,0,53.1,Swing Priority,None,None,None,None,None,85.0,73.2,15.4,19.4,0
T002,Trenching,CAT-420,Rainy,Intermediate,4,Eco,1747,Fine,0,57.9,None,Standard,None,None,None,None,85.0,69.3,8.6,35.9,0
DM02,Demolition,CAT-349,Sunny,Expert,4,Power,2011,Medium,0,90.0,None,None,None,None,None,High Flow,82.9,100.5,60.7,63.1,0
EX02,Earth Excavation,CAT-320,Sunny,Intermediate,4,Eco,1517,Medium,0,65.8,Balanced,None,None,None,None,None,85.0,125.8,11.6,22.5,0
TR04,Trenching,CAT-420,Rainy,Intermediate,6,Eco,1598,Fine,0,51.1,None,Locked Down,None,None,None,None,85.0,76.0,7.5,45.6,0
GR04,Grading,CAT-140,Cloudy,Intermediate,7,Power,1235,Quick,0,90.0,None,None,None,Spread 25°,2nd Gear,None,85.0,115.3,15.9,52.5,0
EX02,Earth Excavation,CAT-320,Sunny,Intermediate,4,Power,1364,Medium,0,94.2,Swing Priority,None,None,None,None,None,85.0,97.7,16.1,43.0,0
LD04,Material Loading,CAT-950M,Windy,Intermediate,4,Eco,2022,Medium,1,56.3,None,None,100% Max,None,None,None,85.0,43.7,20.8,28.6,0
DM02,Demolition,CAT-349,Sunny,Expert,4,Power,1697,Quick,1,90.0,None,None,None,None,None,Medium Flow,67.5,93.9,47.4,44.2,0
GR04,Grading,CAT-140,Cloudy,Intermediate,7,Eco,1509,Quick,1,90.0,None,None,None,Spread 25°,2nd Gear,None,85.0,97.3,13.0,26.2,0
GR03,Grading,CAT-140,Rainy,Expert,7,Smart,1756,Fine,0,90.0,None,None,None,Normal 35°,3rd Gear,None,85.0,78.9,20.9,39.6,0
TR05,Trenching,CAT-420,Sunny,Beginner,3,Eco,1486,Fine,0,60.9,None,Standard,None,None,None,None,85.0,53.4,6.6,20.8,0
TR04,Trenching,CAT-420,Rainy,Intermediate,6,Power,1521,Medium,1,57.3,None,Locked Down,None,None,None,None,85.0,64.1,11.5,54.7,0
TR02,Trenching,CAT-420,Sunny,Expert,2,Power,1982,Medium,0,79.2,None,Locked Down,None,None,None,None,85.0,44.0,15.7,43.7,0
GR03,Grading,CAT-140,Rainy,Intermediate,6,Smart,1399,Fine,0,90.0,None,None,None,Spread 25°,1st Gear,None,85.0,75.5,14.6,35.2,0
DM04,Demolition,CAT-349,Rainy,Intermediate,5,Smart,1806,Medium,0,90.0,None,None,None,None,None,High Flow,98.1,97.4,40.7,61.6,0
T003,Material Loading,CAT-950M,Cloudy,Expert,5,Smart,1504,Medium,0,65.8,None,None,80% Gravel,None,None,None,85.0,57.3,16.7,32.3,0
T003,Material Loading,CAT-950M,Cloudy,Beginner,3,Power,1926,Medium,0,77.3,None,None,100% Max,None,None,None,85.0,48.7,30.1,43.7,0
EX05,Earth Excavation,CAT-320,Windy,Expert,6,Eco,1663,Quick,1,106.9,Swing Priority,None,None,None,None,None,85.0,110.1,14.6,31.1,0
DM02,Demolition,CAT-349,Sunny,Expert,4,Power,1596,Quick,1,90.0,None,None,None,None,None,Medium Flow,82.8,96.8,43.2,42.9,0
GR03,Grading,CAT-140,Rainy,Intermediate,6,Power,1438,Quick,0,90.0,None,None,None,Spread 25°,3rd Gear,None,85.0,102.8,19.7,48.5,0
LD05,Material Loading,CAT-950M,Sunny,Expert,1,Smart,2073,Medium,1,76.3,None,None,80% Gravel,None,None,None,85.0,29.4,25.1,30.7,0
LD03,Material Loading,CAT-950M,Rainy,Intermediate,5,Power,1484,Fine,0,94.6,None,None,80% Gravel,None,None,None,85.0,62.4,21.0,45.7,0
TR02,Trenching,CAT-420,Sunny,Expert,2,Eco,1980,Quick,0,61.8,None,Standard,None,None,None,None,85.0,51.1,10.2,25.3,0
DM02,Demolition,CAT-349,Cloudy,Beginner,4,Power,1302,Quick,0,90.0,None,None,None,None,None,High Flow,80.8,120.7,31.8,49.6,0
TR03,Trenching,CAT-420,Cloudy,Intermediate,5,Smart,1388,Medium,0,97.3,None,Standard,None,None,None,None,85.0,84.7,7.3,33.2,0
DM03,Demolition,CAT-349,Rainy,Beginner,1,Power,1493,Medium,0,90.0,None,None,None,None,None,Medium Flow,74.5,150.8,37.3,30.5,0
GR04,Grading,CAT-140,Cloudy,Intermediate,7,Eco,1816,Quick,0,90.0,None,None,None,Deep Cut 45°,3rd Gear,None,85.0,124.4,17.8,33.7,0
DM02,Demolition,CAT-349,Sunny,Expert,4,Power,2169,Fine,0,90.0,None,None,None,None,None,Low Flow,93.7,101.7,67.7,72.9,0
DM04,Demolition,CAT-349,Rainy,Intermediate,5,Smart,1413,Quick,1,90.0,None,None,None,None,None,High Flow,69.8,95.0,28.9,37.3,0
DM04,Demolition,CAT-349,Rainy,Expert,1,Power,1844,Quick,1,90.0,None,None,None,None,None,High Flow,89.0,73.9,50.6,35.6,0
GR03,Grading,CAT-140,Sunny,Expert,7,Power,1750,Quick,0,90.0,None,None,None,Normal 35°,2nd Gear,None,85.0,100.3,26.7,51.6,0
LD04,Material Loading,CAT-950M,Windy,Intermediate,4,Power,1693,Quick,1,96.1,None,None,80% Gravel,None,None,None,85.0,34.4,24.6,33.9,0
GR02,Grading,CAT-140,Rainy,Intermediate,1,Smart,1394,Quick,1,90.0,None,None,None,Spread 25°,2nd Gear,None,85.0,69.4,13.6,13.2,0
TR02,Trenching,CAT-420,Sunny,Expert,2,Power,1960,Fine,1,104.2,None,Soft Ground,None,None,None,None,85.0,36.8,15.5,35.3,0
DM03,Demolition,CAT-349,Windy,Intermediate,7,Eco,1604,Fine,0,90.0,None,None,None,None,None,Medium Flow,71.1,172.0,28.7,37.1,0
TR05,Trenching,CAT-420,Sunny,Beginner,3,Power,2195,Fine,0,72.0,None,Standard,None,None,None,None,85.0,48.7,18.0,65.4,0
T001,Earth Excavation,CAT-320,Sunny,Expert,2,Power,1514,Medium,1,91.7,Swing Priority,None,None,None,None,None,85.0,68.9,18.9,27.7,0
EX04,Earth Excavation,CAT-320,Cloudy,Beginner,1,Smart,1368,Fine,1,80.1,Boom Power,None,None,None,None,None,85.0,52.4,12.3,12.5,0
TR03,Trenching,CAT-420,Windy,Expert,2,Smart,1464,Quick,0,78.3,None,Soft Ground,None,None,None,None,85.0,100.2,7.8,21.7,0
EX02,Earth Excavation,CAT-320,Sunny,Intermediate,4,Power,1944,Fine,1,97.1,Swing Priority,None,None,None,None,None,85.0,83.6,27.9,41.6,0
LD05,Material Loading,CAT-950M,Sunny,Expert,1,Power,1840,Quick,1,83.6,None,None,60% Mud,None,None,None,85.0,27.6,27.1,23.3,0
DM02,Demolition,CAT-349,Sunny,Expert,4,Eco,2045,Medium,1,90.0,None,None,None,None,None,Medium Flow,73.8,105.2,40.0,43.3,0
EX04,Earth Excavation,CAT-320,Cloudy,Beginner,1,Smart,1568,Fine,1,71.9,Boom Power,None,None,None,None,None,85.0,57.2,14.8,13.5,0
GR05,Grading,CAT-140,Windy,Beginner,3,Smart,1358,Medium,1,90.0,None,None,None,Deep Cut 45°,3rd Gear,None,85.0,36.0,13.8,19.5,0
EX04,Earth Excavation,CAT-320,Cloudy,Beginner,1,Power,1580,Fine,1,82.2,Balanced,None,None,None,None,None,85.0,47.3,20.0,25.6,0
GR04,Grading,CAT-140,Cloudy,Intermediate,7,Eco,1330,Fine,1,90.0,None,None,None,Spread 25°,3rd Gear,None,85.0,93.9,11.4,26.4,0
TR02,Trenching,CAT-420,Rainy,Intermediate,5,Smart,2011,Medium,1,97.2,None,Standard,None,None,None,None,85.0,53.9,13.1,53.6,0
T002,Trenching,CAT-420,Rainy,Intermediate,4,Eco,1567,Fine,0,82.5,None,Locked Down,None,None,None,None,85.0,69.4,7.9,38.1,0
LD04,Material Loading,CAT-950M,Windy,Intermediate,4,Power,2078,Medium,0,53.3,None,None,100% Max,None,None,None,85.0,42.1,33.8,57.7,0
DM05,Demolition,CAT-349,Windy,Expert,8,Smart,1804,Medium,1,90.0,None,None,None,None,None,Medium Flow,76.6,113.8,42.7,36.8,0
LD02,Material Loading,CAT-950M,Rainy,Beginner,1,Power,1717,Quick,1,106.0,None,None,80% Gravel,None,None,None,85.0,27.8,24.5,23.8,0
LD02,Material Loading,CAT-950M,Sunny,Expert,2,Eco,1713,Quick,1,65.8,None,None,60% Mud,None,None,None,85.0,29.1,15.8,8.4,0
T003,Material Loading,CAT-950M,Cloudy,Beginner,3,Smart,1371,Quick,1,53.5,None,None,80% Gravel,None,None,None,85.0,48.8,13.7,17.0,0
GR05,Grading,CAT-140,Windy,Beginner,3,Power,1652,Quick,1,90.0,None,None,None,Deep Cut 45°,2nd Gear,None,85.0,45.1,23.1,31.3,0
LD04,Material Loading,CAT-950M,Windy,Intermediate,4,Eco,1343,Medium,1,90.4,None,None,60% Mud,None,None,None,85.0,50.7,11.3,16.3,0
T004,Grading,CAT-140,Sunny,Expert,5,Eco,1773,Quick,0,90.0,None,None,None,Spread 25°,2nd Gear,None,85.0,50.3,17.1,28.6,0
GR05,Grading,CAT-140,Windy,Beginner,3,Smart,1280,Quick,1,90.0,None,None,None,Normal 35°,3rd Gear,None,85.0,41.7,12.6,19.4,0
LD03,Material Loading,CAT-950M,Rainy,Intermediate,5,Eco,1419,Fine,0,83.5,None,None,60% Mud,None,None,None,85.0,64.6,12.3,28.4,0
LD02,Material Loading,CAT-950M,Sunny,Expert,2,Eco,1975,Fine,0,50.0,None,None,60% Mud,None,None,None,85.0,37.1,19.3,26.4,0
T005,Demolition,CAT-349,Windy,Intermediate,6,Smart,1706,Fine,1,90.0,None,None,None,None,None,Low Flow,97.8,138.1,38.1,71.7,0
TR02,Trenching,CAT-420,Sunny,Expert,2,Eco,1229,Medium,1,73.9,None,Standard,None,None,None,None,85.0,38.8,4.8,11.9,0
GR03,Grading,CAT-140,Rainy,Intermediate,6,Eco,1625,Fine,0,90.0,None,None,None,Normal 35°,1st Gear,None,85.0,81.0,14.9,30.0,0
T001,Earth Excavation,CAT-320,Rainy,Expert,7,Eco,1999,Medium,1,100.1,Balanced,None,None,None,None,None,85.0,83.3,19.4,38.3,0
LD05,Material Loading,CAT-950M,Sunny,Expert,1,Smart,1841,Quick,0,102.5,None,None,100% Max,None,None,None,85.0,30.0,20.7,20.7,0
GR05,Grading,CAT-140,Sunny,Beginner,2,Eco,1402,Fine,0,90.0,None,None,None,Normal 35°,3rd Gear,None,85.0,35.7,11.0,13.6,0
LD02,Material Loading,CAT-950M,Sunny,Expert,2,Smart,1709,Quick,0,90.4,None,None,60% Mud,None,None,None,85.0,30.1,18.7,22.2,0
DM05,Demolition,CAT-349,Windy,Expert,8,Eco,1449,Quick,0,90.0,None,None,None,None,None,Low Flow,77.2,179.6,25.3,46.6,0
T003,Material Loading,CAT-950M,Cloudy,Beginner,3,Power,1770,Medium,1,84.2,None,None,100% Max,None,None,None,85.0,44.4,27.0,30.4,0
GR04,Grading,CAT-140,Rainy,Intermediate,2,Power,1593,Quick,0,90.0,None,None,None,Deep Cut 45°,2nd Gear,None,85.0,103.3,21.5,35.4,0
DM05,Demolition,CAT-349,Cloudy,Expert,8,Smart,1422,Fine,0,90.0,None,None,None,None,None,Medium Flow,67.3,164.2,29.8,43.2,0
GR02,Grading,CAT-140,Sunny,Expert,2,Power,1348,Medium,1,90.0,None,None,None,Deep Cut 45°,2nd Gear,None,85.0,60.4,16.6,28.2,0
T005,Demolition,CAT-349,Sunny,Beginner,4,Eco,1618,Medium,1,90.0,None,None,None,None,None,Medium Flow,86.1,137.6,28.2,26.7,0
TR02,Trenching,CAT-420,Sunny,Expert,2,Smart,2070,Quick,0,80.7,None,Standard,None,None,None,None,85.0,52.0,12.7,36.8,0
TR04,Trenching,CAT-420,Rainy,Intermediate,6,Eco,1671,Fine,0,95.0,None,Locked Down,None,None,None,None,85.0,77.9,7.8,44.4,0
LD02,Material Loading,CAT-950M,Sunny,Expert,2,Eco,1598,Medium,1,70.0,None,None,80% Gravel,None,None,None,85.0,32.3,13.8,11.3,0
LD04,Material Loading,CAT-950M,Windy,Intermediate,4,Smart,1325,Medium,0,88.6,None,None,80% Gravel,None,None,None,85.0,48.5,13.7,30.9,0
T003,Material Loading,CAT-950M,Cloudy,Beginner,3,Eco,2008,Fine,1,93.7,None,None,80% Gravel,None,None,None,85.0,53.0,20.4,24.7,0
T005,Demolition,CAT-349,Windy,Intermediate,6,Eco,1306,Medium,1,90.0,None,None,None,None,None,High Flow,73.4,141.2,20.8,23.5,0
GR03,Grading,CAT-140,Rainy,Intermediate,6,Smart,1341,Fine,0,90.0,None,None,None,Spread 25°,2nd Gear,None,85.0,83.7,13.9,37.4,0
EX02,Earth Excavation,CAT-320,Sunny,Intermediate,4,Smart,1475,Fine,1,103.6,Balanced,None,None,None,None,None,85.0,102.7,14.6,28.9,0
TR05,Trenching,CAT-420,Cloudy,Expert,4,Power,1299,Fine,1,100.7,None,Locked Down,None,None,None,None,85.0,44.9,8.4,36.8,0
DM04,Demolition,CAT-349,Rainy,Intermediate,5,Smart,1857,Fine,1,90.0,None,None,None,None,None,Medium Flow,73.1,86.4,43.0,26.9,0
LD02,Material Loading,CAT-950M,Windy,Expert,7,Power,1627,Fine,1,81.5,None,None,100% Max,None,None,None,85.0,31.3,24.0,45.7,0
DM05,Demolition,CAT-349,Windy,Beginner,4,Power,1585,Quick,0,90.0,None,None,None,None,None,Low Flow,74.0,133.5,42.4,51.4,0
GR02,Grading,CAT-140,Sunny,Expert,2,Power,1383,Medium,1,90.0,None,None,None,Normal 35°,2nd Gear,None,85.0,55.3,17.0,29.3,0
EX03,Earth Excavation,CAT-320,Rainy,Intermediate,3,Eco,1602,Medium,1,103.6,Boom Power,None,None,None,None,None,85.0,62.8,12.8,22.7,0
LD04,Material Loading,CAT-950M,Windy,Intermediate,4,Smart,2086,Quick,0,66.4,None,None,60% Mud,None,None,None,85.0,41.2,26.2,48.9,0
GR04,Grading,CAT-140,Cloudy,Intermediate,1,Power,1724,Medium,0,90.0,None,None,None,Normal 35°,2nd Gear,None,85.0,74.7,23.6,31.5,0
DM02,Demolition,CAT-349,Cloudy,Expert,6,Eco,1851,Quick,1,90.0,None,None,None,None,None,Low Flow,90.1,98.6,35.1,23.2,0
EX05,Earth Excavation,CAT-320,Cloudy,Intermediate,7,Eco,1329,Medium,0,72.3,Balanced,None,None,None,None,None,85.0,160.9,10.6,34.9,0
TR02,Trenching,CAT-420,Sunny,Expert,2,Smart,1582,Quick,1,82.4,None,Locked Down,None,None,None,None,85.0,41.5,9.0,16.2,0
TR05,Trenching,CAT-420,Sunny,Beginner,3,Eco,1537,Quick,1,88.7,None,Soft Ground,None,None,None,None,85.0,57.4,6.7,12.5,0
DM03,Demolition,CAT-349,Windy,Intermediate,7,Eco,1760,Fine,0,90.0,None,None,None,None,None,Medium Flow,76.2,161.9,32.9,33.4,0
TR05,Trenching,CAT-420,Sunny,Beginner,3,Smart,1371,Quick,1,55.6,None,Standard,None,None,None,None,85.0,50.7,6.9,19.8,0
EX02,Earth Excavation,CAT-320,Sunny,Intermediate,4,Eco,1803,Fine,0,51.2,Balanced,None,None,None,None,None,85.0,130.3,15.9,23.6,0
LD03,Material Loading,CAT-950M,Rainy,Intermediate,5,Eco,1956,Fine,1,79.6,None,None,80% Gravel,None,None,None,85.0,53.5,20.1,29.6,0
DM04,Demolition,CAT-349,Rainy,Intermediate,5,Eco,1913,Fine,1,90.0,None,None,None,None,None,Medium Flow,99.8,98.1,36.1,46.0,0
LD04,Material Loading,CAT-950M,Windy,Expert,3,Power,1311,Medium,1,57.2,None,None,100% Max,None,None,None,85.0,42.2,16.9,33.8,0
DM03,Demolition,CAT-349,Windy,Intermediate,7,Smart,1798,Fine,0,90.0,None,None,None,None,None,Low Flow,66.1,159.4,41.9,52.5,0
LD05,Material Loading,CAT-950M,Sunny,Expert,1,Smart,1923,Quick,1,97.0,None,None,100% Max,None,None,None,85.0,25.7,22.9,17.9,0
T003,Material Loading,CAT-950M,Windy,Intermediate,8,Power,1613,Fine,1,103.3,None,None,80% Gravel,None,None,None,85.0,56.8,24.1,47.3,0
T005,Demolition,CAT-349,Windy,Expert,6,Power,1508,Medium,0,90.0,None,None,None,None,None,Low Flow,96.5,142.1,40.5,89.8,0
LD04,Material Loading,CAT-950M,Windy,Intermediate,4,Power,1792,Quick,1,78.5,None,None,80% Gravel,None,None,None,85.0,34.8,26.9,34.7,0
DM02,Demolition,CAT-349,Sunny,Expert,4,Power,1610,Fine,0,90.0,None,None,None,None,None,Low Flow,82.4,113.2,43.8,38.6,0
TR03,Trenching,CAT-420,Rainy,Expert,5,Power,1339,Medium,1,78.2,None,Soft Ground,None,None,None,None,85.0,81.2,8.9,40.8,0
DM03,Demolition,CAT-349,Rainy,Intermediate,8,Power,1954,Fine,1,90.0,None,None,None,None,None,Low Flow,88.8,149.6,60.6,65.9,0
DM05,Demolition,CAT-349,Windy,Expert,8,Smart,1638,Medium,1,90.0,None,None,None,None,None,Medium Flow,87.4,118.4,36.9,36.9,0
TR02,Trenching,CAT-420,Sunny,Expert,2,Smart,1336,Fine,0,84.7,None,Locked Down,None,None,None,None,85.0,43.5,6.7,23.4,0
DM02,Demolition,CAT-349,Windy,Expert,6,Smart,2136,Fine,0,90.0,None,None,None,None,None,Low Flow,90.1,118.6,53.7,58.1,0
TR04,Trenching,CAT-420,Rainy,Intermediate,6,Eco,1372,Medium,1,66.8,None,Standard,None,None,None,None,85.0,72.1,5.8,37.4,0
T004,Grading,CAT-140,Sunny,Expert,5,Eco,1364,Quick,1,90.0,None,None,None,Deep Cut 45°,2nd Gear,None,85.0,44.1,11.5,20.6,0
EX05,Earth Excavation,CAT-320,Windy,Expert,6,Smart,1980,Fine,0,69.9,Swing Priority,None,None,None,None,None,85.0,135.3,23.2,45.3,0
GR05,Grading,CAT-140,Windy,Beginner,3,Smart,1925,Fine,1,90.0,None,None,None,Normal 35°,1st Gear,None,85.0,38.7,23.0,25.5,0
EX03,Earth Excavation,CAT-320,Rainy,Intermediate,3,Eco,1272,Quick,0,90.7,Balanced,None,None,None,None,None,85.0,68.5,9.9,21.0,0
LD02,Material Loading,CAT-950M,Sunny,Expert,2,Power,1932,Fine,1,61.6,None,None,100% Max,None,None,None,85.0,26.0,28.8,35.0,0
TR02,Trenching,CAT-420,Sunny,Expert,2,Eco,1673,Quick,1,94.0,None,Locked Down,None,None,None,None,85.0,42.2,8.2,10.5,0
DM02,Demolition,CAT-349,Sunny,Expert,7,Smart,1599,Medium,0,90.0,None,None,None,None,None,Low Flow,94.1,111.0,34.6,64.4,0
EX02,Earth Excavation,CAT-320,Rainy,Intermediate,4,Eco,1454,Fine,0,66.0,Balanced,None,None,None,None,None,85.0,162.9,11.8,23.8,0
T001,Earth Excavation,CAT-320,Cloudy,Expert,4,Power,1209,Fine,0,85.3,Swing Priority,None,None,None,None,None,85.0,99.1,13.7,42.3,0
DM02,Demolition,CAT-349,Sunny,Expert,4,Eco,1912,Fine,1,90.0,None,None,None,None,None,Low Flow,88.4,108.1,36.0,20.8,0
T003,Material Loading,CAT-950M,Cloudy,Beginner,3,Power,1618,Fine,1,68.6,None,None,100% Max,None,None,None,85.0,49.1,22.6,31.9,0
LD03,Material Loading,CAT-950M,Sunny,Beginner,4,Eco,1370,Medium,0,105.3,None,None,60% Mud,None,None,None,85.0,56.6,12.2,23.6,0
LD03,Material Loading,CAT-950M,Rainy,Intermediate,5,Eco,1964,Medium,0,71.6,None,None,60% Mud,None,None,None,85.0,49.4,19.7,36.7,0
EX03,Earth Excavation,CAT-320,Rainy,Intermediate,3,Smart,1863,Quick,1,56.5,Swing Priority,None,None,None,None,None,85.0,65.5,20.2,19.3,0
EX03,Earth Excavation,CAT-320,Windy,Expert,5,Smart,1278,Fine,1,87.1,Boom Power,None,None,None,None,None,85.0,86.5,11.5,26.3,0
T002,Trenching,CAT-420,Rainy,Intermediate,4,Eco,2178,Quick,0,98.1,None,Locked Down,None,None,None,None,85.0,94.6,11.7,61.9,0
DM03,Demolition,CAT-349,Windy,Intermediate,7,Power,2061,Fine,0,90.0,None,None,None,None,None,High Flow,96.9,148.3,65.6,99.0,0
DM05,Demolition,CAT-349,Cloudy,Beginner,8,Smart,1512,Fine,1,90.0,None,None,None,None,None,High Flow,96.8,157.1,32.8,76.7,0
LD05,Material Loading,CAT-950M,Sunny,Expert,1,Power,1725,Quick,0,78.7,None,None,100% Max,None,None,None,85.0,30.9,24.1,31.8,0
DM03,Demolition,CAT-349,Rainy,Expert,1,Eco,1527,Medium,0,90.0,None,None,None,None,None,Medium Flow,98.4,179.1,24.4,30.2,0
DM05,Demolition,CAT-349,Windy,Expert,8,Eco,1509,Fine,0,90.0,None,None,None,None,None,Medium Flow,82.2,182.5,26.8,37.0,0
TR05,Trenching,CAT-420,Sunny,Beginner,3,Smart,1893,Fine,1,59.2,None,Soft Ground,None,None,None,None,85.0,44.2,11.4,23.6,0
DM04,Demolition,CAT-349,Rainy,Intermediate,5,Smart,1675,Quick,1,90.0,None,None,None,None,None,Low Flow,77.3,86.4,36.7,37.2,0
TR04,Trenching,CAT-420,Rainy,Intermediate,6,Eco,1634,Quick,1,76.8,None,Standard,None,None,None,None,85.0,80.3,7.9,38.9,0
T005,Demolition,CAT-349,Sunny,Expert,4,Smart,1738,Medium,0,90.0,None,None,None,None,None,High Flow,85.2,117.0,38.3,29.7,0
EX02,Earth Excavation,CAT-320,Rainy,Expert,4,Smart,1257,Quick,0,97.2,Balanced,None,None,None,None,None,85.0,115.2,11.2,29.7,0
T005,Demolition,CAT-349,Windy,Intermediate,6,Smart,1870,Fine,1,90.0,None,None,None,None,None,Low Flow,95.8,133.9,43.7,70.7,0
T005,Demolition,CAT-349,Rainy,Beginner,3,Eco,1845,Quick,1,90.0,None,None,None,None,None,Low Flow,77.8,136.5,33.6,24.6,0
TR03,Trenching,CAT-420,Cloudy,Intermediate,5,Smart,1664,Quick,1,104.9,None,Soft Ground,None,None,None,None,85.0,79.4,9.8,28.1,0
DM04,Demolition,CAT-349,Rainy,Intermediate,5,Smart,1999,Fine,1,90.0,None,None,None,None,None,Medium Flow,92.6,85.0,47.5,44.2,0
TR05,Trenching,CAT-420,Sunny,Beginner,3,Power,2062,Fine,0,99.1,None,Standard,None,None,None,None,85.0,48.1,16.7,56.6,0
EX03,Earth Excavation,CAT-320,Cloudy,Intermediate,7,Eco,1636,Medium,1,53.1,Boom Power,None,None,None,None,None,85.0,73.2,14.4,29.5,0
GR05,Grading,CAT-140,Rainy,Beginner,8,Smart,1718,Medium,1,90.0,None,None,None,Normal 35°,3rd Gear,None,85.0,40.0,20.8,36.4,0
GR03,Grading,CAT-140,Rainy,Intermediate,6,Power,1327,Fine,0,90.0,None,None,None,Normal 35°,2nd Gear,None,85.0,90.1,17.1,48.1,0
LD05,Material Loading,CAT-950M,Sunny,Expert,1,Power,1772,Quick,1,86.6,None,None,80% Gravel,None,None,None,85.0,27.8,25.3,23.7,0
EX05,Earth Excavation,CAT-320,Rainy,Beginner,3,Eco,1430,Fine,1,106.3,Boom Power,None,None,None,None,None,85.0,139.4,11.3,22.6,0
DM04,Demolition,CAT-349,Rainy,Intermediate,5,Smart,1374,Medium,1,90.0,None,None,None,None,None,High Flow,79.6,97.4,27.3,39.1,0
LD02,Material Loading,CAT-950M,Sunny,Expert,2,Smart,1561,Quick,1,96.9,None,None,60% Mud,None,None,None,85.0,26.6,16.6,17.1,0
LD04,Material Loading,CAT-950M,Sunny,Expert,7,Eco,1970,Fine,1,56.2,None,None,80% Gravel,None,None,None,85.0,48.1,20.8,36.6,0
DM05,Demolition,CAT-349,Cloudy,Expert,8,Power,1724,Medium,1,90.0,None,None,None,None,None,High Flow,96.8,122.9,50.4,87.9,0
LD03,Material Loading,CAT-950M,Rainy,Intermediate,4,Eco,1700,Medium,1,77.4,None,None,100% Max,None,None,None,85.0,52.5,17.6,35.7,0
T001,Earth Excavation,CAT-320,Sunny,Expert,2,Power,1978,Fine,0,66.0,Balanced,None,None,None,None,None,85.0,82.5,27.7,46.2,0
DM02,Demolition,CAT-349,Sunny,Expert,4,Eco,1909,Quick,1,90.0,None,None,None,None,None,High Flow,81.7,103.3,35.8,31.1,0
T002,Trenching,CAT-420,Rainy,Intermediate,4,Eco,1723,Quick,1,77.8,None,Standard,None,None,None,None,85.0,71.6,8.5,31.0,0
LD03,Material Loading,CAT-950M,Sunny,Intermediate,4,Eco,2029,Medium,0,59.7,None,None,80% Gravel,None,None,None,85.0,51.1,20.2,38.5,0
GR02,Grading,CAT-140,Windy,Expert,5,Smart,1619,Quick,1,90.0,None,None,None,Spread 25°,3rd Gear,None,85.0,83.7,18.3,42.8,0
GR04,Grading,CAT-140,Cloudy,Intermediate,3,Power,1844,Fine,1,90.0,None,None,None,Normal 35°,3rd Gear,None,85.0,75.5,26.8,29.4,0
TR05,Trenching,CAT-420,Sunny,Beginner,3,Eco,1250,Medium,0,76.8,None,Soft Ground,None,None,None,None,85.0,63.0,4.7,19.6,0
DM05,Demolition,CAT-349,Windy,Expert,8,Power,1925,Medium,1,90.0,None,None,None,None,None,High Flow,91.9,121.0,60.2,63.1,0
LD04,Material Loading,CAT-950M,Windy,Intermediate,4,Smart,1307,Fine,1,64.1,None,None,60% Mud,None,None,None,85.0,48.7,13.3,21.8,0
T004,Grading,CAT-140,Sunny,Expert,5,Eco,1333,Medium,1,90.0,None,None,None,Spread 25°,1st Gear,None,85.0,44.5,11.2,19.5,0
TR02,Trenching,CAT-420,Sunny,Expert,2,Eco,1996,Fine,0,73.7,None,Standard,None,None,None,None,85.0,43.8,10.3,24.2,0
LD05,Material Loading,CAT-950M,Sunny,Expert,1,Power,1870,Fine,1,66.4,None,None,60% Mud,None,None,None,85.0,30.9,27.2,25.2,0
EX03,Earth Excavation,CAT-320,Rainy,Intermediate,3,Smart,1717,Fine,0,79.6,Balanced,None,None,None,None,None,85.0,71.1,18.2,29.1,0
T001,Earth Excavation,CAT-320,Sunny,Expert,2,Smart,1791,Medium,1,92.4,Swing Priority,None,None,None,None,None,85.0,66.7,18.9,15.8,0
T001,Earth Excavation,CAT-320,Sunny,Expert,2,Eco,1530,Quick,1,95.9,Swing Priority,None,None,None,None,None,85.0,79.0,11.9,10.2,0
EX04,Earth Excavation,CAT-320,Cloudy,Beginner,1,Eco,1913,Medium,1,51.8,Balanced,None,None,None,None,None,85.0,54.6,17.0,9.4,0
T004,Grading,CAT-140,Sunny,Expert,5,Smart,1464,Quick,1,90.0,None,None,None,Normal 35°,3rd Gear,None,85.0,56.6,15.4,41.5,0
T003,Material Loading,CAT-950M,Rainy,Expert,6,Smart,1683,Medium,1,56.3,None,None,80% Gravel,None,None,None,85.0,54.1,20.0,30.3,0
T003,Material Loading,CAT-950M,Sunny,Expert,8,Smart,1627,Quick,1,107.2,None,None,60% Mud,None,None,None,85.0,50.8,19.2,37.9,0
T001,Earth Excavation,CAT-320,Sunny,Expert,2,Power,1327,Medium,1,76.1,Swing Priority,None,None,None,None,None,85.0,74.1,14.8,29.8,0
LD02,Material Loading,CAT-950M,Sunny,Expert,2,Power,1707,Quick,1,56.3,None,None,100% Max,None,None,None,85.0,24.2,24.3,29.0,0
LD04,Material Loading,CAT-950M,Windy,Intermediate,4,Eco,2077,Quick,1,57.1,None,None,80% Gravel,None,None,None,85.0,40.0,21.7,34.5,0
T001,Earth Excavation,CAT-320,Sunny,Expert,2,Eco,1672,Quick,0,87.8,Balanced,None,None,None,None,None,85.0,80.2,13.7,18.0,0
TR03,Trenching,CAT-420,Cloudy,Intermediate,5,Smart,1554,Quick,1,99.8,None,Soft Ground,None,None,None,None,85.0,83.3,9.2,26.5,0
LD02,Material Loading,CAT-950M,Sunny,Expert,2,Smart,1743,Quick,1,81.8,None,None,60% Mud,None,None,None,85.0,25.9,19.6,15.7,0
DM04,Demolition,CAT-349,Rainy,Intermediate,5,Power,2106,Fine,1,90.0,None,None,None,None,None,High Flow,93.1,90.6,65.7,72.6,0
GR04,Grading,CAT-140,Sunny,Intermediate,3,Eco,1403,Medium,1,90.0,None,None,None,Deep Cut 45°,2nd Gear,None,85.0,79.4,11.6,14.4,0
T002,Trenching,CAT-420,Sunny,Expert,8,Power,1747,Fine,0,83.5,None,Soft Ground,None,None,None,None,85.0,63.3,13.8,55.3,0
DM05,Demolition,CAT-349,Sunny,Intermediate,2,Power,1895,Fine,0,90.0,None,None,None,None,None,Medium Flow,96.9,123.4,53.5,53.0,0
LD03,Material Loading,CAT-950M,Rainy,Expert,5,Smart,1818,Quick,0,102.3,None,None,60% Mud,None,None,None,85.0,51.9,22.0,35.5,0
GR03,Grading,CAT-140,Rainy,Intermediate,6,Smart,1312,Fine,1,90.0,None,None,None,Normal 35°,1st Gear,None,85.0,68.7,12.9,28.1,0
GR04,Grading,CAT-140,Sunny,Intermediate,6,Power,1609,Quick,1,90.0,None,None,None,Normal 35°,3rd Gear,None,85.0,87.8,22.9,40.4,0
T005,Demolition,CAT-349,Windy,Beginner,4,Smart,1853,Fine,0,90.0,None,None,None,None,None,Low Flow,96.6,145.3,42.1,55.1,0
EX03,Earth Excavation,CAT-320,Rainy,Intermediate,3,Power,1870,Fine,1,81.5,Swing Priority,None,None,None,None,None,85.0,62.5,25.6,34.9,0
GR04,Grading,CAT-140,Cloudy,Intermediate,7,Smart,1375,Medium,1,90.0,None,None,None,Spread 25°,2nd Gear,None,85.0,75.5,14.0,31.9,0
EX02,Earth Excavation,CAT-320,Sunny,Intermediate,4,Eco,1967,Medium,1,76.6,Balanced,None,None,None,None,None,85.0,86.1,18.5,26.2,0
DM05,Demolition,CAT-349,Windy,Expert,8,Power,2104,Fine,1,90.0,None,None,None,None,None,High Flow,81.6,134.1,68.7,77.8,0
GR04,Grading,CAT-140,Cloudy,Intermediate,7,Smart,1861,Fine,1,90.0,None,None,None,Normal 35°,2nd Gear,None,85.0,70.6,23.0,35.1,0
EX05,Earth Excavation,CAT-320,Cloudy,Intermediate,4,Power,1545,Medium,0,82.3,Balanced,None,None,None,None,None,85.0,103.4,20.4,40.0,0
EX05,Earth Excavation,CAT-320,Sunny,Intermediate,6,Power,1576,Quick,0,52.9,Boom Power,None,None,None,None,None,85.0,113.3,21.3,47.7,0
GR04,Grading,CAT-140,Cloudy,Intermediate,7,Eco,1202,Medium,0,90.0,None,None,None,Normal 35°,1st Gear,None,85.0,104.6,9.9,33.3,0
T003,Material Loading,CAT-950M,Cloudy,Beginner,3,Power,1379,Fine,1,104.5,None,None,60% Mud,None,None,None,85.0,54.3,17.8,32.0,0
DM03,Demolition,CAT-349,Rainy,Expert,8,Smart,1852,Medium,1,90.0,None,None,None,None,None,High Flow,71.6,164.9,44.3,45.0,0
T002,Trenching,CAT-420,Windy,Intermediate,6,Power,2154,Medium,1,63.6,None,Standard,None,None,None,None,85.0,70.8,19.2,63.8,0
LD03,Material Loading,CAT-950M,Rainy,Intermediate,5,Power,1356,Medium,0,97.9,None,None,60% Mud,None,None,None,85.0,54.4,18.3,44.4,0
DM03,Demolition,CAT-349,Windy,Beginner,2,Smart,1361,Quick,1,90.0,None,None,None,None,None,Low Flow,98.4,141.1,25.7,46.6,0
DM03,Demolition,CAT-349,Windy,Intermediate,7,Power,1633,Fine,1,90.0,None,None,None,None,None,Medium Flow,71.5,125.0,45.9,45.2,0
DM03,Demolition,CAT-349,Windy,Intermediate,7,Eco,2183,Fine,0,90.0,None,None,None,None,None,High Flow,68.4,175.3,46.1,71.4,0
TR02,Trenching,CAT-420,Sunny,Expert,6,Power,1316,Fine,1,80.5,None,Soft Ground,None,None,None,None,85.0,39.3,9.0,41.8,0
LD03,Material Loading,CAT-950M,Windy,Beginner,3,Eco,1909,Medium,1,108.4,None,None,60% Mud,None,None,None,85.0,47.0,18.4,17.9,0
EX02,Earth Excavation,CAT-320,Sunny,Intermediate,4,Power,1910,Quick,0,91.6,Balanced,None,None,None,None,None,85.0,79.9,26.7,44.8,0
EX05,Earth Excavation,CAT-320,Windy,Expert,6,Smart,1564,Fine,0,60.6,Swing Priority,None,None,None,None,None,85.0,145.3,16.7,37.5,0
LD03,Material Loading,CAT-950M,Rainy,Intermediate,5,Power,1788,Quick,1,71.9,None,None,100% Max,None,None,None,85.0,49.5,30.8,55.7,0
DM04,Demolition,CAT-349,Rainy,Intermediate,5,Power,1737,Quick,1,90.0,None,None,None,None,None,Medium Flow,72.9,72.8,49.2,37.7,0
T005,Demolition,CAT-349,Windy,Intermediate,6,Power,1773,Quick,1,90.0,None,None,None,None,None,Low Flow,80.8,112.2,51.9,52.3,0
EX04,Earth Excavation,CAT-320,Cloudy,Beginner,1,Eco,1894,Medium,1,77.1,Boom Power,None,None,None,None,None,85.0,47.0,16.4,11.1,0
TR03,Trenching,CAT-420,Cloudy,Intermediate,5,Power,1851,Quick,1,58.5,None,Locked Down,None,None,None,None,85.0,77.5,14.4,39.2,0
DM04,Demolition,CAT-349,Rainy,Intermediate,5,Power,1975,Fine,0,90.0,None,None,None,None,None,High Flow,76.9,104.3,59.8,66.6,0
DM03,Demolition,CAT-349,Windy,Intermediate,7,Power,1504,Fine,0,90.0,None,None,None,None,None,Low Flow,92.8,166.4,41.2,85.8,0
DM03,Demolition,CAT-349,Rainy,Expert,7,Eco,1618,Medium,1,90.0,None,None,None,None,None,High Flow,81.9,194.3,29.9,36.8,0
GR02,Grading,CAT-140,Sunny,Expert,2,Power,1361,Quick,1,90.0,None,None,None,Deep Cut 45°,1st Gear,None,85.0,63.5,17.2,27.0,0
DM05,Demolition,CAT-349,Sunny,Expert,3,Power,2014,Fine,0,90.0,None,None,None,None,None,Medium Flow,72.1,125.1,60.1,50.8,0
T003,Material Loading,CAT-950M,Cloudy,Beginner,3,Eco,1877,Quick,0,55.1,None,None,60% Mud,None,None,None,85.0,56.9,18.0,24.0,0
EX03,Earth Excavation,CAT-320,Rainy,Intermediate,3,Eco,1829,Fine,1,70.3,Boom Power,None,None,None,None,None,85.0,74.9,16.2,12.9,0
TR05,Trenching,CAT-420,Sunny,Beginner,3,Power,1608,Fine,1,69.2,None,Locked Down,None,None,None,None,85.0,39.2,11.5,31.8,0
T001,Earth Excavation,CAT-320,Sunny,Expert,2,Eco,1480,Quick,1,100.2,Balanced,None,None,None,None,None,85.0,74.4,11.1,10.6,0
DM02,Demolition,CAT-349,Sunny,Expert,4,Eco,1879,Quick,1,90.0,None,None,None,None,None,Medium Flow,91.5,105.8,35.2,31.2,0
GR02,Grading,CAT-140,Cloudy,Expert,4,Eco,1911,Quick,1,90.0,None,None,None,Spread 25°,1st Gear,None,85.0,60.0,18.7,21.2,0
TR02,Trenching,CAT-420,Sunny,Expert,2,Eco,1255,Fine,1,102.5,None,Soft Ground,None,None,None,None,85.0,36.4,5.1,9.1,0
GR04,Grading,CAT-140,Cloudy,Intermediate,7,Eco,1604,Quick,1,90.0,None,None,None,Spread 25°,3rd Gear,None,85.0,101.2,15.2,27.0,0
TR04,Trenching,CAT-420,Rainy,Intermediate,6,Power,1563,Fine,1,64.0,None,Soft Ground,None,None,None,None,85.0,55.7,11.7,42.0,0
TR04,Trenching,CAT-420,Rainy,Intermediate,6,Power,1774,Fine,1,98.9,None,Soft Ground,None,None,None,None,85.0,59.4,14.6,41.9,0
T005,Demolition,CAT-349,Rainy,Expert,6,Power,2081,Quick,1,90.0,None,None,None,None,None,High Flow,75.2,108.3,65.9,59.2,0
T002,Trenching,CAT-420,Rainy,Intermediate,4,Eco,2137,Medium,1,52.9,None,Standard,None,None,None,None,85.0,69.6,11.5,53.5,0
LD03,Material Loading,CAT-950M,Rainy,Intermediate,5,Power,1524,Fine,0,83.4,None,None,60% Mud,None,None,None,85.0,60.4,21.3,46.0,0
GR03,Grading,CAT-140,Rainy,Intermediate,6,Power,1851,Medium,0,90.0,None,None,None,Deep Cut 45°,1st Gear,None,85.0,78.1,28.4,48.2,0
LD02,Material Loading,CAT-950M,Cloudy,Beginner,3,Smart,1705,Fine,0,55.1,None,None,60% Mud,None,None,None,85.0,34.3,19.4,28.5,0
LD03,Material Loading,CAT-950M,Sunny,Expert,3,Power,1594,Medium,1,54.0,None,None,80% Gravel,None,None,None,85.0,46.3,22.9,32.1,0
EX04,Earth Excavation,CAT-320,Cloudy,Beginner,1,Power,1443,Quick,1,77.0,Boom Power,None,None,None,None,None,85.0,42.8,16.8,24.6,0
TR04,Trenching,CAT-420,Rainy,Intermediate,6,Eco,2132,Fine,0,70.6,None,Standard,None,None,None,None,85.0,89.3,11.6,66.1,0
T002,Trenching,CAT-420,Rainy,Intermediate,4,Power,1894,Quick,1,53.1,None,Locked Down,None,None,None,None,85.0,74.1,15.2,51.5,0
GR03,Grading,CAT-140,Rainy,Intermediate,6,Smart,1263,Medium,1,90.0,None,None,None,Normal 35°,1st Gear,None,85.0,72.1,12.8,28.7,0
DM02,Demolition,CAT-349,Sunny,Expert,4,Eco,1359,Quick,0,90.0,None,None,None,None,None,Medium Flow,72.6,141.5,21.4,33.1,0
GR04,Grading,CAT-140,Sunny,Expert,6,Eco,1611,Quick,1,90.0,None,None,None,Deep Cut 45°,2nd Gear,None,85.0,93.0,14.8,25.3,0
T002,Trenching,CAT-420,Rainy,Intermediate,4,Smart,1611,Medium,1,76.1,None,Standard,None,None,None,None,85.0,64.9,9.6,36.7,0
LD04,Material Loading,CAT-950M,Windy,Intermediate,4,Power,1484,Fine,0,50.3,None,None,60% Mud,None,None,None,85.0,50.1,20.5,45.0,0
TR05,Trenching,CAT-420,Sunny,Beginner,3,Smart,1474,Fine,1,89.4,None,Soft Ground,None,None,None,None,85.0,43.5,7.4,20.6,0
DM04,Demolition,CAT-349,Rainy,Intermediate,5,Eco,1322,Fine,1,90.0,None,None,None,None,None,Low Flow,91.3,130.2,20.8,32.5,0
DM04,Demolition,CAT-349,Rainy,Intermediate,5,Smart,2085,Fine,1,90.0,None,None,None,None,None,Medium Flow,95.2,82.9,50.5,54.5,0
DM02,Demolition,CAT-349,Sunny,Expert,4,Power,1997,Fine,1,90.0,None,None,None,None,None,High Flow,80.2,101.5,59.9,54.3,0
DM02,Demolition,CAT-349,Sunny,Beginner,7,Power,1588,Fine,1,90.0,None,None,None,None,None,High Flow,76.9,120.3,44.2,55.7,0
T001,Earth Excavation,CAT-320,Cloudy,Expert,4,Power,1943,Quick,1,63.4,Swing Priority,None,None,None,None,None,85.0,69.4,28.1,41.5,0
GR05,Grading,CAT-140,Windy,Beginner,3,Eco,1761,Quick,1,90.0,None,None,None,Deep Cut 45°,1st Gear,None,85.0,43.0,16.5,13.7,0
T002,Trenching,CAT-420,Rainy,Intermediate,4,Eco,1515,Quick,0,78.8,None,Soft Ground,None,None,None,None,85.0,71.8,6.8,24.3,0
LD04,Material Loading,CAT-950M,Windy,Intermediate,4,Eco,1825,Medium,1,61.7,None,None,80% Gravel,None,None,None,85.0,41.4,17.9,16.8,0
DM02,Demolition,CAT-349,Sunny,Expert,4,Power,1521,Fine,0,90.0,None,None,None,None,None,Medium Flow,88.4,131.2,40.4,52.1,0
TR05,Trenching,CAT-420,Sunny,Beginner,3,Eco,1657,Quick,1,81.3,None,Standard,None,None,None,None,85.0,52.7,8.0,15.5,0
TR02,Trenching,CAT-420,Sunny,Expert,8,Smart,2078,Fine,0,69.6,None,Locked Down,None,None,None,None,85.0,52.1,14.1,61.2,0
LD05,Material Loading,CAT-950M,Sunny,Expert,1,Smart,1828,Fine,0,86.9,None,None,100% Max,None,None,None,85.0,35.5,20.9,20.9,0
T002,Trenching,CAT-420,Rainy,Intermediate,4,Eco,2070,Fine,1,69.8,None,Soft Ground,None,None,None,None,85.0,59.1,11.1,33.6,0
EX03,Earth Excavation,CAT-320,Rainy,Intermediate,3,Eco,1626,Medium,0,58.3,Balanced,None,None,None,None,None,85.0,71.6,13.0,21.5,0
T001,Earth Excavation,CAT-320,Sunny,Expert,2,Power,1241,Medium,0,106.9,Balanced,None,None,None,None,None,85.0,85.3,14.0,41.7,0
LD02,Material Loading,CAT-950M,Sunny,Expert,2,Smart,1710,Fine,1,90.5,None,None,80% Gravel,None,None,None,85.0,30.6,19.3,16.2,0
EX04,Earth Excavation,CAT-320,Windy,Beginner,3,Smart,1518,Quick,1,107.2,Balanced,None,None,None,None,None,85.0,51.5,15.2,30.3,0
DM03,Demolition,CAT-349,Windy,Intermediate,7,Eco,1434,Medium,0,90.0,None,None,None,None,None,Medium Flow,81.4,187.4,24.8,33.8,0
LD04,Material Loading,CAT-950M,Sunny,Expert,3,Eco,1939,Medium,1,106.7,None,None,80% Gravel,None,None,None,85.0,39.8,19.4,22.1,0
EX04,Earth Excavation,CAT-320,Cloudy,Beginner,1,Power,1939,Medium,1,92.7,Boom Power,None,None,None,None,None,85.0,39.9,27.1,30.0,0
EX05,Earth Excavation,CAT-320,Windy,Expert,6,Smart,1232,Quick,1,73.2,Boom Power,None,None,None,None,None,85.0,115.2,11.3,31.3,0
LD03,Material Loading,CAT-950M,Rainy,Intermediate,5,Eco,2090,Fine,0,70.8,None,None,80% Gravel,None,None,None,85.0,60.4,22.3,45.3,0
GR02,Grading,CAT-140,Sunny,Expert,2,Power,1333,Fine,0,90.0,None,None,None,Normal 35°,2nd Gear,None,85.0,61.9,16.6,35.1,0
GR05,Grading,CAT-140,Windy,Intermediate,8,Smart,1625,Medium,0,90.0,None,None,None,Normal 35°,1st Gear,None,85.0,44.2,18.9,43.7,0
GR05,Grading,CAT-140,Windy,Beginner,3,Power,1494,Fine,0,90.0,None,None,None,Spread 25°,2nd Gear,None,85.0,39.3,19.6,35.6,0
DM03,Demolition,CAT-349,Windy,Intermediate,7,Smart,1546,Fine,1,90.0,None,None,None,None,None,Low Flow,69.6,151.0,33.1,41.7,0
DM03,Demolition,CAT-349,Rainy,Expert,4,Power,1856,Quick,0,90.0,None,None,None,None,None,Low Flow,90.1,157.0,53.7,50.4,0
EX05,Earth Excavation,CAT-320,Windy,Expert,6,Smart,1717,Fine,1,107.2,Balanced,None,None,None,None,None,85.0,112.9,18.6,35.5,0
T001,Earth Excavation,CAT-320,Sunny,Expert,2,Eco,1451,Fine,0,92.0,Boom Power,None,None,None,None,None,85.0,104.7,11.4,17.4,0
TR05,Trenching,CAT-420,Rainy,Intermediate,4,Smart,1562,Medium,0,90.4,None,Standard,None,None,None,None,85.0,62.5,8.9,43.7,0
T005,Demolition,CAT-349,Windy,Intermediate,6,Eco,1779,Medium,0,90.0,None,None,None,None,None,Medium Flow,75.2,154.9,33.6,43.2,0
DM03,Demolition,CAT-349,Windy,Intermediate,7,Smart,2088,Fine,0,90.0,None,None,None,None,None,Low Flow,97.5,153.0,52.9,99.0,0
EX02,Earth Excavation,CAT-320,Sunny,Intermediate,4,Smart,1551,Fine,0,94.8,Balanced,None,None,None,None,None,85.0,107.8,15.3,30.9,0
GR05,Grading,CAT-140,Windy,Beginner,3,Eco,1519,Medium,1,90.0,None,None,None,Normal 35°,2nd Gear,None,85.0,35.6,13.3,13.3,0
TR05,Trenching,CAT-420,Sunny,Beginner,3,Power,1975,Fine,1,65.8,None,Soft Ground,None,None,None,None,85.0,44.2,15.4,39.2,0
T003,Material Loading,CAT-950M,Cloudy,Beginner,3,Smart,1547,Quick,1,104.0,None,None,100% Max,None,None,None,85.0,47.5,16.9,18.6,0
GR05,Grading,CAT-140,Windy,Beginner,3,Power,1216,Medium,0,90.0,None,None,None,Normal 35°,1st Gear,None,85.0,47.9,15.1,39.6,0
EX04,Earth Excavation,CAT-320,Cloudy,Beginner,1,Power,1883,Quick,0,51.3,Boom Power,None,None,None,None,None,85.0,49.8,25.0,35.5,0
T005,Demolition,CAT-349,Rainy,Beginner,8,Eco,1674,Quick,1,90.0,None,None,None,None,None,Medium Flow,94.1,160.3,31.1,65.6,0
DM04,Demolition,CAT-349,Rainy,Intermediate,5,Eco,1904,Quick,1,90.0,None,None,None,None,None,Low Flow,73.8,93.4,36.5,33.9,0
EX05,Earth Excavation,CAT-320,Windy,Expert,6,Power,1809,Quick,0,69.7,Boom Power,None,None,None,None,None,85.0,106.9,25.8,48.9,0
LD02,Material Loading,CAT-950M,Windy,Intermediate,2,Eco,1368,Medium,1,100.6,None,None,100% Max,None,None,None,85.0,34.5,11.3,10.1,0
T001,Earth Excavation,CAT-320,Sunny,Expert,2,Smart,1754,Quick,1,106.4,Balanced,None,None,None,None,None,85.0,64.5,18.6,24.0,0
EX02,Earth Excavation,CAT-320,Sunny,Expert,4,Smart,1224,Medium,1,93.4,Boom Power,None,None,None,None,None,85.0,87.2,11.5,24.0,0
EX03,Earth Excavation,CAT-320,Rainy,Intermediate,3,Power,1992,Medium,1,55.4,Balanced,None,None,None,None,None,85.0,57.8,28.9,43.4,0
LD03,Material Loading,CAT-950M,Rainy,Intermediate,5,Eco,1422,Fine,0,62.4,None,None,100% Max,None,None,None,85.0,75.6,13.6,45.9,0
TR02,Trenching,CAT-420,Sunny,Expert,2,Eco,1465,Quick,1,95.9,None,Locked Down,None,None,None,None,85.0,42.1,5.7,11.8,0
DM04,Demolition,CAT-349,Rainy,Intermediate,5,Smart,1979,Fine,0,90.0,None,None,None,None,None,Medium Flow,96.6,95.9,47.1,57.6,0
GR03,Grading,CAT-140,Rainy,Intermediate,6,Eco,1382,Fine,1,90.0,None,None,None,Normal 35°,1st Gear,None,85.0,76.3,11.6,24.5,0
T005,Demolition,CAT-349,Windy,Intermediate,6,Smart,1895,Fine,0,90.0,None,None,None,None,None,Low Flow,66.5,150.9,44.6,51.1,0
T005,Demolition,CAT-349,Rainy,Beginner,2,Power,1689,Medium,1,90.0,None,None,None,None,None,Medium Flow,88.4,119.9,44.7,37.8,0
T003,Material Loading,CAT-950M,Cloudy,Beginner,3,Power,1911,Quick,0,104.9,None,None,60% Mud,None,None,None,85.0,47.0,28.8,40.8,0
LD04,Material Loading,CAT-950M,Cloudy,Beginner,6,Power,1862,Fine,1,106.6,None,None,60% Mud,None,None,None,85.0,42.0,28.9,43.4,0
DM04,Demolition,CAT-349,Rainy,Beginner,5,Power,1399,Quick,1,90.0,None,None,None,None,None,High Flow,87.0,92.6,35.7,46.9,0
EX04,Earth Excavation,CAT-320,Windy,Expert,5,Power,1623,Quick,1,102.6,Balanced,None,None,None,None,None,85.0,48.3,21.5,47.1,0
TR03,Trenching,CAT-420,Cloudy,Intermediate,5,Eco,1371,Quick,1,73.4,None,Standard,None,None,None,None,85.0,101.0,6.2,19.7,0
EX05,Earth Excavation,CAT-320,Windy,Expert,6,Power,1579,Quick,1,71.1,Swing Priority,None,None,None,None,None,85.0,106.0,20.9,44.1,0
T004,Grading,CAT-140,Sunny,Expert,5,Eco,1917,Medium,0,90.0,None,None,None,Spread 25°,1st Gear,None,85.0,50.8,18.8,33.2,0
GR04,Grading,CAT-140,Cloudy,Intermediate,7,Power,1961,Fine,1,90.0,None,None,None,Spread 25°,2nd Gear,None,85.0,83.7,31.2,53.3,0
T002,Trenching,CAT-420,Windy,Beginner,4,Eco,1473,Fine,1,66.6,None,Standard,None,None,None,None,85.0,63.1,6.2,19.5,0
T005,Demolition,CAT-349,Sunny,Expert,3,Eco,1954,Quick,0,90.0,None,None,None,None,None,Medium Flow,96.3,137.9,36.8,51.8,0
T001,Earth Excavation,CAT-320,Sunny,Expert,2,Eco,1319,Quick,1,55.4,Swing Priority,None,None,None,None,None,85.0,96.3,9.4,10.2,0
TR03,Trenching,CAT-420,Cloudy,Expert,3,Power,1338,Fine,1,66.5,None,Soft Ground,None,None,None,None,85.0,70.6,8.3,32.2,0
EX04,Earth Excavation,CAT-320,Cloudy,Beginner,1,Smart,1409,Quick,0,64.7,Swing Priority,None,None,None,None,None,85.0,56.5,12.9,19.8,0
T004,Grading,CAT-140,Windy,Intermediate,3,Smart,1957,Medium,0,90.0,None,None,None,Spread 25°,3rd Gear,None,85.0,67.0,22.6,51.2,0
DM03,Demolition,CAT-349,Windy,Intermediate,7,Power,1586,Fine,0,90.0,None,None,None,None,None,Low Flow,84.4,163.5,44.2,62.2,0
EX04,Earth Excavation,CAT-320,Cloudy,Beginner,1,Eco,1305,Quick,1,89.9,Balanced,None,None,None,None,None,85.0,53.1,9.0,6.8,0
EX05,Earth Excavation,CAT-320,Windy,Expert,6,Eco,1292,Fine,0,51.4,Balanced,None,None,None,None,None,85.0,181.5,10.1,30.1,0
EX05,Earth Excavation,CAT-320,Windy,Expert,6,Smart,1254,Fine,1,56.5,Boom Power,None,None,None,None,None,85.0,131.9,11.9,30.6,0
LD03,Material Loading,CAT-950M,Rainy,Intermediate,5,Power,1663,Fine,1,71.4,None,None,60% Mud,None,None,None,85.0,51.2,24.5,39.2,0
TR03,Trenching,CAT-420,Cloudy,Intermediate,5,Smart,1779,Medium,0,62.8,None,Standard,None,None,None,None,85.0,78.1,10.3,32.6,0
EX04,Earth Excavation,CAT-320,Cloudy,Beginner,1,Eco,1652,Fine,1,68.8,Swing Priority,None,None,None,None,None,85.0,59.2,13.5,6.2,0
LD04,Material Loading,CAT-950M,Windy,Intermediate,4,Power,1622,Fine,1,73.9,None,None,60% Mud,None,None,None,85.0,42.3,22.9,34.6,0
DM02,Demolition,CAT-349,Sunny,Expert,4,Power,2156,Medium,0,90.0,None,None,None,None,None,Low Flow,98.1,89.8,67.2,81.9,0
TR04,Trenching,CAT-420,Cloudy,Expert,5,Eco,2062,Fine,1,71.6,None,Soft Ground,None,None,None,None,85.0,67.1,11.2,36.2,0
DM05,Demolition,CAT-349,Windy,Expert,8,Smart,1830,Fine,0,90.0,None,None,None,None,None,High Flow,91.9,165.4,44.0,53.5,0
T004,Grading,CAT-140,Sunny,Expert,7,Smart,1497,Fine,0,90.0,None,None,None,Spread 25°,1st Gear,None,85.0,47.6,16.1,40.9,0
DM05,Demolition,CAT-349,Windy,Expert,8,Smart,1614,Medium,1,90.0,None,None,None,None,None,High Flow,97.3,132.8,36.0,79.7,0
LD04,Material Loading,CAT-950M,Windy,Intermediate,4,Power,2034,Medium,0,77.0,None,None,100% Max,None,None,None,85.0,41.4,33.1,54.7,0
TR03,Trenching,CAT-420,Cloudy,Intermediate,5,Power,1625,Medium,1,91.6,None,Standard,None,None,None,None,85.0,65.8,12.6,39.6,0
GR03,Grading,CAT-140,Rainy,Intermediate,6,Eco,1425,Medium,0,90.0,None,None,None,Deep Cut 45°,2nd Gear,None,85.0,89.6,12.2,30.8,0
GR02,Grading,CAT-140,Sunny,Expert,2,Power,1335,Quick,0,90.0,None,None,None,Spread 25°,1st Gear,None,85.0,71.6,16.7,36.9,0
LD02,Material Loading,CAT-950M,Sunny,Expert,2,Eco,1930,Medium,1,65.2,None,None,60% Mud,None,None,None,85.0,30.0,19.1,16.5,0
EX04,Earth Excavation,CAT-320,Cloudy,Beginner,1,Smart,1317,Medium,1,77.2,Swing Priority,None,None,None,None,None,85.0,44.4,11.6,13.7,0
TR05,Trenching,CAT-420,Sunny,Beginner,3,Power,2039,Medium,0,82.5,None,Soft Ground,None,None,None,None,85.0,52.6,16.1,49.3,0
EX02,Earth Excavation,CAT-320,Sunny,Intermediate,3,Power,1295,Fine,1,75.0,Balanced,None,None,None,None,None,85.0,97.0,14.5,30.6,0
LD02,Material Loading,CAT-950M,Sunny,Expert,2,Eco,2040,Quick,1,72.5,None,None,80% Gravel,None,None,None,85.0,28.2,20.9,22.7,0
GR05,Grading,CAT-140,Sunny,Intermediate,3,Eco,1953,Fine,0,90.0,None,None,None,Spread 25°,3rd Gear,None,85.0,37.9,19.2,28.2,0
LD04,Material Loading,CAT-950M,Windy,Intermediate,4,Eco,1592,Medium,1,56.0,None,None,100% Max,None,None,None,85.0,45.6,14.4,17.2,0
GR02,Grading,CAT-140,Sunny,Expert,2,Smart,1571,Medium,1,90.0,None,None,None,Normal 35°,2nd Gear,None,85.0,48.7,16.4,17.6,0
T005,Demolition,CAT-349,Windy,Intermediate,6,Smart,1746,Fine,0,90.0,None,None,None,None,None,High Flow,97.6,139.3,39.6,69.2,0
EX02,Earth Excavation,CAT-320,Sunny,Intermediate,4,Eco,1379,Quick,0,76.6,Balanced,None,None,None,None,None,85.0,110.8,11.1,23.9,0
LD04,Material Loading,CAT-950M,Windy,Intermediate,4,Smart,2016,Quick,1,74.9,None,None,80% Gravel,None,None,None,85.0,35.2,24.9,35.1,0
GR04,Grading,CAT-140,Cloudy,Intermediate,7,Power,1988,Fine,1,90.0,None,None,None,Spread 25°,2nd Gear,None,85.0,84.2,31.9,54.5,0
EX03,Earth Excavation,CAT-320,Rainy,Intermediate,3,Eco,1445,Quick,0,104.3,Boom Power,None,None,None,None,None,85.0,73.2,11.5,28.8,0
EX02,Earth Excavation,CAT-320,Sunny,Intermediate,4,Eco,1469,Quick,1,90.3,Boom Power,None,None,None,None,None,85.0,89.6,11.4,17.8,0
EX03,Earth Excavation,CAT-320,Windy,Intermediate,8,Power,1886,Quick,1,53.5,Balanced,None,None,None,None,None,85.0,70.3,28.1,52.1,0
T002,Trenching,CAT-420,Rainy,Intermediate,4,Smart,1926,Quick,1,67.3,None,Standard,None,None,None,None,85.0,76.8,12.2,44.0,0
EX04,Earth Excavation,CAT-320,Cloudy,Beginner,1,Smart,1511,Quick,1,83.5,Balanced,None,None,None,None,None,85.0,42.9,14.5,10.5,0
T001,Earth Excavation,CAT-320,Sunny,Expert,2,Eco,1520,Quick,0,95.7,Swing Priority,None,None,None,None,None,85.0,88.7,12.2,17.0,0
GR05,Grading,CAT-140,Windy,Beginner,3,Smart,1434,Fine,1,90.0,None,None,None,Deep Cut 45°,1st Gear,None,85.0,36.6,14.4,21.9,0
TR03,Trenching,CAT-420,Cloudy,Intermediate,5,Power,1253,Quick,0,71.9,None,Standard,None,None,None,None,85.0,102.3,8.4,45.1,0
EX02,Earth Excavation,CAT-320,Sunny,Intermediate,4,Eco,1740,Medium,0,70.5,Balanced,None,None,None,None,None,85.0,117.4,15.2,22.5,0
DM05,Demolition,CAT-349,Windy,Expert,8,Smart,1337,Quick,0,90.0,None,None,None,None,None,Medium Flow,85.9,144.6,27.1,45.2,0
DM04,Demolition,CAT-349,Rainy,Intermediate,5,Eco,1966,Quick,1,90.0,None,None,None,None,None,Medium Flow,87.0,82.8,37.9,29.9,0
LD04,Material Loading,CAT-950M,Sunny,Beginner,3,Power,1848,Medium,1,51.1,None,None,60% Mud,None,None,None,85.0,36.8,28.3,32.0,0
TR05,Trenching,CAT-420,Sunny,Beginner,3,Power,1310,Medium,0,96.1,None,Locked Down,None,None,None,None,85.0,53.7,8.7,39.8,0
EX03,Earth Excavation,CAT-320,Rainy,Expert,4,Power,1925,Fine,1,80.4,Swing Priority,None,None,None,None,None,85.0,63.1,28.0,41.4,0
GR02,Grading,CAT-140,Sunny,Expert,2,Power,1866,Quick,1,90.0,None,None,None,Normal 35°,2nd Gear,None,85.0,62.9,27.0,25.8,0
EX05,Earth Excavation,CAT-320,Windy,Expert,6,Smart,1539,Quick,1,80.6,Balanced,None,None,None,None,None,85.0,96.0,15.9,30.8,0
EX02,Earth Excavation,CAT-320,Windy,Beginner,4,Power,1962,Quick,0,60.8,Swing Priority,None,None,None,None,None,85.0,100.6,28.5,51.4,0
GR04,Grading,CAT-140,Cloudy,Intermediate,7,Smart,1651,Fine,1,90.0,None,None,None,Spread 25°,2nd Gear,None,85.0,71.8,19.0,33.8,0
GR03,Grading,CAT-140,Sunny,Beginner,8,Smart,1297,Medium,0,90.0,None,None,None,Normal 35°,1st Gear,None,85.0,84.7,13.7,44.7,0
EX03,Earth Excavation,CAT-320,Rainy,Intermediate,3,Smart,1545,Medium,0,98.5,Swing Priority,None,None,None,None,None,85.0,70.1,15.0,26.5,0
DM03,Demolition,CAT-349,Cloudy,Intermediate,8,Smart,1978,Quick,1,90.0,None,None,None,None,None,Low Flow,74.7,136.2,48.9,57.5,0
GR04,Grading,CAT-140,Cloudy,Intermediate,7,Smart,1321,Medium,1,90.0,None,None,None,Deep Cut 45°,3rd Gear,None,85.0,82.2,13.8,33.8,0
EX05,Earth Excavation,CAT-320,Windy,Expert,6,Power,1743,Quick,1,98.7,Balanced,None,None,None,None,None,85.0,87.2,24.3,42.4,0
EX03,Earth Excavation,CAT-320,Rainy,Intermediate,3,Power,1711,Medium,0,89.8,Boom Power,None,None,None,None,None,85.0,63.8,22.6,38.4,0
EX02,Earth Excavation,CAT-320,Sunny,Intermediate,4,Power,1827,Fine,1,90.7,Swing Priority,None,None,None,None,None,85.0,84.0,25.5,33.5,0
DM03,Demolition,CAT-349,Sunny,Beginner,3,Smart,2085,Medium,0,90.0,None,None,None,None,None,Medium Flow,92.9,131.1,49.1,50.2,0
EX03,Earth Excavation,CAT-320,Rainy,Intermediate,3,Smart,1372,Quick,0,89.4,Balanced,None,None,None,None,None,85.0,69.8,12.7,28.0,0
LD05,Material Loading,CAT-950M,Sunny,Expert,1,Smart,1581,Fine,0,60.0,None,None,100% Max,None,None,None,85.0,37.5,16.8,19.0,0
EX04,Earth Excavation,CAT-320,Windy,Beginner,7,Smart,1922,Medium,0,64.3,Balanced,None,None,None,None,None,85.0,65.2,22.4,43.7,0
GR05,Grading,CAT-140,Windy,Beginner,3,Power,1252,Quick,1,90.0,None,None,None,Normal 35°,2nd Gear,None,85.0,47.6,14.5,31.3,0
EX02,Earth Excavation,CAT-320,Sunny,Intermediate,4,Smart,1534,Fine,1,105.7,Balanced,None,None,None,None,None,85.0,100.4,15.5,30.6,0
GR04,Grading,CAT-140,Cloudy,Intermediate,7,Power,1504,Medium,0,90.0,None,None,None,Normal 35°,2nd Gear,None,85.0,83.3,21.5,54.2,0
T004,Grading,CAT-140,Sunny,Expert,5,Eco,1585,Fine,1,90.0,None,None,None,Deep Cut 45°,2nd Gear,None,85.0,35.8,14.2,20.2,0
TR04,Trenching,CAT-420,Rainy,Intermediate,6,Eco,1927,Fine,0,64.8,None,Standard,None,None,None,None,85.0,85.4,10.0,49.7,0
LD03,Material Loading,CAT-950M,Rainy,Intermediate,5,Power,1622,Medium,1,51.0,None,None,100% Max,None,None,None,85.0,51.0,26.7,55.6,0
TR02,Trenching,CAT-420,Sunny,Expert,2,Smart,1374,Fine,1,98.9,None,Soft Ground,None,None,None,None,85.0,37.7,7.2,16.2,0
LD04,Material Loading,CAT-950M,Windy,Intermediate,4,Smart,2099,Fine,0,72.3,None,None,80% Gravel,None,None,None,85.0,45.5,26.7,49.0,0
T004,Grading,CAT-140,Sunny,Expert,5,Power,1484,Fine,1,90.0,None,None,None,Normal 35°,2nd Gear,None,85.0,37.0,20.4,38.8,0
DM03,Demolition,CAT-349,Windy,Intermediate,7,Eco,1919,Quick,1,90.0,None,None,None,None,None,High Flow,65.7,153.1,37.6,42.9,0
TR02,Trenching,CAT-420,Sunny,Expert,2,Power,1236,Quick,1,62.1,None,Standard,None,None,None,None,85.0,41.5,8.0,26.2,0
DM02,Demolition,CAT-349,Cloudy,Beginner,1,Smart,1780,Fine,1,90.0,None,None,None,None,None,Medium Flow,72.6,103.0,37.7,20.4,0
EX04,Earth Excavation,CAT-320,Windy,Expert,5,Power,1958,Fine,1,77.8,Swing Priority,None,None,None,None,None,85.0,47.5,28.7,46.3,0
T005,Demolition,CAT-349,Windy,Intermediate,6,Power,1595,Fine,0,90.0,None,None,None,None,None,High Flow,87.9,141.1,43.5,48.0,0
TR02,Trenching,CAT-420,Sunny,Expert,2,Power,1664,Fine,1,101.0,None,Soft Ground,None,None,None,None,85.0,33.6,12.0,26.7,0
LD02,Material Loading,CAT-950M,Sunny,Expert,2,Eco,1385,Quick,1,70.7,None,None,60% Mud,None,None,None,85.0,33.3,11.1,11.6,0
LD02,Material Loading,CAT-950M,Sunny,Intermediate,5,Power,1985,Fine,1,57.0,None,None,100% Max,None,None,None,85.0,26.2,31.7,50.4,0
LD05,Material Loading,CAT-950M,Sunny,Expert,1,Smart,1464,Medium,1,74.2,None,None,80% Gravel,None,None,None,85.0,33.2,14.8,11.5,0
GR02,Grading,CAT-140,Cloudy,Beginner,2,Smart,1296,Medium,0,90.0,None,None,None,Deep Cut 45°,3rd Gear,None,85.0,80.7,12.3,40.3,0
T002,Trenching,CAT-420,Rainy,Intermediate,4,Smart,1772,Medium,1,81.3,None,Locked Down,None,None,None,None,85.0,64.4,10.5,36.3,0
DM02,Demolition,CAT-349,Sunny,Expert,4,Smart,1393,Quick,1,90.0,None,None,None,None,None,Low Flow,89.9,96.3,27.2,21.8,0
EX03,Earth Excavation,CAT-320,Sunny,Expert,2,Eco,1580,Quick,1,77.0,Swing Priority,None,None,None,None,None,85.0,58.0,13.2,11.6,0
T004,Grading,CAT-140,Sunny,Expert,8,Power,1434,Fine,1,90.0,None,None,None,Normal 35°,1st Gear,None,85.0,43.2,19.7,46.8,0
TR03,Trenching,CAT-420,Windy,Beginner,2,Smart,1507,Fine,0,104.2,None,Standard,None,None,None,None,85.0,82.9,8.2,22.4,0
LD04,Material Loading,CAT-950M,Windy,Intermediate,1,Eco,1726,Quick,0,101.5,None,None,100% Max,None,None,None,85.0,45.8,15.4,14.3,0
TR04,Trenching,CAT-420,Rainy,Intermediate,6,Smart,1599,Quick,0,77.9,None,Standard,None,None,None,None,85.0,92.4,9.5,51.0,0
EX02,Earth Excavation,CAT-320,Sunny,Intermediate,4,Eco,1755,Medium,1,56.7,Boom Power,None,None,None,None,None,85.0,96.6,14.9,17.5,0
DM04,Demolition,CAT-349,Rainy,Intermediate,5,Smart,1688,Fine,1,90.0,None,None,None,None,None,Medium Flow,87.2,89.6,36.9,26.7,0
TR03,Trenching,CAT-420,Cloudy,Intermediate,5,Smart,2057,Fine,1,87.3,None,Standard,None,None,None,None,85.0,74.1,13.7,39.6,0
EX02,Earth Excavation,CAT-320,Windy,Expert,3,Smart,1771,Quick,0,93.7,Balanced,None,None,None,None,None,85.0,91.8,18.9,26.8,0
GR02,Grading,CAT-140,Sunny,Expert,2,Eco,1543,Fine,1,90.0,None,None,None,Spread 25°,3rd Gear,None,85.0,62.6,13.4,26.6,0
EX04,Earth Excavation,CAT-320,Cloudy,Beginner,1,Smart,1204,Quick,1,109.5,Boom Power,None,None,None,None,None,85.0,50.6,9.8,20.1,0
T002,Trenching,CAT-420,Rainy,Beginner,2,Eco,1676,Medium,0,57.3,None,Locked Down,None,None,None,None,85.0,68.3,7.4,30.5,0
EX05,Earth Excavation,CAT-320,Windy,Expert,6,Power,1490,Quick,1,72.4,Swing Priority,None,None,None,None,None,85.0,108.9,19.1,41.4,0
GR04,Grading,CAT-140,Cloudy,Intermediate,7,Power,1612,Quick,0,90.0,None,None,None,Normal 35°,3rd Gear,None,85.0,101.9,22.9,52.9,0
T005,Demolition,CAT-349,Rainy,Expert,4,Eco,1980,Medium,0,90.0,None,None,None,None,None,Low Flow,75.8,161.5,38.1,45.2,0
DM04,Demolition,CAT-349,Windy,Expert,5,Eco,2036,Medium,0,90.0,None,None,None,None,None,Low Flow,75.2,116.4,40.2,50.9,0
T005,Demolition,CAT-349,Windy,Intermediate,6,Power,1448,Fine,0,90.0,None,None,None,None,None,High Flow,66.5,148.7,38.0,49.0,0
EX04,Earth Excavation,CAT-320,Cloudy,Beginner,1,Smart,1626,Medium,1,56.0,Swing Priority,None,None,None,None,None,85.0,47.5,16.5,13.0,0
EX03,Earth Excavation,CAT-320,Rainy,Intermediate,3,Smart,1274,Fine,0,60.4,Balanced,None,None,None,None,None,85.0,95.3,11.4,26.9,0
T001,Earth Excavation,CAT-320,Sunny,Expert,2,Smart,1985,Quick,0,53.8,Boom Power,None,None,None,None,None,85.0,80.0,22.2,32.5,0
LD04,Material Loading,CAT-950M,Windy,Intermediate,4,Smart,2004,Quick,1,95.5,None,None,60% Mud,None,None,None,85.0,35.9,25.1,31.7,0
T002,Trenching,CAT-420,Rainy,Intermediate,4,Eco,1992,Quick,1,91.7,None,Locked Down,None,None,None,None,85.0,77.9,10.2,41.8,0
EX02,Earth Excavation,CAT-320,Sunny,Intermediate,4,Smart,1265,Medium,1,51.3,Boom Power,None,None,None,None,None,85.0,99.9,11.9,23.0,0
GR05,Grading,CAT-140,Windy,Beginner,3,Eco,1465,Quick,1,90.0,None,None,None,Spread 25°,1st Gear,None,85.0,38.2,12.6,14.0,0
GR05,Grading,CAT-140,Windy,Beginner,3,Eco,1949,Quick,1,90.0,None,None,None,Spread 25°,1st Gear,None,85.0,41.5,19.2,21.9,0
LD02,Material Loading,CAT-950M,Sunny,Expert,2,Eco,1692,Fine,0,63.0,None,None,60% Mud,None,None,None,85.0,39.1,15.2,17.4,0
EX03,Earth Excavation,CAT-320,Rainy,Intermediate,5,Smart,1395,Fine,1,67.9,Balanced,None,None,None,None,None,85.0,82.1,13.9,26.0,0
DM03,Demolition,CAT-349,Windy,Intermediate,7,Smart,1411,Medium,1,90.0,None,None,None,None,None,Medium Flow,82.5,146.1,28.7,32.3,0
LD04,Material Loading,CAT-950M,Windy,Intermediate,4,Smart,1353,Fine,0,103.7,None,None,60% Mud,None,None,None,85.0,54.8,14.0,29.0,0
DM02,Demolition,CAT-349,Cloudy,Beginner,7,Power,1931,Quick,0,90.0,None,None,None,None,None,Low Flow,91.5,95.9,59.4,60.3,0
DM04,Demolition,CAT-349,Rainy,Intermediate,5,Smart,1686,Medium,1,90.0,None,None,None,None,None,Medium Flow,65.4,79.3,37.2,27.3,0
T003,Material Loading,CAT-950M,Cloudy,Beginner,3,Power,1958,Medium,1,63.9,None,None,100% Max,None,None,None,85.0,42.8,30.6,38.9,0
LD02,Material Loading,CAT-950M,Sunny,Expert,2,Power,1303,Fine,1,51.3,None,None,60% Mud,None,None,None,85.0,31.5,16.2,28.7,0
GR02,Grading,CAT-140,Sunny,Expert,2,Smart,1261,Medium,1,90.0,None,None,None,Deep Cut 45°,3rd Gear,None,85.0,73.6,11.7,30.7,0
LD02,Material Loading,CAT-950M,Sunny,Expert,2,Eco,1448,Fine,1,97.5,None,None,80% Gravel,None,None,None,85.0,36.4,12.1,8.9,0
T002,Trenching,CAT-420,Rainy,Intermediate,4,Eco,1328,Fine,1,63.2,None,Standard,None,None,None,None,85.0,66.2,5.5,32.2,0
EX05,Earth Excavation,CAT-320,Sunny,Intermediate,1,Power,1417,Fine,1,82.9,Swing Priority,None,None,None,None,None,85.0,102.0,16.8,25.0,0
LD05,Material Loading,CAT-950M,Sunny,Expert,1,Smart,2063,Fine,1,80.7,None,None,80% Gravel,None,None,None,85.0,32.1,24.9,29.1,0
TR05,Trenching,CAT-420,Sunny,Beginner,3,Power,1396,Fine,0,80.1,None,Standard,None,None,None,None,85.0,47.3,9.3,38.2,0
DM03,Demolition,CAT-349,Windy,Intermediate,7,Power,1976,Fine,1,90.0,None,None,None,None,None,High Flow,68.3,131.1,61.3,62.9,0
LD04,Material Loading,CAT-950M,Windy,Intermediate,4,Smart,1798,Medium,1,59.5,None,None,60% Mud,None,None,None,85.0,38.8,21.6,22.9,0
TR02,Trenching,CAT-420,Sunny,Expert,2,Smart,1475,Medium,0,57.8,None,Standard,None,None,None,None,85.0,41.6,7.9,22.8,0
LD04,Material Loading,CAT-950M,Windy,Intermediate,4,Smart,1385,Fine,1,73.5,None,None,100% Max,None,None,None,85.0,46.9,14.6,23.6,0
LD03,Material Loading,CAT-950M,Rainy,Intermediate,5,Eco,2057,Medium,0,56.0,None,None,100% Max,None,None,None,85.0,57.4,24.2,60.5,0
T001,Earth Excavation,CAT-320,Cloudy,Intermediate,3,Eco,1453,Quick,1,89.3,Swing Priority,None,None,None,None,None,85.0,81.7,11.3,13.7,0
T003,Material Loading,CAT-950M,Cloudy,Beginner,3,Eco,2042,Medium,0,75.7,None,None,80% Gravel,None,None,None,85.0,56.2,20.7,35.9,0
DM04,Demolition,CAT-349,Rainy,Intermediate,5,Smart,2181,Medium,1,90.0,None,None,None,None,None,High Flow,98.6,82.4,54.3,79.2,0
DM05,Demolition,CAT-349,Windy,Expert,8,Power,1861,Fine,0,90.0,None,None,None,None,None,High Flow,67.5,158.4,56.9,67.2,0
LD05,Material Loading,CAT-950M,Sunny,Expert,1,Power,1356,Fine,1,74.0,None,None,100% Max,None,None,None,85.0,35.1,17.1,24.4,0
EX04,Earth Excavation,CAT-320,Cloudy,Beginner,1,Eco,1248,Fine,0,94.9,Balanced,None,None,None,None,None,85.0,70.9,8.3,16.0,0
DM03,Demolition,CAT-349,Rainy,Beginner,3,Eco,1578,Quick,1,90.0,None,None,None,None,None,Medium Flow,82.6,153.7,26.4,14.8,0
GR03,Grading,CAT-140,Sunny,Beginner,5,Eco,1634,Fine,1,90.0,None,None,None,Spread 25°,2nd Gear,None,85.0,74.1,15.0,20.0,0
T003,Material Loading,CAT-950M,Cloudy,Beginner,3,Smart,1745,Medium,1,62.4,None,None,60% Mud,None,None,None,85.0,44.9,20.4,19.3,0
GR04,Grading,CAT-140,Cloudy,Intermediate,7,Eco,1781,Medium,1,90.0,None,None,None,Deep Cut 45°,2nd Gear,None,85.0,84.7,17.3,26.5,0
T005,Demolition,CAT-349,Windy,Intermediate,6,Eco,2184,Quick,1,90.0,None,None,None,None,None,High Flow,93.3,112.5,44.9,72.2,0
T004,Grading,CAT-140,Sunny,Expert,5,Smart,1805,Medium,1,90.0,None,None,None,Normal 35°,1st Gear,None,85.0,40.0,21.1,28.5,0
EX03,Earth Excavation,CAT-320,Rainy,Intermediate,3,Smart,1848,Quick,0,76.2,Boom Power,None,None,None,None,None,85.0,65.2,19.7,28.7,0
TR03,Trenching,CAT-420,Cloudy,Intermediate,5,Power,2130,Fine,1,73.6,None,Soft Ground,None,None,None,None,85.0,74.1,18.0,60.0,0
T004,Grading,CAT-140,Sunny,Expert,5,Eco,1571,Quick,0,90.0,None,None,None,Normal 35°,1st Gear,None,85.0,47.5,13.9,27.4,0
T004,Grading,CAT-140,Sunny,Expert,5,Eco,1900,Quick,1,90.0,None,None,None,Deep Cut 45°,2nd Gear,None,85.0,46.7,18.7,22.6,0
DM05,Demolition,CAT-349,Windy,Expert,3,Eco,1321,Fine,0,90.0,None,None,None,None,None,Medium Flow,91.7,175.8,20.7,20.3,0
LD03,Material Loading,CAT-950M,Rainy,Beginner,7,Eco,1801,Medium,1,84.0,None,None,100% Max,None,None,None,85.0,53.9,20.6,48.1,0
TR05,Trenching,CAT-420,Sunny,Intermediate,3,Eco,1473,Quick,0,63.4,None,Soft Ground,None,None,None,None,85.0,66.0,6.6,20.7,0
LD05,Material Loading,CAT-950M,Sunny,Expert,1,Eco,1894,Medium,1,89.6,None,None,80% Gravel,None,None,None,85.0,33.2,17.5,9.0,0
LD02,Material Loading,CAT-950M,Sunny,Expert,2,Power,2083,Fine,0,97.8,None,None,60% Mud,None,None,None,85.0,31.1,32.7,51.1,0
EX05,Earth Excavation,CAT-320,Windy,Expert,6,Smart,1541,Quick,0,61.2,Balanced,None,None,None,None,None,85.0,127.5,16.0,36.3,0
TR04,Trenching,CAT-420,Rainy,Intermediate,6,Eco,1467,Quick,0,95.1,None,Standard,None,None,None,None,85.0,92.6,6.7,45.8,0
TR02,Trenching,CAT-420,Sunny,Expert,2,Smart,1548,Fine,1,75.0,None,Locked Down,None,None,None,None,85.0,35.9,8.5,16.1,0
GR05,Grading,CAT-140,Windy,Beginner,3,Smart,1462,Fine,1,90.0,None,None,None,Deep Cut 45°,1st Gear,None,85.0,35.1,15.0,22.2,0
EX04,Earth Excavation,CAT-320,Cloudy,Beginner,1,Eco,1418,Fine,1,66.5,Swing Priority,None,None,None,None,None,85.0,63.1,11.0,5.7,0
EX03,Earth Excavation,CAT-320,Rainy,Intermediate,3,Smart,1686,Fine,1,56.2,Boom Power,None,None,None,None,None,85.0,77.9,17.8,19.6,0
DM03,Demolition,CAT-349,Windy,Intermediate,7,Smart,1457,Fine,0,90.0,None,None,None,None,None,High Flow,81.6,176.8,30.5,50.6,0
TR04,Trenching,CAT-420,Rainy,Intermediate,6,Eco,1214,Fine,0,57.1,None,Standard,None,None,None,None,85.0,84.3,4.6,43.6,0
DM03,Demolition,CAT-349,Windy,Intermediate,7,Power,1906,Fine,0,90.0,None,None,None,None,None,High Flow,85.9,150.8,58.3,65.7,0
DM03,Demolition,CAT-349,Windy,Intermediate,7,Power,1438,Medium,1,90.0,None,None,None,None,None,High Flow,78.2,156.2,38.9,54.7,0
TR03,Trenching,CAT-420,Cloudy,Intermediate,5,Power,1814,Fine,0,97.3,None,Standard,None,None,None,None,85.0,75.4,14.4,47.4,0
LD05,Material Loading,CAT-950M,Sunny,Expert,1,Eco,1589,Quick,1,71.9,None,None,80% Gravel,None,None,None,85.0,34.7,13.8,6.1,0
T001,Earth Excavation,CAT-320,Sunny,Expert,2,Smart,1284,Fine,0,66.7,Swing Priority,None,None,None,None,None,85.0,112.5,11.5,24.2,0
GR05,Grading,CAT-140,Windy,Beginner,3,Smart,1530,Quick,0,90.0,None,None,None,Spread 25°,2nd Gear,None,85.0,43.4,15.9,27.5,0
EX04,Earth Excavation,CAT-320,Cloudy,Beginner,1,Eco,1608,Quick,1,76.0,Balanced,None,None,None,None,None,85.0,49.4,12.5,7.1,0
TR03,Trenching,CAT-420,Cloudy,Intermediate,5,Eco,2141,Fine,1,82.4,None,Soft Ground,None,None,None,None,85.0,87.1,11.1,41.3,0
TR05,Trenching,CAT-420,Cloudy,Intermediate,8,Power,1492,Medium,1,87.4,None,Standard,None,None,None,None,85.0,45.6,11.4,48.2,0
DM02,Demolition,CAT-349,Sunny,Expert,4,Smart,1417,Medium,0,90.0,None,None,None,None,None,Medium Flow,91.7,124.3,28.4,38.5,0
TR05,Trenching,CAT-420,Windy,Intermediate,2,Power,1816,Quick,1,78.0,None,Soft Ground,None,None,None,None,85.0,51.2,13.4,30.4,0
EX05,Earth Excavation,CAT-320,Rainy,Intermediate,3,Smart,1592,Fine,0,90.9,Boom Power,None,None,None,None,None,85.0,124.9,15.8,26.4,0
DM03,Demolition,CAT-349,Cloudy,Expert,4,Eco,2006,Fine,1,90.0,None,None,None,None,None,Medium Flow,82.0,129.5,38.5,28.2,0
T005,Demolition,CAT-349,Windy,Intermediate,6,Smart,1795,Quick,1,90.0,None,None,None,None,None,Medium Flow,74.5,115.6,41.2,39.7,0
GR02,Grading,CAT-140,Sunny,Expert,2,Power,1578,Medium,1,90.0,None,None,None,Normal 35°,3rd Gear,None,85.0,64.0,21.0,44.8,0
LD04,Material Loading,CAT-950M,Cloudy,Beginner,5,Eco,2093,Quick,1,56.2,None,None,80% Gravel,None,None,None,85.0,40.1,22.0,38.4,0
GR05,Grading,CAT-140,Windy,Beginner,3,Smart,1822,Quick,1,90.0,None,None,None,Normal 35°,2nd Gear,None,85.0,43.9,20.9,21.3,0
EX04,Earth Excavation,CAT-320,Windy,Intermediate,3,Power,1837,Fine,1,85.7,Balanced,None,None,None,None,None,85.0,49.5,24.8,33.1,0
GR05,Grading,CAT-140,Windy,Beginner,3,Eco,1985,Medium,1,90.0,None,None,None,Spread 25°,2nd Gear,None,85.0,37.2,19.7,22.8,0
T001,Earth Excavation,CAT-320,Sunny,Expert,2,Eco,1279,Medium,1,96.6,Swing Priority,None,None,None,None,None,85.0,87.7,9.2,11.5,0
EX02,Earth Excavation,CAT-320,Sunny,Intermediate,4,Eco,1295,Medium,0,105.4,Swing Priority,None,None,None,None,None,85.0,122.2,9.4,33.5,0
EX02,Earth Excavation,CAT-320,Sunny,Intermediate,4,Smart,1512,Medium,1,94.4,Boom Power,None,None,None,None,None,85.0,80.7,15.3,22.7,0
DM02,Demolition,CAT-349,Rainy,Expert,2,Smart,2190,Fine,1,90.0,None,None,None,None,None,Low Flow,72.5,97.8,52.0,40.1,0
LD04,Material Loading,CAT-950M,Windy,Intermediate,4,Eco,1912,Medium,0,95.8,None,None,80% Gravel,None,None,None,85.0,47.3,19.0,28.5,0
LD02,Material Loading,CAT-950M,Sunny,Expert,2,Power,1628,Quick,0,109.3,None,None,80% Gravel,None,None,None,85.0,29.2,22.2,34.8,0
EX04,Earth Excavation,CAT-320,Cloudy,Beginner,5,Power,1912,Medium,1,79.5,Balanced,None,None,None,None,None,85.0,42.1,27.7,43.7,0
GR04,Grading,CAT-140,Cloudy,Intermediate,7,Eco,1671,Medium,0,90.0,None,None,None,Deep Cut 45°,1st Gear,None,85.0,99.7,16.1,32.7,0
TR05,Trenching,CAT-420,Sunny,Beginner,3,Smart,2110,Quick,1,65.1,None,Standard,None,None,None,None,85.0,53.2,13.6,39.2,0
GR03,Grading,CAT-140,Rainy,Intermediate,6,Smart,1691,Fine,0,90.0,None,None,None,Normal 35°,3rd Gear,None,85.0,75.5,19.1,38.6,0
T003,Material Loading,CAT-950M,Cloudy,Beginner,3,Power,1551,Quick,0,91.1,None,None,80% Gravel,None,None,None,85.0,49.0,21.0,38.4,0
LD04,Material Loading,CAT-950M,Windy,Intermediate,4,Smart,2075,Medium,0,58.4,None,None,100% Max,None,None,None,85.0,43.4,26.0,47.0,0
T001,Earth Excavation,CAT-320,Windy,Beginner,2,Power,1832,Medium,1,97.0,Boom Power,None,None,None,None,None,85.0,67.0,24.5,27.9,0
GR02,Grading,CAT-140,Sunny,Expert,2,Power,1284,Quick,1,90.0,None,None,None,Normal 35°,1st Gear,None,85.0,59.9,15.5,26.3,0
DM05,Demolition,CAT-349,Rainy,Expert,7,Eco,2013,Medium,1,90.0,None,None,None,None,None,High Flow,70.3,155.2,40.8,51.0,0
LD05,Material Loading,CAT-950M,Sunny,Intermediate,1,Power,1673,Fine,0,98.7,None,None,60% Mud,None,None,None,85.0,36.1,23.4,30.9,0
TR05,Trenching,CAT-420,Sunny,Beginner,3,Power,1264,Medium,1,60.7,None,Soft Ground,None,None,None,None,85.0,47.3,8.2,30.5,0
DM04,Demolition,CAT-349,Rainy,Intermediate,5,Power,1783,Quick,1,90.0,None,None,None,None,None,High Flow,72.4,79.8,51.5,49.3,0
TR02,Trenching,CAT-420,Sunny,Expert,2,Power,1345,Quick,1,75.5,None,Soft Ground,None,None,None,None,85.0,41.7,9.1,27.4,0
TR03,Trenching,CAT-420,Rainy,Expert,5,Smart,1808,Quick,1,58.4,None,Soft Ground,None,None,None,None,85.0,92.0,11.0,27.8,0
T004,Grading,CAT-140,Sunny,Expert,5,Eco,1425,Fine,0,90.0,None,None,None,Spread 25°,3rd Gear,None,85.0,55.7,11.7,44.1,0
EX04,Earth Excavation,CAT-320,Cloudy,Beginner,1,Eco,1800,Fine,0,53.8,Swing Priority,None,None,None,None,None,85.0,64.2,15.3,15.7,0
GR02,Grading,CAT-140,Sunny,Expert,2,Eco,1920,Fine,0,90.0,None,None,None,Normal 35°,1st Gear,None,85.0,53.3,17.6,17.4,0
TR03,Trenching,CAT-420,Cloudy,Expert,8,Power,1656,Fine,1,61.3,None,Locked Down,None,None,None,None,85.0,66.4,12.9,50.9,0
T001,Earth Excavation,CAT-320,Sunny,Expert,2,Power,1966,Quick,0,65.6,Boom Power,None,None,None,None,None,85.0,76.8,27.7,44.5,0
DM04,Demolition,CAT-349,Rainy,Intermediate,5,Eco,2044,Medium,1,90.0,None,None,None,None,None,Medium Flow,77.6,84.8,40.0,35.1,0
DM02,Demolition,CAT-349,Sunny,Expert,4,Power,1781,Medium,0,90.0,None,None,None,None,None,Medium Flow,73.1,105.7,51.0,50.1,0
LD03,Material Loading,CAT-950M,Rainy,Intermediate,5,Eco,2098,Medium,1,54.3,None,None,80% Gravel,None,None,None,85.0,45.7,22.4,39.1,0
EX05,Earth Excavation,CAT-320,Windy,Expert,6,Smart,1371,Fine,1,108.3,Swing Priority,None,None,None,None,None,85.0,125.1,13.1,37.3,0
GR04,Grading,CAT-140,Cloudy,Intermediate,7,Power,1982,Quick,1,90.0,None,None,None,Deep Cut 45°,2nd Gear,None,85.0,100.3,31.5,54.9,0
EX02,Earth Excavation,CAT-320,Cloudy,Intermediate,3,Power,1572,Medium,0,90.7,Swing Priority,None,None,None,None,None,85.0,88.5,20.4,36.7,0
LD02,Material Loading,CAT-950M,Sunny,Expert,2,Power,1816,Fine,0,109.2,None,None,100% Max,None,None,None,85.0,30.3,26.3,35.5,0
GR02,Grading,CAT-140,Sunny,Expert,2,Eco,1963,Fine,1,90.0,None,None,None,Normal 35°,3rd Gear,None,85.0,61.8,18.7,33.6,0
DM04,Demolition,CAT-349,Rainy,Intermediate,5,Smart,2049,Quick,1,90.0,None,None,None,None,None,Low Flow,86.5,80.8,49.5,51.3,0
TR04,Trenching,CAT-420,Cloudy,Beginner,7,Power,1321,Medium,0,50.3,None,Standard,None,None,None,None,85.0,76.7,9.1,51.2,0
GR05,Grading,CAT-140,Windy,Beginner,3,Power,1901,Quick,1,90.0,None,None,None,Deep Cut 45°,3rd Gear,None,85.0,44.8,28.1,36.3,0
TR04,Trenching,CAT-420,Rainy,Intermediate,6,Smart,1349,Quick,1,62.4,None,Standard,None,None,None,None,85.0,83.7,7.0,43.0,0
GR04,Grading,CAT-140,Cloudy,Intermediate,7,Smart,1809,Fine,0,90.0,None,None,None,Deep Cut 45°,1st Gear,None,85.0,91.0,21.4,39.5,0
TR03,Trenching,CAT-420,Cloudy,Intermediate,5,Eco,1417,Medium,1,57.5,None,Standard,None,None,None,None,85.0,86.0,6.6,21.7,0
T003,Material Loading,CAT-950M,Rainy,Beginner,2,Power,1533,Medium,1,69.8,None,None,80% Gravel,None,None,None,85.0,50.5,20.4,29.6,0
EX03,Earth Excavation,CAT-320,Rainy,Intermediate,3,Smart,1370,Fine,0,72.5,Boom Power,None,None,None,None,None,85.0,97.6,12.7,26.8,0
EX03,Earth Excavation,CAT-320,Rainy,Intermediate,3,Smart,1375,Quick,1,53.9,Swing Priority,None,None,None,None,None,85.0,73.9,12.6,20.3,0
T002,Trenching,CAT-420,Rainy,Intermediate,4,Power,1593,Medium,0,53.5,None,Locked Down,None,None,None,None,85.0,69.4,11.4,55.3,0
GR04,Grading,CAT-140,Cloudy,Intermediate,7,Eco,1468,Medium,1,90.0,None,None,None,Deep Cut 45°,2nd Gear,None,85.0,83.5,13.4,27.8,0
TR03,Trenching,CAT-420,Cloudy,Intermediate,5,Eco,2040,Medium,1,94.4,None,Soft Ground,None,None,None,None,85.0,84.1,11.3,33.9,0
EX03,Earth Excavation,CAT-320,Rainy,Intermediate,3,Power,1991,Quick,0,59.5,Swing Priority,None,None,None,None,None,85.0,70.0,29.0,48.9,0
EX05,Earth Excavation,CAT-320,Cloudy,Expert,7,Power,1546,Fine,0,78.1,Boom Power,None,None,None,None,None,85.0,118.2,20.7,51.8,0
DM04,Demolition,CAT-349,Windy,Beginner,4,Power,2057,Medium,1,90.0,None,None,None,None,None,Medium Flow,87.7,75.3,62.6,50.1,0
GR05,Grading,CAT-140,Rainy,Intermediate,2,Smart,1673,Quick,0,90.0,None,None,None,Spread 25°,3rd Gear,None,85.0,44.6,18.2,23.7,0
EX03,Earth Excavation,CAT-320,Rainy,Intermediate,3,Power,1242,Medium,0,68.8,Balanced,None,None,None,None,None,85.0,78.7,14.2,37.2,0
TR03,Trenching,CAT-420,Cloudy,Intermediate,5,Power,1861,Medium,0,89.7,None,Standard,None,None,None,None,85.0,77.1,14.7,46.1,0
TR04,Trenching,CAT-420,Rainy,Intermediate,6,Smart,2145,Fine,1,62.0,None,Soft Ground,None,None,None,None,85.0,69.9,14.4,51.3,0
TR05,Trenching,CAT-420,Sunny,Beginner,3,Power,1805,Fine,1,87.4,None,Locked Down,None,None,None,None,85.0,41.9,13.9,30.2,0
GR02,Grading,CAT-140,Sunny,Expert,2,Power,1431,Fine,1,90.0,None,None,None,Spread 25°,3rd Gear,None,85.0,69.5,18.5,45.9,0
T004,Grading,CAT-140,Cloudy,Beginner,1,Smart,1624,Medium,0,90.0,None,None,None,Normal 35°,1st Gear,None,85.0,41.3,17.4,19.8,0
EX05,Earth Excavation,CAT-320,Windy,Expert,6,Power,1822,Medium,1,64.9,Boom Power,None,None,None,None,None,85.0,96.6,26.3,42.3,0
EX02,Earth Excavation,CAT-320,Sunny,Intermediate,4,Eco,1508,Quick,1,96.7,Boom Power,None,None,None,None,None,85.0,88.8,12.3,15.8,0
DM05,Demolition,CAT-349,Cloudy,Intermediate,2,Power,2170,Quick,1,90.0,None,None,None,None,None,Low Flow,93.4,101.8,65.5,70.2,0
GR03,Grading,CAT-140,Rainy,Intermediate,6,Eco,1227,Medium,1,90.0,None,None,None,Spread 25°,1st Gear,None,85.0,81.9,10.0,24.2,0
T004,Grading,CAT-140,Sunny,Expert,5,Power,1857,Medium,1,90.0,None,None,None,Normal 35°,1st Gear,None,85.0,44.1,27.9,38.0,0
T001,Earth Excavation,CAT-320,Sunny,Expert,4,Power,1366,Medium,1,95.9,Boom Power,None,None,None,None,None,85.0,75.1,16.5,35.4,0
T001,Earth Excavation,CAT-320,Sunny,Expert,2,Eco,1510,Medium,1,75.5,Boom Power,None,None,None,None,None,85.0,82.5,11.7,12.2,0
EX05,Earth Excavation,CAT-320,Windy,Expert,6,Smart,1641,Quick,0,83.5,Balanced,None,None,None,None,None,85.0,106.3,16.9,34.2,0
EX04,Earth Excavation,CAT-320,Cloudy,Beginner,6,Smart,1856,Medium,1,77.1,Swing Priority,None,None,None,None,None,85.0,42.6,21.3,30.7,0
TR03,Trenching,CAT-420,Cloudy,Intermediate,5,Eco,2066,Fine,1,99.0,None,Locked Down,None,None,None,None,85.0,80.9,10.8,36.6,0
GR04,Grading,CAT-140,Cloudy,Intermediate,7,Eco,1265,Quick,0,90.0,None,None,None,Spread 25°,1st Gear,None,85.0,129.7,10.8,35.4,0
EX02,Earth Excavation,CAT-320,Sunny,Intermediate,4,Eco,1887,Medium,0,106.4,Balanced,None,None,None,None,None,85.0,102.8,16.8,33.9,0
GR05,Grading,CAT-140,Windy,Beginner,3,Eco,1931,Medium,0,90.0,None,None,None,Normal 35°,2nd Gear,None,85.0,43.7,19.0,27.0,0
DM02,Demolition,CAT-349,Sunny,Expert,4,Eco,1741,Fine,0,90.0,None,None,None,None,None,High Flow,66.0,145.0,31.0,32.9,0
TR02,Trenching,CAT-420,Sunny,Expert,2,Power,1921,Medium,1,94.6,None,Soft Ground,None,None,None,None,85.0,39.2,15.3,32.6,0
LD05,Material Loading,CAT-950M,Cloudy,Expert,5,Eco,1623,Quick,1,90.7,None,None,80% Gravel,None,None,None,85.0,36.4,14.6,20.0,0
DM03,Demolition,CAT-349,Windy,Intermediate,7,Eco,1924,Fine,0,90.0,None,None,None,None,None,Medium Flow,97.1,159.3,37.5,70.1,0
DM03,Demolition,CAT-349,Windy,Beginner,5,Eco,1556,Fine,1,90.0,None,None,None,None,None,High Flow,80.9,163.3,26.5,32.2,0
TR03,Trenching,CAT-420,Cloudy,Intermediate,5,Power,1466,Fine,0,83.2,None,Locked Down,None,None,None,None,85.0,76.1,10.7,47.1,0
EX05,Earth Excavation,CAT-320,Windy,Expert,6,Eco,1556,Quick,1,70.8,Balanced,None,None,None,None,None,85.0,126.5,13.4,23.2,0
EX04,Earth Excavation,CAT-320,Cloudy,Beginner,1,Eco,1257,Medium,0,55.7,Balanced,None,None,None,None,None,85.0,73.6,8.7,13.6,0
TR05,Trenching,CAT-420,Sunny,Intermediate,1,Power,1536,Medium,1,91.4,None,Standard,None,None,None,None,85.0,39.6,10.2,23.5,0
LD03,Material Loading,CAT-950M,Rainy,Intermediate,5,Eco,1883,Fine,0,94.9,None,None,100% Max,None,None,None,85.0,67.7,20.7,47.4,0
LD04,Material Loading,CAT-950M,Windy,Intermediate,4,Power,1717,Medium,0,105.3,None,None,80% Gravel,None,None,None,85.0,40.2,25.5,41.1,0
T001,Earth Excavation,CAT-320,Cloudy,Expert,5,Eco,1673,Fine,0,94.0,Boom Power,None,None,None,None,None,85.0,104.0,14.9,27.6,0
LD04,Material Loading,CAT-950M,Sunny,Expert,2,Smart,1877,Quick,1,86.9,None,None,80% Gravel,None,None,None,85.0,34.1,22.0,15.9,0
GR03,Grading,CAT-140,Rainy,Intermediate,6,Power,1803,Quick,1,90.0,None,None,None,Deep Cut 45°,2nd Gear,None,85.0,82.2,27.0,42.5,0
T002,Trenching,CAT-420,Windy,Beginner,4,Eco,2077,Medium,1,60.0,None,Standard,None,None,None,None,85.0,69.6,11.4,32.5,0
EX03,Earth Excavation,CAT-320,Cloudy,Expert,6,Smart,1334,Fine,1,89.7,Balanced,None,None,None,None,None,85.0,75.3,12.5,30.2,0
TR04,Trenching,CAT-420,Rainy,Intermediate,6,Power,1312,Quick,0,54.0,None,Standard,None,None,None,None,85.0,93.4,9.2,63.1,0
GR04,Grading,CAT-140,Cloudy,Intermediate,7,Smart,1267,Fine,1,90.0,None,None,None,Spread 25°,2nd Gear,None,85.0,77.5,12.9,33.8,0
T001,Earth Excavation,CAT-320,Sunny,Expert,2,Smart,1849,Medium,1,99.7,Boom Power,None,None,None,None,None,85.0,62.7,19.9,15.2,0
TR02,Trenching,CAT-420,Sunny,Expert,2,Power,1828,Fine,0,59.5,None,Locked Down,None,None,None,None,85.0,40.5,13.7,33.0,0
GR03,Grading,CAT-140,Rainy,Intermediate,6,Eco,1386,Medium,0,90.0,None,None,None,Normal 35°,2nd Gear,None,85.0,98.1,11.8,32.0,0
T004,Grading,CAT-140,Sunny,Expert,5,Power,1666,Fine,0,90.0,None,None,None,Deep Cut 45°,3rd Gear,None,85.0,61.7,23.4,61.4,0
EX02,Earth Excavation,CAT-320,Sunny,Intermediate,4,Power,1915,Fine,0,64.9,Boom Power,None,None,None,None,None,85.0,102.3,27.2,46.2,0
LD05,Material Loading,CAT-950M,Sunny,Expert,1,Eco,1322,Quick,1,58.2,None,None,60% Mud,None,None,None,85.0,37.2,10.8,7.1,0
DM03,Demolition,CAT-349,Cloudy,Expert,1,Smart,1635,Quick,1,90.0,None,None,None,None,None,High Flow,95.6,125.3,33.0,35.3,0
TR03,Trenching,CAT-420,Cloudy,Intermediate,5,Eco,1619,Quick,1,83.7,None,Locked Down,None,None,None,None,85.0,87.9,7.8,22.4,0
EX03,Earth Excavation,CAT-320,Rainy,Intermediate,3,Smart,1702,Quick,0,106.1,Boom Power,None,None,None,None,None,85.0,68.7,17.3,35.4,0
LD04,Material Loading,CAT-950M,Windy,Intermediate,4,Smart,1442,Medium,0,72.6,None,None,80% Gravel,None,None,None,85.0,47.7,14.5,28.8,0
GR05,Grading,CAT-140,Cloudy,Expert,7,Smart,1342,Medium,1,90.0,None,None,None,Normal 35°,3rd Gear,None,85.0,38.3,13.9,35.9,0
T001,Earth Excavation,CAT-320,Sunny,Expert,2,Eco,1917,Medium,1,58.2,Boom Power,None,None,None,None,None,85.0,83.1,17.1,13.0,0
T001,Earth Excavation,CAT-320,Sunny,Expert,2,Eco,1839,Medium,1,52.2,Boom Power,None,None,None,None,None,85.0,84.1,16.1,8.3,0
GR02,Grading,CAT-140,Cloudy,Intermediate,4,Power,1339,Fine,1,90.0,None,None,None,Spread 25°,2nd Gear,None,85.0,59.0,17.1,34.9,0
DM05,Demolition,CAT-349,Sunny,Beginner,2,Power,2041,Quick,1,90.0,None,None,None,None,None,High Flow,81.8,102.5,60.8,51.2,0
GR03,Grading,CAT-140,Sunny,Expert,1,Smart,1757,Quick,1,90.0,None,None,None,Normal 35°,2nd Gear,None,85.0,72.4,19.0,13.3,0
TR04,Trenching,CAT-420,Rainy,Intermediate,6,Power,1523,Medium,1,76.5,None,Standard,None,None,None,None,85.0,65.6,11.3,54.0,0
TR03,Trenching,CAT-420,Cloudy,Intermediate,4,Smart,1255,Quick,1,50.1,None,Locked Down,None,None,None,None,85.0,86.5,6.4,22.8,0
TR03,Trenching,CAT-420,Cloudy,Intermediate,5,Smart,2161,Medium,0,73.5,None,Locked Down,None,None,None,None,85.0,82.9,14.5,54.9,0
GR02,Grading,CAT-140,Sunny,Expert,2,Smart,1688,Quick,1,90.0,None,None,None,Spread 25°,2nd Gear,None,85.0,60.2,18.0,15.7,0
LD04,Material Loading,CAT-950M,Windy,Intermediate,4,Eco,1581,Quick,0,60.4,None,None,80% Gravel,None,None,None,85.0,48.0,13.8,25.2,0
DM02,Demolition,CAT-349,Sunny,Expert,4,Eco,2126,Quick,0,90.0,None,None,None,None,None,Medium Flow,79.0,115.6,42.0,53.2,0
T003,Material Loading,CAT-950M,Cloudy,Beginner,3,Eco,1983,Medium,1,84.3,None,None,60% Mud,None,None,None,85.0,50.2,19.8,21.2,0
GR04,Grading,CAT-140,Cloudy,Intermediate,7,Eco,1954,Fine,1,90.0,None,None,None,Spread 25°,1st Gear,None,85.0,95.1,19.5,35.2,0
EX04,Earth Excavation,CAT-320,Cloudy,Beginner,1,Power,1528,Quick,1,102.6,Boom Power,None,None,None,None,None,85.0,42.4,18.8,33.2,0
EX04,Earth Excavation,CAT-320,Cloudy,Beginner,1,Eco,1699,Medium,0,78.1,Swing Priority,None,None,None,None,None,85.0,51.9,13.8,12.2,0
EX03,Earth Excavation,CAT-320,Rainy,Intermediate,3,Power,1967,Medium,1,81.2,Balanced,None,None,None,None,None,85.0,51.5,27.3,39.3,0
EX05,Earth Excavation,CAT-320,Windy,Expert,6,Power,1342,Fine,1,85.1,Swing Priority,None,None,None,None,None,85.0,116.2,16.9,43.2,0
T003,Material Loading,CAT-950M,Cloudy,Expert,2,Eco,2005,Fine,1,72.3,None,None,80% Gravel,None,None,None,85.0,53.5,19.6,22.0,0
LD05,Material Loading,CAT-950M,Windy,Intermediate,7,Smart,1464,Quick,0,95.3,None,None,60% Mud,None,None,None,85.0,45.3,16.4,42.1,0
DM04,Demolition,CAT-349,Sunny,Beginner,3,Power,1739,Quick,0,90.0,None,None,None,None,None,High Flow,69.0,89.4,47.9,48.8,0
LD05,Material Loading,CAT-950M,Sunny,Expert,1,Smart,1926,Fine,1,89.6,None,None,100% Max,None,None,None,85.0,30.3,22.2,18.2,0
TR04,Trenching,CAT-420,Sunny,Intermediate,4,Smart,2178,Medium,0,70.6,None,Locked Down,None,None,None,None,85.0,84.9,14.2,55.8,0
GR02,Grading,CAT-140,Sunny,Expert,2,Smart,1850,Medium,0,90.0,None,None,None,Normal 35°,1st Gear,None,85.0,56.2,21.1,23.3,0
EX05,Earth Excavation,CAT-320,Windy,Expert,6,Power,1642,Quick,0,108.1,Boom Power,None,None,None,None,None,85.0,101.2,22.7,58.8,0
TR04,Trenching,CAT-420,Rainy,Intermediate,6,Power,1255,Medium,0,77.9,None,Standard,None,None,None,None,85.0,82.3,8.2,63.5,0
T002,Trenching,CAT-420,Rainy,Intermediate,4,Smart,1626,Medium,1,101.7,None,Soft Ground,None,None,None,None,85.0,54.3,9.1,24.1,0
TR05,Trenching,CAT-420,Cloudy,Beginner,2,Power,1831,Medium,0,94.0,None,Soft Ground,None,None,None,None,85.0,46.4,14.2,34.8,0
GR03,Grading,CAT-140,Rainy,Expert,1,Eco,1626,Quick,1,90.0,None,None,None,Spread 25°,1st Gear,None,85.0,75.4,13.5,7.1,0
T004,Grading,CAT-140,Sunny,Beginner,6,Smart,1245,Quick,1,90.0,None,None,None,Normal 35°,3rd Gear,None,85.0,62.0,12.1,45.0,0
EX05,Earth Excavation,CAT-320,Cloudy,Expert,2,Power,1426,Fine,1,90.4,Balanced,None,None,None,None,None,85.0,102.7,16.7,26.2,0
T004,Grading,CAT-140,Sunny,Expert,5,Eco,1907,Medium,1,90.0,None,None,None,Spread 25°,2nd Gear,None,85.0,41.0,18.7,23.7,0
EX03,Earth Excavation,CAT-320,Rainy,Intermediate,2,Eco,1879,Quick,0,87.0,Balanced,None,None,None,None,None,85.0,58.4,16.0,18.8,0
T005,Demolition,CAT-349,Sunny,Beginner,6,Smart,2198,Fine,1,90.0,None,None,None,None,None,High Flow,65.1,115.5,55.7,53.7,0
T003,Material Loading,CAT-950M,Cloudy,Beginner,3,Power,1884,Quick,1,87.5,None,None,100% Max,None,None,None,85.0,41.8,28.2,33.6,0
EX02,Earth Excavation,CAT-320,Sunny,Beginner,4,Power,1228,Medium,1,60.1,Swing Priority,None,None,None,None,None,85.0,101.9,13.8,35.7,0
DM02,Demolition,CAT-349,Sunny,Expert,4,Smart,1760,Fine,1,90.0,None,None,None,None,None,Low Flow,68.3,98.7,39.1,23.0,0
DM04,Demolition,CAT-349,Rainy,Intermediate,5,Eco,1322,Fine,1,90.0,None,None,None,None,None,Low Flow,96.8,129.7,20.7,45.5,0
GR02,Grading,CAT-140,Rainy,Intermediate,1,Eco,1288,Medium,1,90.0,None,None,None,Spread 25°,3rd Gear,None,85.0,77.5,9.8,23.4,0
T002,Trenching,CAT-420,Rainy,Intermediate,4,Power,1566,Medium,1,52.4,None,Locked Down,None,None,None,None,85.0,61.3,11.2,49.6,0
GR04,Grading,CAT-140,Cloudy,Intermediate,7,Smart,1208,Medium,1,90.0,None,None,None,Spread 25°,2nd Gear,None,85.0,79.6,11.5,35.1,0
TR03,Trenching,CAT-420,Windy,Expert,8,Smart,1381,Quick,0,102.7,None,Standard,None,None,None,None,85.0,116.0,8.0,44.5,0
TR05,Trenching,CAT-420,Sunny,Beginner,3,Eco,1740,Medium,1,72.8,None,Standard,None,None,None,None,85.0,47.6,8.4,14.1,0
T003,Material Loading,CAT-950M,Cloudy,Beginner,3,Smart,1302,Fine,0,52.4,None,None,80% Gravel,None,None,None,85.0,64.8,12.8,25.9,0
DM02,Demolition,CAT-349,Sunny,Expert,4,Power,1529,Medium,1,90.0,None,None,None,None,None,Medium Flow,75.7,100.1,39.6,45.5,0
T004,Grading,CAT-140,Sunny,Expert,5,Power,1555,Fine,0,90.0,None,None,None,Normal 35°,3rd Gear,None,85.0,56.3,21.8,62.0,0
TR02,Trenching,CAT-420,Windy,Expert,1,Smart,1627,Medium,1,85.3,None,Standard,None,None,None,None,85.0,39.3,8.7,12.8,0
LD03,Material Loading,CAT-950M,Windy,Intermediate,7,Eco,2085,Medium,1,81.1,None,None,60% Mud,None,None,None,85.0,48.5,22.6,45.6,0
T003,Material Loading,CAT-950M,Cloudy,Beginner,3,Eco,2099,Medium,1,84.8,None,None,60% Mud,None,None,None,85.0,50.5,21.4,31.1,0
GR04,Grading,CAT-140,Rainy,Expert,2,Power,1837,Medium,0,90.0,None,None,None,Deep Cut 45°,1st Gear,None,85.0,100.9,26.2,34.3,0
DM04,Demolition,CAT-349,Rainy,Intermediate,5,Smart,2176,Fine,1,90.0,None,None,None,None,None,Medium Flow,77.7,84.5,54.7,51.4,0
LD02,Material Loading,CAT-950M,Sunny,Expert,1,Eco,1839,Medium,1,74.2,None,None,60% Mud,None,None,None,85.0,29.3,17.1,6.8,0
GR03,Grading,CAT-140,Rainy,Intermediate,6,Power,1635,Fine,0,90.0,None,None,None,Spread 25°,2nd Gear,None,85.0,81.6,23.7,49.6,0
T003,Material Loading,CAT-950M,Cloudy,Beginner,3,Power,1971,Quick,0,106.7,None,None,60% Mud,None,None,None,85.0,47.9,30.5,46.7,0
EX02,Earth Excavation,CAT-320,Sunny,Intermediate,7,Eco,1587,Fine,0,92.1,Swing Priority,None,None,None,None,None,85.0,129.3,13.7,33.5,0
TR03,Trenching,CAT-420,Cloudy,Intermediate,5,Power,1392,Fine,0,69.6,None,Locked Down,None,None,None,None,85.0,79.0,9.4,43.1,0
EX04,Earth Excavation,CAT-320,Windy,Beginner,7,Power,1363,Medium,1,68.1,Swing Priority,None,None,None,None,None,85.0,60.6,16.9,46.6,0
EX03,Earth Excavation,CAT-320,Rainy,Intermediate,3,Power,1509,Quick,1,104.5,Swing Priority,None,None,None,None,None,85.0,61.5,18.9,37.7,0
DM04,Demolition,CAT-349,Rainy,Expert,2,Power,1382,Medium,0,90.0,None,None,None,None,None,High Flow,80.3,101.4,34.3,45.6,0
TR05,Trenching,CAT-420,Windy,Intermediate,1,Smart,2158,Medium,0,61.3,None,Standard,None,None,None,None,85.0,54.3,13.6,42.2,0
T005,Demolition,CAT-349,Windy,Intermediate,6,Smart,1359,Medium,1,90.0,None,None,None,None,None,Low Flow,84.3,136.6,26.8,38.9,0
LD04,Material Loading,CAT-950M,Windy,Intermediate,4,Smart,1834,Medium,1,60.9,None,None,100% Max,None,None,None,85.0,39.2,21.5,25.1,0
GR02,Grading,CAT-140,Sunny,Expert,2,Eco,1723,Medium,1,90.0,None,None,None,Normal 35°,3rd Gear,None,85.0,60.7,14.9,26.1,0
DM03,Demolition,CAT-349,Windy,Intermediate,7,Eco,1849,Quick,1,90.0,None,None,None,None,None,Medium Flow,90.1,138.3,35.4,28.5,0
DM05,Demolition,CAT-349,Windy,Expert,8,Smart,1340,Medium,1,90.0,None,None,None,None,None,High Flow,65.1,144.8,27.1,47.1,0
TR05,Trenching,CAT-420,Sunny,Beginner,3,Power,1793,Fine,0,79.9,None,Soft Ground,None,None,None,None,85.0,46.1,13.5,37.7,0
TR02,Trenching,CAT-420,Windy,Beginner,4,Eco,1251,Medium,1,71.8,None,Standard,None,None,None,None,85.0,42.9,4.8,17.4,0
GR02,Grading,CAT-140,Rainy,Intermediate,1,Smart,1547,Medium,0,90.0,None,None,None,Normal 35°,1st Gear,None,85.0,58.2,16.1,19.1,0
EX02,Earth Excavation,CAT-320,Sunny,Intermediate,4,Power,1375,Quick,1,94.1,Swing Priority,None,None,None,None,None,85.0,82.6,17.1,34.7,0
TR04,Trenching,CAT-420,Rainy,Intermediate,6,Power,1293,Medium,1,52.5,None,Standard,None,None,None,None,85.0,70.9,8.7,55.9,0
T005,Demolition,CAT-349,Windy,Intermediate,6,Smart,1753,Quick,1,90.0,None,None,None,None,None,High Flow,94.7,104.4,40.1,55.5,0
DM04,Demolition,CAT-349,Sunny,Intermediate,2,Power,1802,Fine,0,90.0,None,None,None,None,None,Low Flow,94.7,99.3,50.0,55.6,0
T002,Trenching,CAT-420,Rainy,Intermediate,4,Eco,1545,Fine,0,60.2,None,Soft Ground,None,None,None,None,85.0,61.5,7.0,25.5,0
EX02,Earth Excavation,CAT-320,Windy,Expert,3,Power,1603,Medium,0,105.0,Boom Power,None,None,None,None,None,85.0,94.0,21.0,47.0,0
LD04,Material Loading,CAT-950M,Windy,Intermediate,4,Smart,1418,Fine,1,101.3,None,None,80% Gravel,None,None,None,85.0,44.6,15.0,23.0,0
DM04,Demolition,CAT-349,Cloudy,Expert,6,Smart,1582,Quick,1,90.0,None,None,None,None,None,Low Flow,88.3,91.5,34.0,41.2,0
TR05,Trenching,CAT-420,Sunny,Beginner,3,Eco,1626,Quick,1,104.0,None,Standard,None,None,None,None,85.0,53.1,7.6,11.7,0
GR02,Grading,CAT-140,Sunny,Expert,2,Smart,1529,Medium,0,90.0,None,None,None,Normal 35°,3rd Gear,None,85.0,70.1,15.6,39.4,0
DM04,Demolition,CAT-349,Rainy,Expert,3,Power,1543,Medium,0,90.0,None,None,None,None,None,Medium Flow,66.6,88.2,40.1,39.8,0
T002,Trenching,CAT-420,Rainy,Intermediate,4,Eco,1874,Fine,0,68.5,None,Soft Ground,None,None,None,None,85.0,64.2,9.5,24.3,0
TR02,Trenching,CAT-420,Sunny,Expert,2,Power,1683,Medium,0,90.1,None,Soft Ground,None,None,None,None,85.0,39.8,12.0,33.9,0
GR05,Grading,CAT-140,Windy,Beginner,3,Eco,1412,Fine,0,90.0,None,None,None,Deep Cut 45°,1st Gear,None,85.0,39.6,11.5,19.6,0
LD02,Material Loading,CAT-950M,Sunny,Expert,2,Eco,1329,Medium,0,61.2,None,None,80% Gravel,None,None,None,85.0,39.3,11.1,18.5,0
GR04,Grading,CAT-140,Cloudy,Intermediate,7,Power,1664,Quick,1,90.0,None,None,None,Spread 25°,1st Gear,None,85.0,98.4,24.4,45.7,0
GR04,Grading,CAT-140,Cloudy,Intermediate,7,Power,1461,Fine,0,90.0,None,None,None,Normal 35°,3rd Gear,None,85.0,91.1,19.8,51.3,0
EX04,Earth Excavation,CAT-320,Cloudy,Beginner,1,Power,1631,Quick,1,91.5,Balanced,None,None,None,None,None,85.0,41.1,20.9,24.2,0
T003,Material Loading,CAT-950M,Cloudy,Beginner,3,Power,1917,Quick,0,53.9,None,None,100% Max,None,None,None,85.0,46.5,29.6,44.1,0
GR05,Grading,CAT-140,Windy,Beginner,3,Smart,1903,Fine,0,90.0,None,None,None,Spread 25°,1st Gear,None,85.0,40.6,21.7,29.5,0
EX03,Earth Excavation,CAT-320,Rainy,Beginner,3,Smart,1387,Fine,0,82.0,Swing Priority,None,None,None,None,None,85.0,84.8,12.7,25.5,0
EX05,Earth Excavation,CAT-320,Windy,Expert,6,Smart,1274,Medium,1,81.0,Balanced,None,None,None,None,None,85.0,108.6,12.0,28.2,0
TR05,Trenching,CAT-420,Sunny,Beginner,3,Eco,2035,Fine,1,83.9,None,Standard,None,None,None,None,85.0,50.4,11.2,24.7,0
DM05,Demolition,CAT-349,Windy,Expert,8,Smart,1713,Medium,0,90.0,None,None,None,None,None,High Flow,71.5,146.7,39.5,56.7,0
T003,Material Loading,CAT-950M,Cloudy,Beginner,3,Power,1382,Fine,1,61.9,None,None,100% Max,None,None,None,85.0,55.4,18.0,33.7,0
TR04,Trenching,CAT-420,Windy,Intermediate,8,Power,1539,Medium,1,81.4,None,Locked Down,None,None,None,None,85.0,69.0,12.2,48.2,0
LD04,Material Loading,CAT-950M,Windy,Intermediate,4,Eco,1340,Fine,1,79.6,None,None,80% Gravel,None,None,None,85.0,52.2,10.8,17.1,0
DM05,Demolition,CAT-349,Windy,Expert,8,Power,2076,Medium,0,90.0,None,None,None,None,None,High Flow,79.6,134.3,67.4,83.1,0
TR02,Trenching,CAT-420,Sunny,Expert,2,Eco,1510,Quick,1,71.6,None,Soft Ground,None,None,None,None,85.0,42.2,6.5,9.9,0
LD05,Material Loading,CAT-950M,Sunny,Expert,1,Eco,1843,Fine,1,83.9,None,None,80% Gravel,None,None,None,85.0,36.5,17.7,5.0,0
EX04,Earth Excavation,CAT-320,Cloudy,Expert,1,Smart,1358,Fine,1,75.8,Boom Power,None,None,None,None,None,85.0,53.1,12.3,13.2,0
T004,Grading,CAT-140,Sunny,Expert,5,Power,1715,Quick,0,90.0,None,None,None,Deep Cut 45°,1st Gear,None,85.0,58.1,24.8,46.4,0
GR04,Grading,CAT-140,Windy,Intermediate,8,Eco,1405,Medium,1,90.0,None,None,None,Deep Cut 45°,3rd Gear,None,85.0,99.9,11.9,29.2,0
EX04,Earth Excavation,CAT-320,Cloudy,Beginner,1,Eco,1696,Quick,1,59.9,Swing Priority,None,None,None,None,None,85.0,50.1,14.1,7.0,0
DM03,Demolition,CAT-349,Rainy,Intermediate,2,Eco,1728,Fine,1,90.0,None,None,None,None,None,High Flow,94.8,161.6,30.7,31.6,0
EX02,Earth Excavation,CAT-320,Sunny,Intermediate,4,Power,1975,Medium,1,88.1,Swing Priority,None,None,None,None,None,85.0,72.1,28.6,44.3,0
T005,Demolition,CAT-349,Windy,Intermediate,6,Eco,1444,Medium,1,90.0,None,None,None,None,None,Medium Flow,90.7,150.3,23.7,35.1,0
DM03,Demolition,CAT-349,Windy,Intermediate,7,Power,1466,Quick,1,90.0,None,None,None,None,None,High Flow,86.9,144.2,39.0,54.6,0
T001,Earth Excavation,CAT-320,Windy,Expert,7,Power,1911,Fine,0,53.3,Boom Power,None,None,None,None,None,85.0,104.3,28.0,56.2,0
EX05,Earth Excavation,CAT-320,Sunny,Intermediate,3,Eco,1205,Medium,1,109.3,Boom Power,None,None,None,None,None,85.0,116.8,8.2,23.2,0
GR02,Grading,CAT-140,Sunny,Expert,2,Power,1576,Quick,1,90.0,None,None,None,Spread 25°,2nd Gear,None,85.0,61.8,20.7,29.0,0
TR04,Trenching,CAT-420,Rainy,Intermediate,6,Eco,1384,Medium,1,96.2,None,Locked Down,None,None,None,None,85.0,73.1,6.1,37.6,0
EX03,Earth Excavation,CAT-320,Rainy,Intermediate,3,Smart,1229,Fine,0,58.4,Swing Priority,None,None,None,None,None,85.0,102.4,11.1,26.9,0
T002,Trenching,CAT-420,Rainy,Expert,6,Power,2133,Fine,1,62.1,None,Soft Ground,None,None,None,None,85.0,60.3,18.6,63.8,0
TR02,Trenching,CAT-420,Sunny,Expert,2,Smart,2069,Fine,1,93.8,None,Soft Ground,None,None,None,None,85.0,42.0,12.8,31.0,0
TR05,Trenching,CAT-420,Rainy,Intermediate,3,Eco,1307,Medium,1,101.4,None,Soft Ground,None,None,None,None,85.0,60.3,5.5,11.3,0
TR04,Trenching,CAT-420,Rainy,Intermediate,6,Smart,1591,Medium,0,102.8,None,Soft Ground,None,None,None,None,85.0,71.9,9.1,36.8,0
TR04,Trenching,CAT-420,Rainy,Intermediate,5,Power,1578,Medium,0,91.1,None,Standard,None,None,None,None,85.0,75.2,11.6,59.9,0
LD02,Material Loading,CAT-950M,Sunny,Expert,2,Smart,1481,Quick,1,103.3,None,None,100% Max,None,None,None,85.0,27.7,14.9,15.5,0
DM02,Demolition,CAT-349,Sunny,Beginner,7,Power,2006,Quick,0,90.0,None,None,None,None,None,High Flow,85.9,105.6,63.3,73.6,0
LD04,Material Loading,CAT-950M,Windy,Intermediate,4,Power,1315,Medium,0,56.7,None,None,100% Max,None,None,None,85.0,50.0,16.8,43.1,0
GR02,Grading,CAT-140,Sunny,Expert,2,Power,1623,Medium,0,90.0,None,None,None,Spread 25°,2nd Gear,None,85.0,63.9,21.8,35.7,0
TR02,Trenching,CAT-420,Sunny,Expert,2,Eco,1642,Fine,1,58.5,None,Locked Down,None,None,None,None,85.0,34.6,7.7,9.6,0
T002,Trenching,CAT-420,Rainy,Intermediate,4,Smart,1226,Quick,0,55.1,None,Locked Down,None,None,None,None,85.0,92.4,5.9,46.2,0
LD03,Material Loading,CAT-950M,Rainy,Intermediate,5,Eco,1991,Medium,1,91.7,None,None,100% Max,None,None,None,85.0,51.2,22.9,48.9,0
LD02,Material Loading,CAT-950M,Sunny,Intermediate,3,Smart,1846,Medium,0,64.2,None,None,60% Mud,None,None,None,85.0,30.5,22.2,26.3,0
T002,Trenching,CAT-420,Cloudy,Intermediate,3,Power,1367,Fine,1,64.6,None,Standard,None,None,None,None,85.0,57.9,8.9,32.3,0
GR05,Grading,CAT-140,Windy,Beginner,3,Power,1275,Quick,1,90.0,None,None,None,Normal 35°,2nd Gear,None,85.0,46.8,16.0,30.4,0
TR03,Trenching,CAT-420,Cloudy,Intermediate,5,Smart,1425,Quick,0,86.1,None,Locked Down,None,None,None,None,85.0,95.7,7.9,34.6,0
LD03,Material Loading,CAT-950M,Rainy,Intermediate,5,Eco,1695,Quick,0,106.7,None,None,80% Gravel,None,None,None,85.0,52.5,16.4,28.6,0
DM05,Demolition,CAT-349,Windy,Expert,8,Power,1341,Medium,1,90.0,None,None,None,None,None,Low Flow,84.2,140.3,34.9,58.0,0
GR02,Grading,CAT-140,Sunny,Expert,2,Smart,1529,Quick,1,90.0,None,None,None,Deep Cut 45°,1st Gear,None,85.0,54.8,15.6,15.6,0
GR04,Grading,CAT-140,Rainy,Beginner,6,Eco,1885,Medium,1,90.0,None,None,None,Spread 25°,2nd Gear,None,85.0,95.7,18.7,25.9,0
LD05,Material Loading,CAT-950M,Sunny,Expert,1,Smart,1738,Fine,1,55.0,None,None,60% Mud,None,None,None,85.0,33.6,19.3,13.4,0
T002,Trenching,CAT-420,Rainy,Intermediate,4,Eco,1593,Fine,0,66.7,None,Soft Ground,None,None,None,None,85.0,59.4,7.3,25.5,0
LD04,Material Loading,CAT-950M,Windy,Intermediate,4,Eco,1967,Fine,1,68.3,None,None,80% Gravel,None,None,None,85.0,45.2,20.2,25.5,0
T001,Earth Excavation,CAT-320,Sunny,Expert,2,Smart,1242,Fine,1,103.3,Boom Power,None,None,None,None,None,85.0,90.3,10.6,25.7,0
LD03,Material Loading,CAT-950M,Rainy,Intermediate,5,Smart,1987,Quick,0,56.1,None,None,80% Gravel,None,None,None,85.0,54.7,25.2,41.0,0
DM03,Demolition,CAT-349,Windy,Intermediate,7,Eco,2030,Medium,0,90.0,None,None,None,None,None,Low Flow,72.6,183.6,41.4,58.4,0
LD03,Material Loading,CAT-950M,Cloudy,Expert,7,Smart,1372,Quick,0,80.9,None,None,80% Gravel,None,None,None,85.0,62.5,14.7,39.8,0
DM02,Demolition,CAT-349,Sunny,Expert,4,Eco,1840,Fine,0,90.0,None,None,None,None,None,Medium Flow,84.5,138.9,33.4,33.7,0
GR02,Grading,CAT-140,Windy,Expert,2,Eco,1962,Fine,1,90.0,None,None,None,Spread 25°,1st Gear,None,85.0,53.1,18.7,18.3,0
TR05,Trenching,CAT-420,Sunny,Beginner,3,Smart,1229,Medium,1,101.3,None,Standard,None,None,None,None,85.0,48.5,6.6,18.7,0
EX05,Earth Excavation,CAT-320,Windy,Expert,6,Smart,1585,Quick,1,108.1,Swing Priority,None,None,None,None,None,85.0,100.7,16.3,38.5,0
TR04,Trenching,CAT-420,Windy,Beginner,3,Smart,1333,Quick,1,61.2,None,Soft Ground,None,None,None,None,85.0,75.9,7.1,18.6,0
LD05,Material Loading,CAT-950M,Cloudy,Expert,2,Smart,1637,Fine,0,105.2,None,None,60% Mud,None,None,None,85.0,39.3,17.9,24.2,0
GR04,Grading,CAT-140,Cloudy,Intermediate,7,Power,1528,Medium,0,90.0,None,None,None,Deep Cut 45°,3rd Gear,None,85.0,93.8,21.6,51.9,0
LD03,Material Loading,CAT-950M,Rainy,Intermediate,5,Eco,1677,Medium,1,79.5,None,None,100% Max,None,None,None,85.0,52.4,18.2,37.3,0
T005,Demolition,CAT-349,Windy,Intermediate,6,Smart,1505,Quick,0,90.0,None,None,None,None,None,Medium Flow,79.8,146.2,31.7,46.0,0
DM03,Demolition,CAT-349,Windy,Intermediate,7,Power,1740,Medium,0,90.0,None,None,None,None,None,Low Flow,91.1,159.6,50.8,61.4,0
LD04,Material Loading,CAT-950M,Windy,Intermediate,4,Smart,1314,Quick,0,52.0,None,None,60% Mud,None,None,None,85.0,47.8,13.2,30.4,0
T003,Material Loading,CAT-950M,Cloudy,Expert,4,Power,1663,Quick,1,74.5,None,None,80% Gravel,None,None,None,85.0,43.2,24.0,35.0,0
EX02,Earth Excavation,CAT-320,Sunny,Intermediate,4,Eco,1914,Fine,1,109.9,Balanced,None,None,None,None,None,85.0,102.9,17.4,30.2,0
LD02,Material Loading,CAT-950M,Sunny,Expert,2,Power,1829,Quick,0,100.9,None,None,80% Gravel,None,None,None,85.0,26.9,27.0,36.9,0
T003,Material Loading,CAT-950M,Cloudy,Beginner,3,Eco,1790,Quick,0,91.3,None,None,80% Gravel,None,None,None,85.0,52.3,17.5,21.5,0
LD02,Material Loading,CAT-950M,Sunny,Expert,2,Smart,1815,Medium,0,86.8,None,None,60% Mud,None,None,None,85.0,31.2,21.2,24.6,0
GR05,Grading,CAT-140,Windy,Beginner,3,Power,1615,Fine,1,90.0,None,None,None,Normal 35°,1st Gear,None,85.0,36.6,22.7,34.0,0
T002,Trenching,CAT-420,Rainy,Intermediate,4,Eco,2172,Fine,1,69.9,None,Locked Down,None,None,None,None,85.0,70.1,11.4,54.1,0
T004,Grading,CAT-140,Sunny,Expert,5,Smart,1256,Medium,1,90.0,None,None,None,Deep Cut 45°,3rd Gear,None,85.0,55.5,12.5,44.4,0
TR03,Trenching,CAT-420,Windy,Beginner,1,Smart,1671,Medium,0,98.2,None,Locked Down,None,None,None,None,85.0,73.9,8.8,19.0,0
DM04,Demolition,CAT-349,Rainy,Intermediate,5,Eco,2106,Medium,1,90.0,None,None,None,None,None,High Flow,95.2,93.9,42.0,60.8,0
EX03,Earth Excavation,CAT-320,Rainy,Intermediate,3,Power,1498,Quick,0,103.3,Balanced,None,None,None,None,None,85.0,65.7,18.1,45.9,0
T001,Earth Excavation,CAT-320,Sunny,Expert,2,Power,1952,Medium,1,101.0,Boom Power,None,None,None,None,None,85.0,60.8,27.7,34.8,0
EX03,Earth Excavation,CAT-320,Windy,Beginner,2,Power,1658,Medium,1,109.0,Boom Power,None,None,None,None,None,85.0,62.5,21.7,35.2,0
GR02,Grading,CAT-140,Sunny,Expert,2,Eco,1592,Quick,1,90.0,None,None,None,Normal 35°,3rd Gear,None,85.0,67.4,13.3,24.8,0
T004,Grading,CAT-140,Sunny,Expert,5,Smart,1303,Medium,1,90.0,None,None,None,Spread 25°,2nd Gear,None,85.0,40.3,13.0,26.7,0
GR02,Grading,CAT-140,Sunny,Expert,2,Power,1793,Medium,1,90.0,None,None,None,Deep Cut 45°,2nd Gear,None,85.0,55.5,25.5,28.2,0
TR04,Trenching,CAT-420,Rainy,Intermediate,6,Eco,1446,Fine,1,103.7,None,Locked Down,None,None,None,None,85.0,67.9,6.5,39.6,0
EX05,Earth Excavation,CAT-320,Windy,Expert,6,Smart,1321,Quick,1,97.1,Boom Power,None,None,None,None,None,85.0,98.0,12.6,30.3,0
T003,Material Loading,CAT-950M,Cloudy,Beginner,3,Eco,1929,Fine,1,68.9,None,None,60% Mud,None,None,None,85.0,55.3,19.0,18.3,0
EX03,Earth Excavation,CAT-320,Rainy,Intermediate,3,Power,1798,Quick,1,63.3,Balanced,None,None,None,None,None,85.0,58.3,24.7,30.7,0
GR04,Grading,CAT-140,Cloudy,Intermediate,7,Power,1454,Medium,1,90.0,None,None,None,Normal 35°,3rd Gear,None,85.0,79.1,19.7,46.2,0
T001,Earth Excavation,CAT-320,Sunny,Expert,2,Smart,1927,Medium,1,99.7,Swing Priority,None,None,None,None,None,85.0,63.2,21.0,23.2,0
LD05,Material Loading,CAT-950M,Windy,Expert,4,Power,1375,Fine,1,69.1,None,None,80% Gravel,None,None,None,85.0,41.9,17.9,35.8,0
LD03,Material Loading,CAT-950M,Rainy,Intermediate,5,Power,1363,Fine,1,66.6,None,None,100% Max,None,None,None,85.0,63.4,20.1,56.9,0
LD02,Material Loading,CAT-950M,Sunny,Expert,2,Power,1562,Quick,0,99.2,None,None,80% Gravel,None,None,None,85.0,29.0,21.3,33.4,0
DM05,Demolition,CAT-349,Windy,Expert,8,Power,1312,Medium,0,90.0,None,None,None,None,None,High Flow,81.9,160.8,34.2,66.2,0
GR04,Grading,CAT-140,Cloudy,Intermediate,7,Smart,1807,Quick,1,90.0,None,None,None,Spread 25°,2nd Gear,None,85.0,86.9,21.8,31.9,0
GR03,Grading,CAT-140,Rainy,Expert,7,Eco,1851,Medium,1,90.0,None,None,None,Spread 25°,1st Gear,None,85.0,79.0,18.6,29.3,0
LD03,Material Loading,CAT-950M,Rainy,Intermediate,5,Eco,1932,Quick,0,91.8,None,None,60% Mud,None,None,None,85.0,48.6,19.2,32.5,0
DM05,Demolition,CAT-349,Windy,Intermediate,7,Eco,1536,Medium,1,90.0,None,None,None,None,None,Medium Flow,72.8,135.8,27.1,28.5,0
T003,Material Loading,CAT-950M,Sunny,Expert,6,Power,1500,Quick,0,65.2,None,None,80% Gravel,None,None,None,85.0,53.9,21.7,49.8,0
T004,Grading,CAT-140,Cloudy,Beginner,8,Eco,1901,Medium,0,90.0,None,None,None,Deep Cut 45°,2nd Gear,None,85.0,49.9,19.4,43.5,0
DM05,Demolition,CAT-349,Windy,Expert,8,Eco,1414,Quick,1,90.0,None,None,None,None,None,Medium Flow,78.9,141.8,23.9,29.8,0
GR04,Grading,CAT-140,Cloudy,Intermediate,7,Smart,1298,Medium,0,90.0,None,None,None,Spread 25°,3rd Gear,None,85.0,94.4,13.1,38.7,0
TR03,Trenching,CAT-420,Cloudy,Intermediate,5,Power,1458,Quick,1,76.9,None,Locked Down,None,None,None,None,85.0,79.3,10.0,38.9,0
GR04,Grading,CAT-140,Sunny,Expert,6,Eco,1340,Fine,1,90.0,None,None,None,Normal 35°,3rd Gear,None,85.0,86.9,10.7,23.9,0
EX03,Earth Excavation,CAT-320,Sunny,Expert,7,Power,1259,Fine,1,52.1,Swing Priority,None,None,None,None,None,85.0,89.4,14.5,44.6,0
LD05,Material Loading,CAT-950M,Sunny,Expert,1,Eco,1409,Fine,1,91.3,None,None,100% Max,None,None,None,85.0,40.4,11.6,6.3,0
TR02,Trenching,CAT-420,Sunny,Expert,2,Smart,1937,Fine,1,57.0,None,Soft Ground,None,None,None,None,85.0,40.6,11.3,22.5,0
GR04,Grading,CAT-140,Cloudy,Intermediate,7,Eco,1328,Quick,1,90.0,None,None,None,Spread 25°,1st Gear,None,85.0,110.3,11.1,27.0,0
LD05,Material Loading,CAT-950M,Sunny,Expert,1,Eco,1724,Quick,1,58.8,None,None,60% Mud,None,None,None,85.0,34.5,15.7,5.2,0
TR03,Trenching,CAT-420,Cloudy,Intermediate,5,Eco,2185,Fine,1,55.3,None,Locked Down,None,None,None,None,85.0,84.8,11.9,42.1,0
DM02,Demolition,CAT-349,Sunny,Expert,4,Power,1578,Medium,1,90.0,None,None,None,None,None,Low Flow,75.4,89.1,42.3,34.6,0
LD04,Material Loading,CAT-950M,Sunny,Intermediate,1,Smart,1879,Quick,0,90.2,None,None,80% Gravel,None,None,None,85.0,37.4,22.0,20.7,0
DM04,Demolition,CAT-349,Cloudy,Expert,7,Power,2004,Quick,1,90.0,None,None,None,None,None,Medium Flow,75.8,74.4,63.1,57.2,0
EX04,Earth Excavation,CAT-320,Cloudy,Beginner,1,Smart,1521,Quick,1,54.0,Swing Priority,None,None,None,None,None,85.0,45.8,14.6,12.9,0
DM04,Demolition,CAT-349,Rainy,Intermediate,5,Smart,1737,Quick,0,90.0,None,None,None,None,None,Low Flow,81.3,97.4,38.5,43.8,0
T004,Grading,CAT-140,Sunny,Expert,5,Eco,1402,Medium,1,90.0,None,None,None,Spread 25°,2nd Gear,None,85.0,38.9,12.0,21.8,0
DM03,Demolition,CAT-349,Windy,Intermediate,7,Eco,2055,Medium,0,90.0,None,None,None,None,None,High Flow,75.2,184.0,41.8,60.4,0
LD05,Material Loading,CAT-950M,Sunny,Expert,1,Smart,1857,Quick,0,85.8,None,None,80% Gravel,None,None,None,85.0,31.9,21.2,20.5,0
GR05,Grading,CAT-140,Windy,Beginner,3,Eco,1870,Fine,1,90.0,None,None,None,Spread 25°,1st Gear,None,85.0,35.4,16.9,15.3,0
LD02,Material Loading,CAT-950M,Sunny,Expert,2,Power,2037,Medium,0,52.2,None,None,100% Max,None,None,None,85.0,26.4,32.0,49.8,0
T002,Trenching,CAT-420,Rainy,Intermediate,4,Smart,1673,Medium,1,91.1,None,Locked Down,None,None,None,None,85.0,63.5,9.9,38.0,0
TR05,Trenching,CAT-420,Sunny,Beginner,3,Power,2125,Fine,0,74.6,None,Standard,None,None,None,None,85.0,48.8,17.4,57.1,0
LD03,Material Loading,CAT-950M,Rainy,Intermediate,5,Eco,1331,Fine,1,52.2,None,None,100% Max,None,None,None,85.0,67.5,12.7,39.9,0
TR05,Trenching,CAT-420,Sunny,Beginner,3,Eco,1558,Medium,0,99.2,None,Locked Down,None,None,None,None,85.0,56.4,7.2,21.8,0
DM04,Demolition,CAT-349,Windy,Expert,8,Eco,1686,Medium,1,90.0,None,None,None,None,None,High Flow,95.2,116.2,31.3,66.6,0
GR02,Grading,CAT-140,Sunny,Expert,2,Smart,1274,Medium,1,90.0,None,None,None,Normal 35°,3rd Gear,None,85.0,66.8,11.8,33.3,0
T002,Trenching,CAT-420,Windy,Intermediate,3,Smart,2098,Fine,1,104.9,None,Soft Ground,None,None,None,None,85.0,62.5,13.4,38.0,0
T003,Material Loading,CAT-950M,Cloudy,Beginner,3,Eco,1621,Fine,0,88.8,None,None,100% Max,None,None,None,85.0,67.5,14.4,21.3,0
DM05,Demolition,CAT-349,Sunny,Intermediate,4,Smart,1331,Medium,1,90.0,None,None,None,None,None,High Flow,91.9,134.5,25.2,33.1,0
T001,Earth Excavation,CAT-320,Rainy,Intermediate,4,Power,1636,Fine,0,95.9,Swing Priority,None,None,None,None,None,85.0,96.4,21.7,42.5,0
T003,Material Loading,CAT-950M,Cloudy,Beginner,3,Smart,1565,Quick,1,50.6,None,None,100% Max,None,None,None,85.0,46.2,17.0,19.3,0
GR03,Grading,CAT-140,Sunny,Expert,8,Power,1874,Fine,0,90.0,None,None,None,Deep Cut 45°,1st Gear,None,85.0,77.6,29.4,57.6,0
DM03,Demolition,CAT-349,Rainy,Expert,4,Power,1308,Medium,0,90.0,None,None,None,None,None,High Flow,74.9,195.0,31.8,51.1,0
TR04,Trenching,CAT-420,Rainy,Intermediate,6,Eco,1389,Quick,0,69.9,None,Soft Ground,None,None,None,None,85.0,82.4,6.5,31.0,0
EX05,Earth Excavation,CAT-320,Windy,Expert,6,Eco,1519,Fine,0,95.0,Boom Power,None,None,None,None,None,85.0,139.6,12.7,33.6,0
DM05,Demolition,CAT-349,Windy,Expert,8,Smart,2011,Fine,1,90.0,None,None,None,None,None,Low Flow,97.1,143.3,49.7,89.9,0
T003,Material Loading,CAT-950M,Sunny,Intermediate,4,Eco,1964,Medium,0,104.7,None,None,60% Mud,None,None,None,85.0,59.5,20.1,31.5,0
EX04,Earth Excavation,CAT-320,Cloudy,Beginner,1,Eco,1412,Quick,1,62.5,Boom Power,None,None,None,None,None,85.0,58.9,10.9,5.1,0
T001,Earth Excavation,CAT-320,Sunny,Expert,2,Eco,1668,Quick,1,70.9,Boom Power,None,None,None,None,None,85.0,85.5,14.2,9.6,0
TR02,Trenching,CAT-420,Sunny,Expert,2,Power,2088,Quick,1,63.5,None,Soft Ground,None,None,None,None,85.0,47.0,17.0,44.6,0
TR04,Trenching,CAT-420,Cloudy,Expert,8,Eco,1723,Medium,1,57.4,None,Locked Down,None,None,None,None,85.0,68.4,8.6,31.2,0
TR05,Trenching,CAT-420,Cloudy,Expert,5,Eco,1389,Medium,0,68.6,None,Locked Down,None,None,None,None,85.0,62.2,6.6,28.6,0
GR02,Grading,CAT-140,Sunny,Expert,2,Smart,1378,Fine,1,90.0,None,None,None,Spread 25°,2nd Gear,None,85.0,54.7,13.5,17.4,0
T001,Earth Excavation,CAT-320,Sunny,Expert,2,Power,1858,Medium,1,74.4,Swing Priority,None,None,None,None,None,85.0,70.5,25.5,30.5,0
EX03,Earth Excavation,CAT-320,Cloudy,Intermediate,2,Smart,1904,Quick,1,107.8,Swing Priority,None,None,None,None,None,85.0,58.3,21.0,27.2,0
TR02,Trenching,CAT-420,Rainy,Intermediate,4,Power,1410,Medium,0,80.0,None,Locked Down,None,None,None,None,85.0,52.1,9.3,57.5,0
T004,Grading,CAT-140,Sunny,Expert,5,Smart,1296,Quick,0,90.0,None,None,None,Deep Cut 45°,1st Gear,None,85.0,58.4,13.0,31.3,0
T003,Material Loading,CAT-950M,Cloudy,Beginner,3,Smart,1449,Fine,1,98.0,None,None,100% Max,None,None,None,85.0,55.6,14.8,18.5,0
DM02,Demolition,CAT-349,Sunny,Expert,4,Power,1317,Medium,1,90.0,None,None,None,None,None,Medium Flow,83.9,108.5,32.1,45.6,0
DM05,Demolition,CAT-349,Rainy,Intermediate,5,Smart,1678,Medium,0,90.0,None,None,None,None,None,Medium Flow,98.9,139.9,37.0,53.6,0
DM04,Demolition,CAT-349,Rainy,Intermediate,5,Power,1919,Medium,1,90.0,None,None,None,None,None,Medium Flow,96.3,72.1,57.6,58.5,0
GR04,Grading,CAT-140,Cloudy,Intermediate,7,Smart,1432,Fine,1,90.0,None,None,None,Normal 35°,1st Gear,None,85.0,75.2,15.1,34.2,0
LD04,Material Loading,CAT-950M,Windy,Intermediate,4,Eco,1499,Medium,1,99.0,None,None,60% Mud,None,None,None,85.0,46.9,12.8,17.5,0
DM03,Demolition,CAT-349,Windy,Intermediate,7,Power,1787,Quick,0,90.0,None,None,None,None,None,Medium Flow,74.9,132.8,52.5,52.6,0
T001,Earth Excavation,CAT-320,Sunny,Expert,2,Smart,1496,Medium,1,88.8,Boom Power,None,None,None,None,None,85.0,72.0,14.8,14.6,0
TR02,Trenching,CAT-420,Windy,Beginner,5,Eco,1929,Fine,0,88.0,None,Locked Down,None,None,None,None,85.0,50.9,9.8,31.5,0
T004,Grading,CAT-140,Windy,Expert,1,Smart,1573,Quick,1,90.0,None,None,None,Deep Cut 45°,2nd Gear,None,85.0,41.2,15.9,13.8,0
TR03,Trenching,CAT-420,Cloudy,Intermediate,5,Power,1515,Quick,0,53.3,None,Soft Ground,None,None,None,None,85.0,93.1,11.4,47.1,0
EX02,Earth Excavation,CAT-320,Sunny,Intermediate,4,Smart,1629,Quick,0,78.2,Balanced,None,None,None,None,None,85.0,89.9,17.5,30.2,0
EX04,Earth Excavation,CAT-320,Cloudy,Beginner,1,Power,1728,Fine,0,67.3,Boom Power,None,None,None,None,None,85.0,58.2,22.4,32.6,0
LD04,Material Loading,CAT-950M,Rainy,Expert,5,Eco,1627,Quick,0,60.2,None,None,60% Mud,None,None,None,85.0,57.8,15.4,28.1,0
T003,Material Loading,CAT-950M,Cloudy,Beginner,3,Power,2004,Medium,1,86.4,None,None,80% Gravel,None,None,None,85.0,40.6,31.5,38.7,0
DM03,Demolition,CAT-349,Windy,Intermediate,7,Eco,1579,Quick,1,90.0,None,None,None,None,None,Medium Flow,95.5,148.0,28.0,53.4,0
LD02,Material Loading,CAT-950M,Windy,Beginner,4,Smart,1919,Medium,0,51.8,None,None,80% Gravel,None,None,None,85.0,33.9,23.6,36.1,0
T003,Material Loading,CAT-950M,Cloudy,Beginner,3,Power,1361,Medium,0,65.5,None,None,100% Max,None,None,None,85.0,56.1,17.5,37.8,0
T001,Earth Excavation,CAT-320,Sunny,Expert,2,Power,1900,Medium,1,70.8,Balanced,None,None,None,None,None,85.0,64.9,26.8,32.2,0
EX02,Earth Excavation,CAT-320,Sunny,Beginner,6,Power,1436,Medium,1,87.6,Boom Power,None,None,None,None,None,85.0,81.4,18.1,41.9,0
T003,Material Loading,CAT-950M,Windy,Expert,5,Smart,1691,Quick,0,98.8,None,None,60% Mud,None,None,None,85.0,58.0,19.5,34.1,0
GR04,Grading,CAT-140,Cloudy,Intermediate,7,Power,1574,Fine,1,90.0,None,None,None,Deep Cut 45°,1st Gear,None,85.0,83.1,22.6,46.0,0
GR04,Grading,CAT-140,Rainy,Expert,2,Smart,1849,Medium,1,90.0,None,None,None,Deep Cut 45°,1st Gear,None,85.0,82.1,21.3,17.3,0
T005,Demolition,CAT-349,Windy,Intermediate,6,Eco,2133,Quick,1,90.0,None,None,None,None,None,Medium Flow,65.8,126.9,43.8,54.3,0
GR02,Grading,CAT-140,Windy,Intermediate,1,Power,1511,Medium,0,90.0,None,None,None,Normal 35°,1st Gear,None,85.0,58.4,19.3,33.8,0
T001,Earth Excavation,CAT-320,Sunny,Expert,2,Smart,1989,Fine,0,76.5,Swing Priority,None,None,None,None,None,85.0,78.7,22.8,35.8,0
GR04,Grading,CAT-140,Cloudy,Intermediate,7,Smart,1631,Quick,1,90.0,None,None,None,Deep Cut 45°,1st Gear,None,85.0,89.3,18.6,33.9,0
DM05,Demolition,CAT-349,Cloudy,Beginner,3,Eco,1484,Fine,0,90.0,None,None,None,None,None,Low Flow,96.3,184.8,24.2,44.6,0
T001,Earth Excavation,CAT-320,Sunny,Expert,2,Eco,1607,Fine,1,60.5,Swing Priority,None,None,None,None,None,85.0,100.1,13.1,9.7,0
T003,Material Loading,CAT-950M,Rainy,Beginner,4,Smart,1906,Fine,1,55.9,None,None,80% Gravel,None,None,None,85.0,54.6,23.6,27.0,0
TR03,Trenching,CAT-420,Rainy,Beginner,6,Eco,2017,Medium,0,100.4,None,Standard,None,None,None,None,85.0,119.5,10.8,58.7,0
T001,Earth Excavation,CAT-320,Sunny,Expert,2,Power,1578,Quick,0,99.8,Swing Priority,None,None,None,None,None,85.0,73.8,19.6,35.8,0
LD05,Material Loading,CAT-950M,Sunny,Expert,1,Eco,2059,Fine,1,53.6,None,None,100% Max,None,None,None,85.0,34.0,20.6,18.6,0
EX04,Earth Excavation,CAT-320,Cloudy,Beginner,1,Eco,1337,Quick,1,71.5,Boom Power,None,None,None,None,None,85.0,60.7,9.6,5.8,0
GR02,Grading,CAT-140,Sunny,Expert,2,Eco,1349,Fine,1,90.0,None,None,None,Deep Cut 45°,3rd Gear,None,85.0,67.2,10.6,27.1,0
LD02,Material Loading,CAT-950M,Cloudy,Beginner,7,Eco,1809,Fine,1,91.4,None,None,80% Gravel,None,None,None,85.0,36.1,18.1,29.9,0
T004,Grading,CAT-140,Sunny,Expert,5,Eco,1751,Medium,0,90.0,None,None,None,Normal 35°,2nd Gear,None,85.0,41.1,16.7,28.3,0
LD03,Material Loading,CAT-950M,Sunny,Intermediate,6,Smart,1950,Fine,1,50.3,None,None,100% Max,None,None,None,85.0,61.4,28.2,55.3,0
TR05,Trenching,CAT-420,Sunny,Beginner,3,Power,1355,Fine,1,85.7,None,Standard,None,None,None,None,85.0,43.0,8.8,31.1,0
T004,Grading,CAT-140,Sunny,Expert,5,Smart,1363,Quick,1,90.0,None,None,None,Normal 35°,1st Gear,None,85.0,45.6,13.6,25.6,0
EX05,Earth Excavation,CAT-320,Rainy,Beginner,1,Power,1516,Fine,0,89.2,Balanced,None,None,None,None,None,85.0,126.2,18.3,30.7,0
DM05,Demolition,CAT-349,Windy,Expert,8,Power,1343,Fine,1,90.0,None,None,None,None,None,High Flow,95.7,159.5,35.0,86.3,0
TR05,Trenching,CAT-420,Sunny,Beginner,3,Smart,1782,Fine,1,104.3,None,Soft Ground,None,None,None,None,85.0,42.5,10.9,17.8,0
GR02,Grading,CAT-140,Rainy,Beginner,6,Eco,1321,Fine,1,90.0,None,None,None,Normal 35°,2nd Gear,None,85.0,59.8,10.8,23.5,0
T005,Demolition,CAT-349,Windy,Intermediate,6,Smart,1576,Quick,0,90.0,None,None,None,None,None,Low Flow,98.7,142.2,33.9,80.3,0
T003,Material Loading,CAT-950M,Cloudy,Beginner,3,Smart,1559,Fine,1,61.0,None,None,60% Mud,None,None,None,85.0,52.2,16.9,18.1,0
LD04,Material Loading,CAT-950M,Windy,Intermediate,4,Smart,1449,Quick,1,71.8,None,None,60% Mud,None,None,None,85.0,41.2,15.1,22.0,0
T002,Trenching,CAT-420,Rainy,Intermediate,4,Smart,1294,Fine,0,73.5,None,Soft Ground,None,None,None,None,85.0,67.4,6.9,30.5,0
EX04,Earth Excavation,CAT-320,Windy,Expert,7,Smart,1260,Fine,1,77.8,Boom Power,None,None,None,None,None,85.0,65.7,12.1,33.7,0
T001,Earth Excavation,CAT-320,Sunny,Expert,2,Smart,1939,Medium,0,99.5,Boom Power,None,None,None,None,None,85.0,73.4,21.4,30.6,0
GR03,Grading,CAT-140,Rainy,Intermediate,6,Power,1443,Quick,1,90.0,None,None,None,Normal 35°,2nd Gear,None,85.0,89.1,19.7,42.3,0
DM04,Demolition,CAT-349,Rainy,Beginner,3,Power,2052,Fine,1,90.0,None,None,None,None,None,Low Flow,93.5,87.0,61.2,65.7,0
TR03,Trenching,CAT-420,Cloudy,Intermediate,5,Power,1504,Fine,1,50.5,None,Standard,None,None,None,None,85.0,69.2,11.5,39.4,0
GR05,Grading,CAT-140,Windy,Beginner,3,Eco,1225,Medium,0,90.0,None,None,None,Deep Cut 45°,2nd Gear,None,85.0,44.5,9.3,19.9,0
T003,Material Loading,CAT-950M,Windy,Beginner,5,Smart,1350,Medium,0,97.3,None,None,60% Mud,None,None,None,85.0,66.9,14.0,33.6,0
GR04,Grading,CAT-140,Sunny,Expert,7,Eco,1844,Fine,1,90.0,None,None,None,Spread 25°,1st Gear,None,85.0,92.0,18.8,25.1,0
T005,Demolition,CAT-349,Windy,Intermediate,6,Eco,2019,Fine,0,90.0,None,None,None,None,None,Low Flow,86.4,170.8,39.7,55.1,0
GR04,Grading,CAT-140,Cloudy,Intermediate,7,Smart,1696,Fine,1,90.0,None,None,None,Deep Cut 45°,2nd Gear,None,85.0,72.2,19.8,34.3,0
LD05,Material Loading,CAT-950M,Windy,Expert,5,Smart,1837,Fine,1,56.0,None,None,100% Max,None,None,None,85.0,36.7,22.1,25.5,0
DM05,Demolition,CAT-349,Windy,Expert,8,Smart,2196,Medium,1,90.0,None,None,None,None,None,Low Flow,96.4,122.5,57.2,99.0,0
TR04,Trenching,CAT-420,Rainy,Intermediate,6,Smart,1919,Quick,1,74.3,None,Soft Ground,None,None,None,None,85.0,77.1,12.7,34.1,0
DM02,Demolition,CAT-349,Cloudy,Intermediate,2,Smart,1431,Quick,0,90.0,None,None,None,None,None,High Flow,94.1,115.0,27.4,40.0,0
EX05,Earth Excavation,CAT-320,Windy,Expert,6,Smart,1915,Fine,0,79.8,Boom Power,None,None,None,None,None,85.0,112.3,22.1,42.3,0
TR05,Trenching,CAT-420,Sunny,Beginner,3,Smart,1572,Medium,1,70.4,None,Locked Down,None,None,None,None,85.0,43.8,8.7,19.3,0
EX03,Earth Excavation,CAT-320,Rainy,Expert,7,Eco,1792,Fine,1,96.2,Swing Priority,None,None,None,None,None,85.0,71.2,16.4,25.8,0
DM05,Demolition,CAT-349,Windy,Expert,8,Power,2100,Quick,0,90.0,None,None,None,None,None,High Flow,99.8,132.9,68.5,99.0,0
DM05,Demolition,CAT-349,Windy,Expert,8,Power,2123,Quick,0,90.0,None,None,None,None,None,High Flow,99.1,131.7,69.3,99.0,0
LD02,Material Loading,CAT-950M,Sunny,Expert,2,Power,1310,Quick,0,74.7,None,None,60% Mud,None,None,None,85.0,31.9,16.3,34.1,0
EX04,Earth Excavation,CAT-320,Cloudy,Beginner,1,Power,1231,Quick,1,100.1,Swing Priority,None,None,None,None,None,85.0,42.9,13.2,25.0,0
DM05,Demolition,CAT-349,Windy,Intermediate,4,Eco,1497,Medium,0,90.0,None,None,None,None,None,High Flow,67.5,165.8,24.7,35.8,0
LD04,Material Loading,CAT-950M,Windy,Beginner,6,Power,1912,Medium,0,76.7,None,None,80% Gravel,None,None,None,85.0,41.3,30.0,54.0,0
DM03,Demolition,CAT-349,Windy,Intermediate,7,Smart,1344,Fine,1,90.0,None,None,None,None,None,High Flow,83.3,160.8,27.1,42.9,0
GR05,Grading,CAT-140,Sunny,Beginner,7,Eco,1908,Medium,1,90.0,None,None,None,Spread 25°,2nd Gear,None,85.0,39.6,19.2,32.5,0
T002,Trenching,CAT-420,Rainy,Intermediate,4,Smart,1957,Quick,0,55.7,None,Standard,None,None,None,None,85.0,89.5,12.2,50.2,0
EX03,Earth Excavation,CAT-320,Rainy,Intermediate,3,Smart,1336,Fine,1,79.7,Swing Priority,None,None,None,None,None,85.0,75.9,12.3,21.2,0
DM04,Demolition,CAT-349,Rainy,Intermediate,4,Eco,2147,Quick,0,90.0,None,None,None,None,None,Medium Flow,95.7,91.3,42.8,56.6,0
T001,Earth Excavation,CAT-320,Sunny,Expert,2,Power,1478,Medium,1,74.0,Boom Power,None,None,None,None,None,85.0,80.9,17.9,29.6,0
GR05,Grading,CAT-140,Windy,Beginner,3,Power,1985,Medium,0,90.0,None,None,None,Spread 25°,3rd Gear,None,85.0,40.4,30.2,47.5,0
DM04,Demolition,CAT-349,Rainy,Intermediate,5,Eco,1996,Fine,1,90.0,None,None,None,None,None,High Flow,70.3,107.5,39.1,40.7,0
T003,Material Loading,CAT-950M,Sunny,Intermediate,7,Eco,1563,Quick,1,85.9,None,None,100% Max,None,None,None,85.0,58.6,14.5,26.5,0
T002,Trenching,CAT-420,Windy,Beginner,5,Power,1616,Fine,0,69.5,None,Locked Down,None,None,None,None,85.0,68.3,12.2,47.8,0
GR05,Grading,CAT-140,Cloudy,Expert,4,Smart,1446,Quick,1,90.0,None,None,None,Normal 35°,1st Gear,None,85.0,43.3,15.0,22.4,0
T005,Demolition,CAT-349,Windy,Intermediate,6,Smart,2065,Quick,1,90.0,None,None,None,None,None,Medium Flow,74.0,112.2,50.1,58.3,0
T005,Demolition,CAT-349,Windy,Intermediate,6,Smart,1337,Quick,1,90.0,None,None,None,None,None,Medium Flow,90.3,135.0,26.5,39.1,0
EX03,Earth Excavation,CAT-320,Rainy,Intermediate,3,Power,1862,Medium,0,77.1,Balanced,None,None,None,None,None,85.0,59.1,26.0,37.9,0
TR03,Trenching,CAT-420,Cloudy,Intermediate,5,Power,2141,Medium,0,79.3,None,Locked Down,None,None,None,None,85.0,79.7,18.1,68.0,0
T004,Grading,CAT-140,Sunny,Expert,5,Power,1468,Medium,1,90.0,None,None,None,Deep Cut 45°,2nd Gear,None,85.0,40.9,19.8,38.1,0
EX02,Earth Excavation,CAT-320,Sunny,Intermediate,4,Power,1585,Quick,1,52.5,Boom Power,None,None,None,None,None,85.0,83.7,19.9,33.7,0
EX04,Earth Excavation,CAT-320,Cloudy,Beginner,1,Eco,1823,Medium,1,71.3,Boom Power,None,None,None,None,None,85.0,53.9,15.6,6.8,0
GR05,Grading,CAT-140,Windy,Beginner,3,Smart,1587,Quick,1,90.0,None,None,None,Normal 35°,3rd Gear,None,85.0,38.7,16.8,19.2,0
LD05,Material Loading,CAT-950M,Sunny,Expert,7,Power,1517,Medium,1,96.1,None,None,60% Mud,None,None,None,85.0,35.2,22.1,45.8,0
TR02,Trenching,CAT-420,Sunny,Expert,2,Eco,1908,Quick,1,71.5,None,Soft Ground,None,None,None,None,85.0,47.2,9.6,15.3,0
TR05,Trenching,CAT-420,Sunny,Intermediate,8,Smart,1897,Quick,0,79.5,None,Soft Ground,None,None,None,None,85.0,65.2,12.6,49.0,0
TR04,Trenching,CAT-420,Rainy,Intermediate,6,Eco,1692,Medium,1,98.9,None,Locked Down,None,None,None,None,85.0,71.5,8.0,36.3,0
TR04,Trenching,CAT-420,Rainy,Expert,4,Power,2088,Quick,0,75.5,None,Standard,None,None,None,None,85.0,94.6,17.4,74.5,0
DM05,Demolition,CAT-349,Windy,Expert,8,Eco,1407,Medium,1,90.0,None,None,None,None,None,Medium Flow,95.8,144.2,23.8,59.4,0
LD02,Material Loading,CAT-950M,Sunny,Expert,2,Power,1855,Fine,0,86.2,None,None,80% Gravel,None,None,None,85.0,30.9,27.4,37.3,0
EX04,Earth Excavation,CAT-320,Sunny,Intermediate,7,Power,1710,Medium,1,81.9,Balanced,None,None,None,None,None,85.0,45.2,24.3,46.4,0
TR02,Trenching,CAT-420,Sunny,Expert,2,Power,1817,Medium,0,93.3,None,Standard,None,None,None,None,85.0,41.3,13.6,36.4,0
LD02,Material Loading,CAT-950M,Rainy,Beginner,6,Eco,1737,Fine,1,63.1,None,None,100% Max,None,None,None,85.0,44.7,18.3,42.9,0
DM03,Demolition,CAT-349,Windy,Intermediate,7,Smart,1927,Quick,1,90.0,None,None,None,None,None,Medium Flow,81.7,120.7,46.7,37.9,0
GR05,Grading,CAT-140,Windy,Beginner,3,Eco,1987,Fine,0,90.0,None,None,None,Deep Cut 45°,3rd Gear,None,85.0,40.8,19.5,31.2,0
LD03,Material Loading,CAT-950M,Rainy,Expert,6,Smart,1564,Medium,0,82.1,None,None,80% Gravel,None,None,None,85.0,59.2,17.4,37.2,0
EX04,Earth Excavation,CAT-320,Cloudy,Intermediate,2,Eco,1718,Medium,1,73.4,Swing Priority,None,None,None,None,None,85.0,52.7,14.8,10.0,0
GR03,Grading,CAT-140,Rainy,Intermediate,6,Smart,1286,Fine,1,90.0,None,None,None,Deep Cut 45°,1st Gear,None,85.0,64.2,13.0,29.4,0
TR03,Trenching,CAT-420,Windy,Beginner,4,Eco,2072,Medium,0,78.9,None,Soft Ground,None,None,None,None,85.0,104.4,11.0,39.9,0
GR05,Grading,CAT-140,Windy,Beginner,3,Smart,1334,Medium,1,90.0,None,None,None,Deep Cut 45°,1st Gear,None,85.0,39.2,12.8,19.3,0
LD04,Material Loading,CAT-950M,Windy,Intermediate,4,Power,1963,Quick,0,61.4,None,None,100% Max,None,None,None,85.0,40.6,31.1,51.6,0
LD03,Material Loading,CAT-950M,Cloudy,Intermediate,5,Smart,1454,Medium,1,68.2,None,None,60% Mud,None,None,None,85.0,50.0,15.4,27.2,0
T003,Material Loading,CAT-950M,Cloudy,Beginner,3,Eco,2095,Quick,0,50.7,None,None,100% Max,None,None,None,85.0,54.5,22.2,40.0,0
TR03,Trenching,CAT-420,Rainy,Expert,2,Power,2114,Medium,1,77.8,None,Soft Ground,None,None,None,None,85.0,75.8,17.9,46.7,0
GR05,Grading,CAT-140,Windy,Beginner,3,Smart,1640,Quick,1,90.0,None,None,None,Deep Cut 45°,1st Gear,None,85.0,41.4,17.9,17.2,0
LD05,Material Loading,CAT-950M,Sunny,Expert,1,Eco,1407,Medium,1,106.0,None,None,80% Gravel,None,None,None,85.0,39.2,11.0,6.2,0
GR04,Grading,CAT-140,Cloudy,Intermediate,7,Eco,1400,Fine,1,90.0,None,None,None,Deep Cut 45°,3rd Gear,None,85.0,91.3,12.3,30.6,0
EX02,Earth Excavation,CAT-320,Windy,Beginner,3,Power,1944,Medium,0,105.9,Boom Power,None,None,None,None,None,85.0,86.6,27.3,53.0,0
TR04,Trenching,CAT-420,Rainy,Intermediate,6,Power,1261,Fine,1,98.8,None,Standard,None,None,None,None,85.0,70.2,8.3,57.1,0
LD04,Material Loading,CAT-950M,Rainy,Beginner,7,Power,2012,Medium,0,85.6,None,None,100% Max,None,None,None,85.0,54.0,37.9,82.2,0
DM02,Demolition,CAT-349,Sunny,Expert,4,Eco,1711,Quick,1,90.0,None,None,None,None,None,High Flow,84.3,109.7,30.2,26.2,0
LD04,Material Loading,CAT-950M,Windy,Intermediate,4,Power,1721,Quick,1,82.2,None,None,60% Mud,None,None,None,85.0,37.3,25.3,37.9,0
GR05,Grading,CAT-140,Windy,Beginner,3,Smart,1778,Quick,0,90.0,None,None,None,Spread 25°,3rd Gear,None,85.0,43.0,20.1,26.0,0
EX03,Earth Excavation,CAT-320,Rainy,Intermediate,3,Power,1907,Fine,1,51.0,Swing Priority,None,None,None,None,None,85.0,72.0,26.7,35.0,0
GR05,Grading,CAT-140,Rainy,Beginner,3,Power,1985,Medium,1,90.0,None,None,None,Normal 35°,1st Gear,None,85.0,46.6,30.6,37.8,0
EX04,Earth Excavation,CAT-320,Windy,Intermediate,7,Power,1868,Medium,0,94.3,Balanced,None,None,None,None,None,85.0,55.6,27.4,54.1,0
T002,Trenching,CAT-420,Rainy,Intermediate,4,Smart,1644,Fine,1,92.6,None,Standard,None,None,None,None,85.0,61.3,9.6,39.0,0
T004,Grading,CAT-140,Sunny,Expert,5,Smart,1269,Medium,0,90.0,None,None,None,Normal 35°,3rd Gear,None,85.0,59.3,12.7,51.1,0
T005,Demolition,CAT-349,Windy,Intermediate,6,Smart,1906,Fine,1,90.0,None,None,None,None,None,Low Flow,72.4,131.6,44.9,45.1,0
GR05,Grading,CAT-140,Windy,Beginner,3,Power,1349,Fine,1,90.0,None,None,None,Spread 25°,1st Gear,None,85.0,37.4,16.7,31.6,0
T001,Earth Excavation,CAT-320,Sunny,Intermediate,1,Smart,1432,Medium,0,99.7,Boom Power,None,None,None,None,None,85.0,81.8,13.2,17.5,0
GR04,Grading,CAT-140,Cloudy,Intermediate,7,Eco,1600,Fine,0,90.0,None,None,None,Deep Cut 45°,2nd Gear,None,85.0,90.7,14.3,32.3,0
T002,Trenching,CAT-420,Rainy,Intermediate,4,Smart,1562,Fine,1,50.9,None,Soft Ground,None,None,None,None,85.0,53.3,8.2,23.3,0
GR05,Grading,CAT-140,Windy,Beginner,3,Eco,1201,Medium,1,90.0,None,None,None,Spread 25°,3rd Gear,None,85.0,33.2,8.8,12.3,0
EX05,Earth Excavation,CAT-320,Windy,Expert,1,Eco,1606,Quick,1,91.5,Swing Priority,None,None,None,None,None,85.0,96.8,13.2,7.1,0
TR05,Trenching,CAT-420,Sunny,Expert,6,Eco,1652,Quick,1,78.6,None,Soft Ground,None,None,None,None,85.0,58.2,8.4,23.3,0
T004,Grading,CAT-140,Sunny,Expert,5,Eco,1534,Quick,1,90.0,None,None,None,Normal 35°,3rd Gear,None,85.0,54.1,13.3,37.1,0
GR03,Grading,CAT-140,Windy,Expert,2,Power,1470,Fine,0,90.0,None,None,None,Normal 35°,1st Gear,None,85.0,79.1,18.6,35.5,0
TR03,Trenching,CAT-420,Windy,Intermediate,4,Eco,1998,Medium,0,93.3,None,Standard,None,None,None,None,85.0,100.2,9.9,36.7,0
DM02,Demolition,CAT-349,Sunny,Expert,2,Power,2051,Medium,1,90.0,None,None,None,None,None,High Flow,90.5,84.4,60.9,54.1,0
GR04,Grading,CAT-140,Windy,Intermediate,4,Smart,1603,Fine,1,90.0,None,None,None,Spread 25°,2nd Gear,None,85.0,70.6,17.7,25.1,0
T005,Demolition,CAT-349,Windy,Intermediate,6,Smart,2058,Medium,0,90.0,None,None,None,None,None,Low Flow,75.0,129.9,50.7,63.6,0
T004,Grading,CAT-140,Sunny,Expert,5,Power,1234,Medium,1,90.0,None,None,None,Normal 35°,2nd Gear,None,85.0,42.0,15.0,40.6,0
DM05,Demolition,CAT-349,Windy,Expert,8,Power,1411,Quick,0,90.0,None,None,None,None,None,Low Flow,79.7,152.4,37.3,67.7,0
TR02,Trenching,CAT-420,Cloudy,Expert,3,Smart,1974,Quick,0,83.4,None,Soft Ground,None,None,None,None,85.0,54.6,12.2,36.2,0
EX02,Earth Excavation,CAT-320,Windy,Intermediate,4,Power,1663,Fine,1,78.0,Boom Power,None,None,None,None,None,85.0,90.0,22.1,34.1,0
LD04,Material Loading,CAT-950M,Rainy,Expert,6,Power,2057,Fine,1,105.2,None,None,60% Mud,None,None,None,85.0,46.4,34.0,59.5,0
LD05,Material Loading,CAT-950M,Rainy,Beginner,6,Power,1374,Fine,1,97.4,None,None,100% Max,None,None,None,85.0,47.5,20.9,60.0,0
T005,Demolition,CAT-349,Windy,Intermediate,6,Eco,1423,Medium,0,90.0,None,None,None,None,None,High Flow,70.6,155.1,24.0,31.7,0
EX04,Earth Excavation,CAT-320,Sunny,Expert,4,Smart,1562,Fine,1,80.4,Swing Priority,None,None,None,None,None,85.0,49.3,15.3,23.8,0
LD02,Material Loading,CAT-950M,Windy,Beginner,1,Eco,1613,Quick,0,57.1,None,None,100% Max,None,None,None,85.0,36.3,13.9,15.0,0
TR04,Trenching,CAT-420,Windy,Beginner,5,Power,1936,Quick,1,78.2,None,Standard,None,None,None,None,85.0,82.3,15.8,44.9,0
DM03,Demolition,CAT-349,Windy,Intermediate,7,Smart,1760,Medium,0,90.0,None,None,None,None,None,Low Flow,74.3,166.4,40.5,51.4,0
DM05,Demolition,CAT-349,Windy,Expert,8,Power,1414,Fine,1,90.0,None,None,None,None,None,Medium Flow,80.1,139.0,37.4,46.7,0
EX02,Earth Excavation,CAT-320,Sunny,Intermediate,4,Smart,1257,Fine,1,106.6,Swing Priority,None,None,None,None,None,85.0,109.9,11.6,31.6,0
EX03,Earth Excavation,CAT-320,Rainy,Intermediate,3,Eco,1493,Fine,1,95.6,Balanced,None,None,None,None,None,85.0,65.3,11.9,13.1,0
EX03,Earth Excavation,CAT-320,Rainy,Intermediate,3,Smart,1310,Fine,1,109.9,Balanced,None,None,None,None,None,85.0,74.9,11.9,26.8,0
DM02,Demolition,CAT-349,Windy,Expert,5,Smart,1706,Medium,1,90.0,None,None,None,None,None,Medium Flow,75.5,108.3,37.7,35.7,0
EX04,Earth Excavation,CAT-320,Windy,Beginner,4,Power,1673,Medium,0,92.9,Boom Power,None,None,None,None,None,85.0,54.7,21.9,43.8,0
EX02,Earth Excavation,CAT-320,Sunny,Intermediate,4,Eco,1602,Fine,0,96.1,Balanced,None,None,None,None,None,85.0,122.1,13.2,21.8,0
T002,Trenching,CAT-420,Rainy,Intermediate,4,Power,1611,Fine,0,83.2,None,Locked Down,None,None,None,None,85.0,65.3,11.8,56.0,0
LD02,Material Loading,CAT-950M,Sunny,Expert,2,Eco,1466,Medium,1,59.8,None,None,60% Mud,None,None,None,85.0,33.6,12.3,8.3,0
DM02,Demolition,CAT-349,Rainy,Expert,4,Smart,1925,Fine,1,90.0,None,None,None,None,None,Low Flow,90.9,106.6,44.3,27.0,0
T003,Material Loading,CAT-950M,Cloudy,Intermediate,3,Smart,2092,Fine,1,72.5,None,None,60% Mud,None,None,None,85.0,48.4,26.8,38.0,0
LD03,Material Loading,CAT-950M,Rainy,Intermediate,5,Smart,1834,Quick,0,101.3,None,None,60% Mud,None,None,None,85.0,51.9,22.3,34.3,0
T005,Demolition,CAT-349,Windy,Intermediate,6,Power,1513,Quick,1,90.0,None,None,None,None,None,Medium Flow,79.0,122.7,41.0,50.7,0
EX03,Earth Excavation,CAT-320,Cloudy,Beginner,3,Power,1599,Medium,0,94.8,Boom Power,None,None,None,None,None,85.0,65.6,20.3,38.6,0
EX03,Earth Excavation,CAT-320,Rainy,Intermediate,3,Power,1348,Fine,1,63.2,Swing Priority,None,None,None,None,None,85.0,81.7,15.4,29.8,0
DM04,Demolition,CAT-349,Cloudy,Beginner,1,Eco,1360,Quick,0,90.0,None,None,None,None,None,Medium Flow,71.0,103.3,20.7,13.9,0
T001,Earth Excavation,CAT-320,Sunny,Expert,2,Smart,1893,Quick,0,100.9,Swing Priority,None,None,None,None,None,85.0,71.1,20.5,26.9,0
DM05,Demolition,CAT-349,Windy,Expert,8,Power,1545,Quick,0,90.0,None,None,None,None,None,High Flow,94.1,145.2,43.2,89.9,0
T004,Grading,CAT-140,Windy,Expert,5,Power,1279,Medium,1,90.0,None,None,None,Deep Cut 45°,1st Gear,None,85.0,50.6,16.3,38.3,0
DM02,Demolition,CAT-349,Sunny,Expert,4,Smart,1629,Medium,1,90.0,None,None,None,None,None,High Flow,87.6,103.2,34.7,33.9,0
LD05,Material Loading,CAT-950M,Sunny,Expert,1,Eco,1945,Medium,1,73.0,None,None,80% Gravel,None,None,None,85.0,33.9,18.7,14.6,0
TR03,Trenching,CAT-420,Cloudy,Intermediate,5,Power,1220,Quick,0,58.7,None,Standard,None,None,None,None,85.0,100.2,8.3,46.6,0
TR04,Trenching,CAT-420,Cloudy,Intermediate,1,Smart,1782,Fine,0,57.9,None,Standard,None,None,None,None,85.0,67.0,10.0,20.8,0
DM03,Demolition,CAT-349,Rainy,Beginner,7,Power,1998,Medium,0,90.0,None,None,None,None,None,Medium Flow,67.9,155.4,62.6,64.5,0
LD04,Material Loading,CAT-950M,Windy,Intermediate,8,Smart,1895,Medium,0,58.4,None,None,80% Gravel,None,None,None,85.0,44.4,24.5,46.9,0
DM02,Demolition,CAT-349,Sunny,Expert,4,Power,1436,Quick,0,90.0,None,None,None,None,None,Low Flow,68.2,103.6,36.5,41.7,0
DM03,Demolition,CAT-349,Windy,Intermediate,7,Eco,1922,Quick,1,90.0,None,None,None,None,None,High Flow,66.0,153.0,37.9,43.4,0
LD02,Material Loading,CAT-950M,Windy,Expert,6,Smart,1322,Fine,0,105.9,None,None,80% Gravel,None,None,None,85.0,43.9,13.6,37.0,0
EX04,Earth Excavation,CAT-320,Cloudy,Beginner,1,Smart,1473,Medium,1,54.6,Boom Power,None,None,None,None,None,85.0,54.2,13.5,9.7,0
LD04,Material Loading,CAT-950M,Windy,Intermediate,4,Eco,1395,Medium,1,64.7,None,None,60% Mud,None,None,None,85.0,49.4,11.9,15.8,0
DM02,Demolition,CAT-349,Sunny,Expert,4,Power,1608,Medium,0,90.0,None,None,None,None,None,Medium Flow,72.9,111.6,44.0,53.9,0
T001,Earth Excavation,CAT-320,Sunny,Expert,2,Smart,1593,Quick,1,68.2,Balanced,None,None,None,None,None,85.0,71.8,16.4,16.8,0
DM04,Demolition,CAT-349,Rainy,Intermediate,5,Eco,1324,Quick,1,90.0,None,None,None,None,None,Low Flow,81.3,112.3,21.1,32.6,0
EX05,Earth Excavation,CAT-320,Windy,Expert,6,Smart,1317,Fine,1,95.9,Swing Priority,None,None,None,None,None,85.0,120.0,12.7,30.3,0
DM05,Demolition,CAT-349,Cloudy,Expert,1,Eco,1307,Fine,0,90.0,None,None,None,None,None,Low Flow,72.6,187.9,19.8,25.2,0
EX02,Earth Excavation,CAT-320,Sunny,Intermediate,4,Eco,1228,Medium,1,80.8,Balanced,None,None,None,None,None,85.0,106.5,8.6,17.5,0
TR02,Trenching,CAT-420,Rainy,Beginner,5,Smart,1473,Quick,1,85.2,None,Locked Down,None,None,None,None,85.0,56.1,8.1,39.0,0
LD05,Material Loading,CAT-950M,Sunny,Expert,1,Power,2087,Fine,0,104.7,None,None,60% Mud,None,None,None,85.0,33.8,32.2,47.8,0
GR03,Grading,CAT-140,Rainy,Intermediate,6,Eco,1855,Fine,1,90.0,None,None,None,Deep Cut 45°,3rd Gear,None,85.0,74.3,18.7,25.5,0
LD04,Material Loading,CAT-950M,Windy,Intermediate,4,Power,2050,Quick,1,56.8,None,None,80% Gravel,None,None,None,85.0,33.9,33.3,50.2,0
DM03,Demolition,CAT-349,Rainy,Expert,2,Eco,2158,Medium,0,90.0,None,None,None,None,None,Low Flow,72.4,184.4,41.9,50.3,0
EX05,Earth Excavation,CAT-320,Windy,Intermediate,7,Eco,1406,Fine,1,70.0,Balanced,None,None,None,None,None,85.0,156.4,11.9,24.4,0
LD05,Material Loading,CAT-950M,Sunny,Expert,1,Eco,1659,Medium,1,79.6,None,None,80% Gravel,None,None,None,85.0,34.8,14.6,8.2,0
DM02,Demolition,CAT-349,Sunny,Expert,4,Smart,1452,Fine,1,90.0,None,None,None,None,None,Low Flow,68.8,109.9,28.9,24.3,0
T002,Trenching,CAT-420,Rainy,Intermediate,4,Smart,2151,Quick,0,89.3,None,Soft Ground,None,None,None,None,85.0,81.9,13.9,51.1,0
EX04,Earth Excavation,CAT-320,Rainy,Intermediate,6,Power,1294,Fine,0,60.6,Balanced,None,None,None,None,None,85.0,83.0,15.6,50.9,0
T001,Earth Excavation,CAT-320,Sunny,Expert,2,Power,1208,Medium,1,90.4,Balanced,None,None,None,None,None,85.0,71.7,12.5,28.3,0
TR04,Trenching,CAT-420,Rainy,Intermediate,6,Smart,2179,Quick,1,54.0,None,Soft Ground,None,None,None,None,85.0,82.8,14.6,53.2,0
T004,Grading,CAT-140,Sunny,Expert,5,Eco,1398,Fine,1,90.0,None,None,None,Deep Cut 45°,2nd Gear,None,85.0,38.1,11.6,23.1,0
TR04,Trenching,CAT-420,Rainy,Intermediate,6,Smart,1721,Medium,0,73.9,None,Locked Down,None,None,None,None,85.0,84.8,10.5,49.3,0
DM05,Demolition,CAT-349,Windy,Expert,8,Power,1661,Fine,0,90.0,None,None,None,None,None,Low Flow,92.8,162.6,48.2,88.5,0
EX05,Earth Excavation,CAT-320,Sunny,Intermediate,1,Smart,1246,Fine,1,81.6,Balanced,None,None,None,None,None,85.0,111.6,11.1,12.6,0
LD03,Material Loading,CAT-950M,Rainy,Intermediate,5,Power,1378,Medium,1,64.4,None,None,80% Gravel,None,None,None,85.0,51.7,18.4,39.7,0
LD02,Material Loading,CAT-950M,Windy,Expert,7,Smart,2014,Fine,1,61.2,None,None,100% Max,None,None,None,85.0,31.5,26.5,45.8,0
TR04,Trenching,CAT-420,Rainy,Intermediate,6,Smart,1663,Medium,0,55.7,None,Standard,None,None,None,None,85.0,81.3,9.7,49.1,0
DM02,Demolition,CAT-349,Sunny,Expert,4,Power,1315,Medium,1,90.0,None,None,None,None,None,Low Flow,99.8,97.7,31.6,59.7,0
T001,Earth Excavation,CAT-320,Sunny,Beginner,4,Eco,1963,Medium,0,59.4,Boom Power,None,None,None,None,None,85.0,98.6,18.0,33.3,0
TR03,Trenching,CAT-420,Sunny,Expert,1,Eco,1471,Quick,1,51.8,None,Locked Down,None,None,None,None,85.0,85.3,5.9,6.6,0
EX03,Earth Excavation,CAT-320,Rainy,Intermediate,3,Power,1806,Medium,1,88.5,Balanced,None,None,None,None,None,85.0,52.3,24.5,33.2,0
DM02,Demolition,CAT-349,Sunny,Expert,4,Eco,2049,Fine,1,90.0,None,None,None,None,None,Low Flow,85.1,107.8,40.6,30.9,0
DM04,Demolition,CAT-349,Rainy,Expert,2,Eco,1568,Fine,1,90.0,None,None,None,None,None,High Flow,71.4,111.8,26.1,18.1,0
TR03,Trenching,CAT-420,Cloudy,Intermediate,5,Power,1952,Fine,0,70.6,None,Locked Down,None,None,None,None,85.0,76.6,15.1,52.5,0
GR02,Grading,CAT-140,Sunny,Expert,2,Eco,1720,Quick,1,90.0,None,None,None,Deep Cut 45°,3rd Gear,None,85.0,74.6,15.3,25.9,0
T002,Trenching,CAT-420,Rainy,Intermediate,4,Power,1736,Quick,1,90.8,None,Soft Ground,None,None,None,None,85.0,61.1,13.4,35.4,0
LD05,Material Loading,CAT-950M,Sunny,Expert,1,Eco,1873,Fine,0,109.9,None,None,60% Mud,None,None,None,85.0,42.4,17.5,16.5,0
TR04,Trenching,CAT-420,Rainy,Intermediate,6,Power,1525,Quick,1,93.2,None,Locked Down,None,None,None,None,85.0,76.4,11.1,56.3,0
EX04,Earth Excavation,CAT-320,Sunny,Beginner,4,Smart,1700,Fine,0,73.5,Boom Power,None,None,None,None,None,85.0,65.0,18.0,29.3,0
GR04,Grading,CAT-140,Cloudy,Intermediate,7,Smart,1723,Quick,1,90.0,None,None,None,Spread 25°,2nd Gear,None,85.0,84.4,20.3,32.6,0
TR04,Trenching,CAT-420,Rainy,Expert,1,Power,2131,Medium,0,96.8,None,Soft Ground,None,None,None,None,85.0,69.9,17.3,53.0,0
EX03,Earth Excavation,CAT-320,Rainy,Intermediate,3,Smart,1668,Medium,1,97.0,Swing Priority,None,None,None,None,None,85.0,58.8,17.1,19.9,0
GR05,Grading,CAT-140,Windy,Expert,2,Power,1642,Medium,0,90.0,None,None,None,Deep Cut 45°,3rd Gear,None,85.0,39.4,22.5,35.0,0
EX03,Earth Excavation,CAT-320,Rainy,Intermediate,3,Smart,1246,Quick,1,106.2,Boom Power,None,None,None,None,None,85.0,70.5,11.6,28.4,0
EX03,Earth Excavation,CAT-320,Rainy,Intermediate,3,Power,1620,Medium,1,100.1,Boom Power,None,None,None,None,None,85.0,56.0,21.0,30.5,0
T004,Grading,CAT-140,Sunny,Expert,5,Smart,1418,Medium,0,90.0,None,None,None,Deep Cut 45°,1st Gear,None,85.0,49.4,14.6,34.9,0
TR03,Trenching,CAT-420,Cloudy,Intermediate,5,Eco,1764,Quick,0,62.5,None,Standard,None,None,None,None,85.0,106.7,8.7,27.3,0
LD05,Material Loading,CAT-950M,Sunny,Expert,1,Smart,1912,Medium,1,85.9,None,None,80% Gravel,None,None,None,85.0,29.7,22.3,17.9,0
LD05,Material Loading,CAT-950M,Sunny,Expert,1,Power,1555,Medium,1,103.2,None,None,60% Mud,None,None,None,85.0,30.7,20.9,23.0,0
EX05,Earth Excavation,CAT-320,Windy,Intermediate,3,Smart,1699,Fine,1,90.8,Boom Power,None,None,None,None,None,85.0,94.1,17.5,19.5,0
T002,Trenching,CAT-420,Rainy,Intermediate,4,Eco,1856,Fine,0,96.3,None,Standard,None,None,None,None,85.0,72.6,9.5,38.7,0
T004,Grading,CAT-140,Sunny,Expert,5,Smart,1457,Fine,0,90.0,None,None,None,Normal 35°,1st Gear,None,85.0,42.7,15.3,34.1,0
TR05,Trenching,CAT-420,Cloudy,Beginner,4,Smart,1431,Quick,1,63.8,None,Standard,None,None,None,None,85.0,51.3,7.7,23.3,0
LD04,Material Loading,CAT-950M,Rainy,Expert,8,Eco,1533,Medium,1,98.5,None,None,60% Mud,None,None,None,85.0,57.3,14.4,31.9,0
T003,Material Loading,CAT-950M,Cloudy,Beginner,3,Power,1592,Medium,1,98.1,None,None,80% Gravel,None,None,None,85.0,45.7,22.4,30.2,0
T004,Grading,CAT-140,Sunny,Expert,5,Smart,1875,Quick,0,90.0,None,None,None,Deep Cut 45°,2nd Gear,None,85.0,53.7,22.6,34.3,0
DM02,Demolition,CAT-349,Sunny,Expert,4,Power,1556,Fine,1,90.0,None,None,None,None,None,High Flow,76.1,114.7,41.0,46.2,0
TR05,Trenching,CAT-420,Sunny,Beginner,3,Smart,1507,Quick,1,88.1,None,Standard,None,None,None,None,85.0,48.5,8.0,20.0,0
GR04,Grading,CAT-140,Sunny,Intermediate,1,Smart,1520,Medium,0,90.0,None,None,None,Normal 35°,3rd Gear,None,85.0,70.9,15.3,20.9,0
TR03,Trenching,CAT-420,Cloudy,Intermediate,8,Power,1415,Medium,1,89.0,None,Standard,None,None,None,None,85.0,74.7,10.3,49.8,0
DM03,Demolition,CAT-349,Windy,Intermediate,7,Eco,1850,Medium,1,90.0,None,None,None,None,None,High Flow,67.4,164.0,35.9,37.8,0
TR03,Trenching,CAT-420,Rainy,Intermediate,4,Power,1795,Medium,1,89.9,None,Standard,None,None,None,None,85.0,79.3,13.6,48.9,0
GR02,Grading,CAT-140,Windy,Expert,3,Smart,1838,Fine,1,90.0,None,None,None,Normal 35°,3rd Gear,None,85.0,68.6,20.7,34.3,0
DM04,Demolition,CAT-349,Rainy,Intermediate,5,Smart,1606,Medium,1,90.0,None,None,None,None,None,Medium Flow,81.4,83.0,34.2,24.3,0
DM03,Demolition,CAT-349,Windy,Intermediate,7,Eco,1623,Medium,0,90.0,None,None,None,None,None,High Flow,84.8,197.0,29.3,45.8,0
T001,Earth Excavation,CAT-320,Sunny,Expert,2,Power,1217,Medium,1,90.8,Balanced,None,None,None,None,None,85.0,71.2,13.1,28.2,0
T003,Material Loading,CAT-950M,Cloudy,Beginner,3,Smart,1953,Quick,1,72.1,None,None,60% Mud,None,None,None,85.0,43.8,23.6,28.0,0
T005,Demolition,CAT-349,Windy,Intermediate,6,Power,1866,Quick,0,90.0,None,None,None,None,None,High Flow,90.9,112.1,55.9,51.8,0
EX02,Earth Excavation,CAT-320,Rainy,Beginner,5,Smart,1255,Medium,1,80.5,Swing Priority,None,None,None,None,None,85.0,104.6,11.4,27.2,0
TR05,Trenching,CAT-420,Sunny,Beginner,3,Eco,1383,Medium,0,83.3,None,Locked Down,None,None,None,None,85.0,60.8,6.1,19.0,0
T005,Demolition,CAT-349,Sunny,Intermediate,6,Eco,1950,Medium,1,90.0,None,None,None,None,None,High Flow,90.3,118.1,38.2,31.1,0
T002,Trenching,CAT-420,Rainy,Intermediate,4,Smart,1887,Fine,1,77.4,None,Standard,None,None,None,None,85.0,64.6,11.8,38.1,0
TR04,Trenching,CAT-420,Rainy,Intermediate,6,Power,1607,Medium,0,71.5,None,Locked Down,None,None,None,None,85.0,76.4,12.4,61.8,0
EX05,Earth Excavation,CAT-320,Windy,Expert,6,Eco,1950,Fine,0,89.8,Balanced,None,None,None,None,None,85.0,135.7,18.6,39.0,0
GR03,Grading,CAT-140,Rainy,Intermediate,6,Eco,1503,Medium,1,90.0,None,None,None,Normal 35°,3rd Gear,None,85.0,81.3,13.2,25.2,0
T001,Earth Excavation,CAT-320,Sunny,Expert,2,Power,1915,Medium,0,93.5,Balanced,None,None,None,None,None,85.0,65.1,26.3,39.7,0
GR05,Grading,CAT-140,Sunny,Intermediate,5,Power,1245,Quick,0,90.0,None,None,None,Deep Cut 45°,1st Gear,None,85.0,55.8,14.7,45.6,0
DM04,Demolition,CAT-349,Rainy,Beginner,8,Eco,1417,Fine,0,90.0,None,None,None,None,None,High Flow,92.9,153.1,24.3,71.6,0
T002,Trenching,CAT-420,Rainy,Intermediate,2,Smart,1714,Medium,0,54.8,None,Standard,None,None,None,None,85.0,70.7,9.9,36.7,0
DM05,Demolition,CAT-349,Windy,Expert,8,Smart,2112,Quick,0,90.0,None,None,None,None,None,Medium Flow,75.0,122.9,54.2,65.7,0
T005,Demolition,CAT-349,Rainy,Beginner,2,Smart,1836,Fine,0,90.0,None,None,None,None,None,Medium Flow,79.6,156.8,40.3,34.0,0
TR03,Trenching,CAT-420,Cloudy,Intermediate,5,Power,1870,Quick,1,85.4,None,Soft Ground,None,None,None,None,85.0,80.9,14.9,41.6,0
T005,Demolition,CAT-349,Rainy,Beginner,8,Eco,1576,Fine,1,90.0,None,None,None,None,None,Low Flow,68.6,192.4,28.3,41.1,0
EX05,Earth Excavation,CAT-320,Windy,Expert,6,Smart,1375,Medium,1,97.9,Boom Power,None,None,None,None,None,85.0,99.0,13.2,29.0,0
LD03,Material Loading,CAT-950M,Rainy,Intermediate,5,Smart,1486,Medium,0,80.9,None,None,100% Max,None,None,None,85.0,64.6,18.0,52.8,0
DM03,Demolition,CAT-349,Windy,Intermediate,7,Eco,1813,Fine,0,90.0,None,None,None,None,None,Low Flow,95.7,180.7,34.5,71.5,0
TR02,Trenching,CAT-420,Sunny,Expert,2,Smart,1775,Fine,0,75.5,None,Soft Ground,None,None,None,None,85.0,44.0,10.5,21.4,0
GR04,Grading,CAT-140,Rainy,Beginner,7,Eco,1640,Quick,0,90.0,None,None,None,Deep Cut 45°,3rd Gear,None,85.0,130.3,15.2,33.8,0
GR05,Grading,CAT-140,Windy,Beginner,3,Power,1366,Medium,1,90.0,None,None,None,Spread 25°,1st Gear,None,85.0,36.9,17.1,31.6,0
DM05,Demolition,CAT-349,Windy,Expert,8,Smart,1849,Fine,0,90.0,None,None,None,None,None,Medium Flow,89.8,147.1,44.0,44.4,0
LD03,Material Loading,CAT-950M,Rainy,Intermediate,5,Smart,1532,Medium,0,57.8,None,None,100% Max,None,None,None,85.0,64.5,19.2,50.8,0
T005,Demolition,CAT-349,Windy,Intermediate,6,Smart,2169,Fine,0,90.0,None,None,None,None,None,Low Flow,85.8,146.4,54.5,71.4,0
LD03,Material Loading,CAT-950M,Rainy,Expert,4,Power,1468,Quick,0,97.0,None,None,100% Max,None,None,None,85.0,60.1,22.8,62.5,0
DM02,Demolition,CAT-349,Sunny,Expert,4,Power,1962,Medium,0,90.0,None,None,None,None,None,Low Flow,74.5,92.1,58.7,49.8,0
T005,Demolition,CAT-349,Windy,Intermediate,6,Power,1577,Medium,0,90.0,None,None,None,None,None,Low Flow,84.1,137.8,42.8,59.5,0
TR05,Trenching,CAT-420,Sunny,Beginner,3,Eco,1931,Medium,0,75.5,None,Locked Down,None,None,None,None,85.0,60.6,10.0,24.5,0
LD03,Material Loading,CAT-950M,Windy,Expert,7,Eco,2000,Medium,1,103.0,None,None,100% Max,None,None,None,85.0,57.2,23.5,57.0,0
TR05,Trenching,CAT-420,Rainy,Expert,2,Eco,1877,Fine,1,72.4,None,Locked Down,None,None,None,None,85.0,59.7,9.2,25.5,0
EX02,Earth Excavation,CAT-320,Cloudy,Intermediate,1,Smart,1276,Medium,1,100.1,Swing Priority,None,None,None,None,None,85.0,85.2,11.6,13.6,0
EX04,Earth Excavation,CAT-320,Cloudy,Beginner,1,Eco,1430,Quick,0,64.9,Balanced,None,None,None,None,None,85.0,67.1,10.7,14.1,0
DM04,Demolition,CAT-349,Sunny,Intermediate,5,Power,1428,Fine,0,90.0,None,None,None,None,None,Low Flow,65.9,121.1,36.6,56.5,0
EX04,Earth Excavation,CAT-320,Cloudy,Beginner,1,Smart,1401,Medium,1,73.7,Swing Priority,None,None,None,None,None,85.0,50.6,12.4,11.4,0
EX04,Earth Excavation,CAT-320,Sunny,Beginner,8,Eco,1287,Fine,0,79.4,Swing Priority,None,None,None,None,None,85.0,76.0,9.9,38.2,0
LD05,Material Loading,CAT-950M,Cloudy,Beginner,5,Power,1325,Quick,1,87.1,None,None,100% Max,None,None,None,85.0,33.8,17.4,37.8,0
DM03,Demolition,CAT-349,Windy,Intermediate,7,Eco,1916,Medium,1,90.0,None,None,None,None,None,Low Flow,71.9,162.8,37.9,43.3,0
EX02,Earth Excavation,CAT-320,Sunny,Intermediate,4,Smart,1456,Medium,0,99.2,Swing Priority,None,None,None,None,None,85.0,98.0,14.4,30.9,0
GR04,Grading,CAT-140,Sunny,Expert,5,Smart,1831,Quick,1,90.0,None,None,None,Normal 35°,1st Gear,None,85.0,85.6,21.5,27.1,0
DM02,Demolition,CAT-349,Sunny,Expert,4,Eco,1777,Fine,1,90.0,None,None,None,None,None,Low Flow,67.9,111.4,32.3,14.8,0
T005,Demolition,CAT-349,Windy,Intermediate,6,Power,2067,Medium,1,90.0,None,None,None,None,None,High Flow,89.8,98.1,65.7,57.1,0
T004,Grading,CAT-140,Sunny,Intermediate,5,Eco,1527,Quick,0,90.0,None,None,None,Normal 35°,3rd Gear,None,85.0,60.2,12.8,41.6,0
T002,Trenching,CAT-420,Rainy,Intermediate,4,Smart,1244,Quick,1,82.4,None,Soft Ground,None,None,None,None,85.0,71.3,6.3,22.2,0
T003,Material Loading,CAT-950M,Cloudy,Beginner,7,Power,1890,Medium,0,74.1,None,None,80% Gravel,None,None,None,85.0,51.8,30.5,54.7,0
DM05,Demolition,CAT-349,Windy,Expert,8,Power,1950,Medium,1,90.0,None,None,None,None,None,Medium Flow,78.8,108.1,60.9,56.5,0
LD02,Material Loading,CAT-950M,Sunny,Beginner,5,Smart,1590,Medium,1,65.4,None,None,80% Gravel,None,None,None,85.0,28.3,17.7,28.0,0
DM05,Demolition,CAT-349,Windy,Expert,8,Power,1685,Fine,1,90.0,None,None,None,None,None,Medium Flow,79.1,126.9,49.2,48.6,0
GR02,Grading,CAT-140,Rainy,Expert,6,Power,1823,Quick,0,90.0,None,None,None,Deep Cut 45°,1st Gear,None,85.0,86.0,27.5,49.2,0
TR02,Trenching,CAT-420,Windy,Intermediate,2,Eco,1295,Quick,1,52.1,None,Locked Down,None,None,None,None,85.0,49.2,5.2,8.9,0
EX04,Earth Excavation,CAT-320,Cloudy,Beginner,1,Smart,1927,Quick,1,100.2,Swing Priority,None,None,None,None,None,85.0,36.2,20.3,19.2,0
DM04,Demolition,CAT-349,Rainy,Intermediate,5,Power,1405,Medium,1,90.0,None,None,None,None,None,Medium Flow,65.6,83.2,35.7,37.6,0
DM04,Demolition,CAT-349,Cloudy,Expert,7,Power,1422,Medium,0,90.0,None,None,None,None,None,Medium Flow,71.3,98.5,38.0,54.3,0
DM04,Demolition,CAT-349,Rainy,Intermediate,5,Eco,1795,Fine,1,90.0,None,None,None,None,None,Medium Flow,73.8,98.4,33.1,20.9,0
EX05,Earth Excavation,CAT-320,Rainy,Expert,1,Eco,1983,Medium,0,88.9,Swing Priority,None,None,None,None,None,85.0,118.6,17.7,24.1,0
DM03,Demolition,CAT-349,Rainy,Intermediate,7,Eco,1329,Quick,1,90.0,None,None,None,None,None,Low Flow,99.9,202.2,21.5,73.5,0
T001,Earth Excavation,CAT-320,Sunny,Expert,2,Smart,1716,Fine,0,76.2,Boom Power,None,None,None,None,None,85.0,82.8,17.4,21.6,0
EX03,Earth Excavation,CAT-320,Rainy,Intermediate,3,Smart,1473,Fine,1,107.6,Balanced,None,None,None,None,None,85.0,71.3,14.7,28.2,0
DM02,Demolition,CAT-349,Sunny,Expert,4,Power,1441,Quick,0,90.0,None,None,None,None,None,Medium Flow,72.4,115.5,37.0,51.6,0
LD02,Material Loading,CAT-950M,Sunny,Expert,2,Smart,1405,Quick,1,57.3,None,None,80% Gravel,None,None,None,85.0,27.6,14.3,14.2,0
T005,Demolition,CAT-349,Windy,Intermediate,6,Eco,1691,Quick,1,90.0,None,None,None,None,None,Low Flow,68.9,138.1,30.8,33.7,0
T004,Grading,CAT-140,Sunny,Expert,5,Eco,1908,Medium,1,90.0,None,None,None,Normal 35°,3rd Gear,None,85.0,51.3,18.6,40.9,0
DM05,Demolition,CAT-349,Windy,Expert,8,Power,1943,Quick,1,90.0,None,None,None,None,None,Medium Flow,78.0,105.2,61.2,57.0,0
DM02,Demolition,CAT-349,Sunny,Expert,4,Eco,2141,Medium,0,90.0,None,None,None,None,None,Medium Flow,67.3,118.9,42.7,54.4,0
DM05,Demolition,CAT-349,Windy,Expert,5,Eco,1545,Fine,0,90.0,None,None,None,None,None,High Flow,75.4,189.6,26.0,38.0,0
T005,Demolition,CAT-349,Windy,Expert,7,Smart,1365,Fine,1,90.0,None,None,None,None,None,Medium Flow,90.6,158.1,27.2,43.8,0
EX02,Earth Excavation,CAT-320,Sunny,Intermediate,4,Power,1652,Quick,1,104.1,Swing Priority,None,None,None,None,None,85.0,79.2,22.1,43.0,0
GR05,Grading,CAT-140,Windy,Beginner,3,Eco,1913,Quick,0,90.0,None,None,None,Deep Cut 45°,1st Gear,None,85.0,50.8,18.3,23.8,0
GR02,Grading,CAT-140,Sunny,Expert,2,Power,1236,Fine,1,90.0,None,None,None,Deep Cut 45°,3rd Gear,None,85.0,73.2,15.1,44.8,0
LD03,Material Loading,CAT-950M,Sunny,Expert,5,Eco,1918,Quick,1,59.0,None,None,60% Mud,None,None,None,85.0,43.0,19.3,24.3,0
LD05,Material Loading,CAT-950M,Sunny,Expert,1,Eco,2023,Fine,0,63.8,None,None,80% Gravel,None,None,None,85.0,41.4,20.1,25.6,0
LD04,Material Loading,CAT-950M,Windy,Intermediate,4,Eco,1666,Fine,0,51.4,None,None,80% Gravel,None,None,None,85.0,53.4,15.5,24.0,0
TR03,Trenching,CAT-420,Cloudy,Intermediate,5,Power,1456,Quick,1,81.0,None,Standard,None,None,None,None,85.0,83.0,9.9,37.1,0
EX02,Earth Excavation,CAT-320,Sunny,Intermediate,4,Eco,1228,Medium,1,89.1,Boom Power,None,None,None,None,None,85.0,97.6,9.6,14.6,0
T004,Grading,CAT-140,Sunny,Expert,5,Smart,1344,Quick,1,90.0,None,None,None,Spread 25°,1st Gear,None,85.0,49.4,13.3,27.3,0
T002,Trenching,CAT-420,Rainy,Intermediate,4,Power,1887,Quick,1,69.2,None,Standard,None,None,None,None,85.0,72.8,14.9,51.7,0
T004,Grading,CAT-140,Sunny,Expert,5,Power,1883,Medium,0,90.0,None,None,None,Deep Cut 45°,3rd Gear,None,85.0,67.2,28.2,64.7,0
LD02,Material Loading,CAT-950M,Sunny,Expert,2,Eco,1618,Medium,1,90.8,None,None,80% Gravel,None,None,None,85.0,31.7,14.2,9.1,0
LD04,Material Loading,CAT-950M,Windy,Intermediate,4,Smart,1477,Fine,0,61.7,None,None,80% Gravel,None,None,None,85.0,50.0,15.7,29.5,0
DM02,Demolition,CAT-349,Sunny,Expert,4,Smart,1521,Quick,1,90.0,None,None,None,None,None,Low Flow,97.7,92.7,31.5,38.1,0
EX04,Earth Excavation,CAT-320,Cloudy,Beginner,1,Eco,1660,Quick,0,99.3,Swing Priority,None,None,None,None,None,85.0,50.6,13.6,13.8,0
LD05,Material Loading,CAT-950M,Sunny,Expert,1,Power,2042,Medium,1,64.3,None,None,80% Gravel,None,None,None,85.0,27.4,31.4,38.1,0
EX03,Earth Excavation,CAT-320,Rainy,Beginner,7,Power,1494,Fine,0,52.3,Swing Priority,None,None,None,None,None,85.0,96.1,19.9,52.1,0
TR05,Trenching,CAT-420,Sunny,Beginner,3,Power,1225,Medium,0,72.3,None,Soft Ground,None,None,None,None,85.0,53.7,7.6,37.9,0
GR02,Grading,CAT-140,Sunny,Expert,5,Power,1902,Fine,0,90.0,None,None,None,Spread 25°,2nd Gear,None,85.0,69.0,28.6,48.7,0
TR03,Trenching,CAT-420,Rainy,Expert,4,Smart,1789,Medium,1,57.8,None,Soft Ground,None,None,None,None,85.0,76.1,10.3,23.9,0
T002,Trenching,CAT-420,Rainy,Intermediate,4,Power,1691,Quick,1,92.5,None,Soft Ground,None,None,None,None,85.0,58.9,12.3,33.6,0
EX05,Earth Excavation,CAT-320,Windy,Expert,6,Power,1320,Fine,1,98.6,Swing Priority,None,None,None,None,None,85.0,116.1,16.6,41.2,0
T004,Grading,CAT-140,Sunny,Expert,5,Eco,1644,Quick,0,90.0,None,None,None,Deep Cut 45°,2nd Gear,None,85.0,49.0,15.1,29.2,0
T005,Demolition,CAT-349,Windy,Intermediate,6,Eco,1538,Medium,1,90.0,None,None,None,None,None,Medium Flow,88.4,147.3,26.0,31.1,0
EX02,Earth Excavation,CAT-320,Windy,Beginner,1,Power,1775,Quick,1,103.0,Balanced,None,None,None,None,None,85.0,77.1,23.9,32.6,0
LD05,Material Loading,CAT-950M,Sunny,Expert,1,Eco,1984,Quick,1,78.0,None,None,80% Gravel,None,None,None,85.0,31.5,19.4,16.9,0
GR05,Grading,CAT-140,Windy,Beginner,3,Power,1896,Quick,0,90.0,None,None,None,Spread 25°,2nd Gear,None,85.0,49.9,28.2,42.8,0
GR05,Grading,CAT-140,Windy,Beginner,3,Eco,1620,Quick,0,90.0,None,None,None,Spread 25°,3rd Gear,None,85.0,40.7,14.0,23.3,0
EX02,Earth Excavation,CAT-320,Sunny,Intermediate,4,Smart,1514,Medium,1,107.9,Balanced,None,None,None,None,None,85.0,89.0,15.3,31.1,0
TR05,Trenching,CAT-420,Cloudy,Intermediate,5,Power,1207,Medium,0,81.5,None,Locked Down,None,None,None,None,85.0,57.0,8.0,45.3,0
GR04,Grading,CAT-140,Cloudy,Intermediate,7,Power,1248,Quick,1,90.0,None,None,None,Deep Cut 45°,1st Gear,None,85.0,106.9,15.2,46.0,0
T004,Grading,CAT-140,Sunny,Expert,5,Power,1235,Medium,1,90.0,None,None,None,Deep Cut 45°,3rd Gear,None,85.0,58.9,14.7,54.9,0
GR05,Grading,CAT-140,Windy,Beginner,3,Smart,1833,Quick,0,90.0,None,None,None,Normal 35°,2nd Gear,None,85.0,50.2,21.6,26.4,0
GR05,Grading,CAT-140,Windy,Beginner,3,Smart,1288,Medium,1,90.0,None,None,None,Deep Cut 45°,1st Gear,None,85.0,39.9,12.3,21.8,0
LD02,Material Loading,CAT-950M,Rainy,Expert,6,Power,1896,Medium,0,65.2,None,None,100% Max,None,None,None,85.0,37.7,33.8,71.6,0
LD04,Material Loading,CAT-950M,Windy,Intermediate,4,Eco,1468,Quick,1,101.9,None,None,60% Mud,None,None,None,85.0,47.8,12.7,14.4,0
DM05,Demolition,CAT-349,Windy,Expert,8,Eco,2028,Quick,1,90.0,None,None,None,None,None,High Flow,85.5,139.8,41.2,53.8,0
GR03,Grading,CAT-140,Rainy,Intermediate,6,Eco,1916,Medium,1,90.0,None,None,None,Spread 25°,1st Gear,None,85.0,79.4,18.7,30.7,0
DM04,Demolition,CAT-349,Cloudy,Beginner,4,Power,1981,Quick,1,90.0,None,None,None,None,None,Low Flow,83.4,77.3,59.7,55.4,0
T005,Demolition,CAT-349,Cloudy,Intermediate,4,Smart,2056,Quick,0,90.0,None,None,None,None,None,High Flow,91.7,109.5,49.1,44.0,0
LD05,Material Loading,CAT-950M,Sunny,Expert,1,Eco,1397,Medium,1,66.9,None,None,80% Gravel,None,None,None,85.0,38.3,11.4,6.1,0
EX04,Earth Excavation,CAT-320,Windy,Beginner,1,Eco,1259,Medium,1,62.2,Balanced,None,None,None,None,None,85.0,70.3,8.4,6.4,0
GR03,Grading,CAT-140,Rainy,Intermediate,6,Smart,1411,Quick,1,90.0,None,None,None,Spread 25°,2nd Gear,None,85.0,84.6,14.8,29.1,0
EX02,Earth Excavation,CAT-320,Windy,Intermediate,2,Smart,1398,Medium,0,64.6,Swing Priority,None,None,None,None,None,85.0,119.1,13.3,23.4,0
T002,Trenching,CAT-420,Rainy,Intermediate,4,Eco,2146,Fine,1,65.5,None,Standard,None,None,None,None,85.0,69.3,12.1,53.7,0
EX04,Earth Excavation,CAT-320,Cloudy,Beginner,1,Smart,1514,Fine,1,102.8,Boom Power,None,None,None,None,None,85.0,52.3,14.5,19.8,0
DM02,Demolition,CAT-349,Sunny,Expert,4,Eco,2067,Quick,1,90.0,None,None,None,None,None,Low Flow,87.6,90.2,40.4,32.2,0
EX04,Earth Excavation,CAT-320,Cloudy,Beginner,1,Power,1213,Quick,0,96.7,Balanced,None,None,None,None,None,85.0,52.5,12.6,31.1,0
TR03,Trenching,CAT-420,Cloudy,Intermediate,5,Power,1429,Quick,1,68.6,None,Standard,None,None,None,None,85.0,82.8,9.6,37.3,0
GR03,Grading,CAT-140,Rainy,Intermediate,6,Eco,1387,Fine,0,90.0,None,None,None,Deep Cut 45°,2nd Gear,None,85.0,88.0,12.0,30.3,0
DM05,Demolition,CAT-349,Windy,Expert,8,Smart,1756,Fine,1,90.0,None,None,None,None,None,Low Flow,83.5,145.1,40.9,48.0,0
T002,Trenching,CAT-420,Rainy,Intermediate,4,Power,2108,Quick,1,74.3,None,Standard,None,None,None,None,85.0,77.1,17.6,67.8,0
T004,Grading,CAT-140,Sunny,Expert,5,Eco,1545,Medium,0,90.0,None,None,None,Normal 35°,3rd Gear,None,85.0,51.9,13.8,43.7,0
T002,Trenching,CAT-420,Rainy,Beginner,5,Eco,1312,Fine,1,74.9,None,Standard,None,None,None,None,85.0,67.9,5.6,34.5,0
GR04,Grading,CAT-140,Windy,Beginner,8,Eco,1283,Fine,1,90.0,None,None,None,Normal 35°,3rd Gear,None,85.0,98.7,11.0,32.2,0
LD05,Material Loading,CAT-950M,Sunny,Expert,1,Power,1583,Medium,1,103.2,None,None,80% Gravel,None,None,None,85.0,30.6,21.6,22.4,0
T001,Earth Excavation,CAT-320,Sunny,Expert,2,Smart,1667,Fine,1,76.4,Balanced,None,None,None,None,None,85.0,70.9,16.8,15.8,0
LD04,Material Loading,CAT-950M,Cloudy,Beginner,6,Smart,1502,Quick,1,61.9,None,None,80% Gravel,None,None,None,85.0,41.7,17.0,28.1,0
GR05,Grading,CAT-140,Windy,Beginner,3,Eco,1536,Quick,0,90.0,None,None,None,Deep Cut 45°,3rd Gear,None,85.0,43.0,13.1,22.0,0
LD03,Material Loading,CAT-950M,Rainy,Intermediate,5,Smart,2090,Fine,0,76.4,None,None,80% Gravel,None,None,None,85.0,60.9,27.1,52.2,0
LD03,Material Loading,CAT-950M,Rainy,Intermediate,5,Power,2053,Medium,1,109.8,None,None,80% Gravel,None,None,None,85.0,44.8,33.7,51.4,0
GR05,Grading,CAT-140,Sunny,Expert,4,Power,1560,Fine,1,90.0,None,None,None,Spread 25°,2nd Gear,None,85.0,33.8,21.4,32.9,0
GR04,Grading,CAT-140,Cloudy,Intermediate,7,Smart,1312,Fine,1,90.0,None,None,None,Deep Cut 45°,2nd Gear,None,85.0,76.6,13.1,34.8,0
LD04,Material Loading,CAT-950M,Windy,Intermediate,4,Smart,2027,Medium,0,90.3,None,None,80% Gravel,None,None,None,85.0,41.9,26.1,45.2,0
TR04,Trenching,CAT-420,Rainy,Intermediate,6,Eco,1256,Fine,1,84.7,None,Locked Down,None,None,None,None,85.0,73.4,5.6,38.8,0
GR02,Grading,CAT-140,Sunny,Expert,2,Eco,1816,Fine,1,90.0,None,None,None,Normal 35°,1st Gear,None,85.0,44.8,16.7,8.7,0
DM05,Demolition,CAT-349,Windy,Expert,8,Power,2170,Fine,0,90.0,None,None,None,None,None,High Flow,68.6,154.0,71.0,89.4,0
GR03,Grading,CAT-140,Rainy,Intermediate,6,Eco,1460,Quick,1,90.0,None,None,None,Normal 35°,1st Gear,None,85.0,87.1,12.8,24.4,0
TR05,Trenching,CAT-420,Sunny,Beginner,3,Smart,1559,Medium,1,67.9,None,Soft Ground,None,None,None,None,85.0,44.2,8.5,19.5,0
TR03,Trenching,CAT-420,Cloudy,Intermediate,5,Eco,2145,Quick,0,57.9,None,Soft Ground,None,None,None,None,85.0,117.5,11.8,50.3,0
GR05,Grading,CAT-140,Windy,Beginner,3,Power,1644,Quick,0,90.0,None,None,None,Deep Cut 45°,2nd Gear,None,85.0,49.5,23.2,38.1,0
LD04,Material Loading,CAT-950M,Rainy,Beginner,1,Power,1700,Quick,0,86.3,None,None,60% Mud,None,None,None,85.0,42.9,23.7,28.8,0
TR04,Trenching,CAT-420,Rainy,Intermediate,2,Power,1590,Medium,1,87.0,None,Soft Ground,None,None,None,None,85.0,55.1,11.1,28.1,0
GR03,Grading,CAT-140,Rainy,Intermediate,1,Eco,1470,Medium,1,90.0,None,None,None,Spread 25°,3rd Gear,None,85.0,74.3,11.9,5.9,0
GR02,Grading,CAT-140,Windy,Beginner,3,Eco,1829,Medium,0,90.0,None,None,None,Spread 25°,1st Gear,None,85.0,64.2,17.1,21.4,0
GR05,Grading,CAT-140,Cloudy,Beginner,8,Smart,1349,Fine,1,90.0,None,None,None,Deep Cut 45°,1st Gear,None,85.0,41.6,14.4,35.7,0
T002,Trenching,CAT-420,Rainy,Intermediate,4,Eco,1934,Fine,1,101.0,None,Soft Ground,None,None,None,None,85.0,55.6,10.3,23.8,0
T001,Earth Excavation,CAT-320,Sunny,Expert,2,Power,1337,Medium,1,62.7,Balanced,None,None,None,None,None,85.0,78.1,15.5,26.3,0
GR03,Grading,CAT-140,Rainy,Intermediate,6,Smart,1833,Quick,1,90.0,None,None,None,Deep Cut 45°,3rd Gear,None,85.0,77.5,21.8,31.6,0
LD02,Material Loading,CAT-950M,Windy,Expert,5,Smart,1444,Fine,1,88.8,None,None,80% Gravel,None,None,None,85.0,36.4,15.3,27.0,0
EX05,Earth Excavation,CAT-320,Rainy,Expert,2,Smart,1406,Medium,0,69.5,Balanced,None,None,None,None,None,85.0,139.7,13.2,22.8,0
LD03,Material Loading,CAT-950M,Rainy,Intermediate,5,Smart,1702,Fine,0,89.4,None,None,60% Mud,None,None,None,85.0,61.9,19.5,31.6,0
DM05,Demolition,CAT-349,Windy,Expert,8,Smart,1871,Quick,1,90.0,None,None,None,None,None,Medium Flow,85.7,110.0,44.8,38.0,0
GR04,Grading,CAT-140,Rainy,Intermediate,5,Eco,1494,Fine,0,90.0,None,None,None,Spread 25°,2nd Gear,None,85.0,102.2,12.6,26.6,0
TR04,Trenching,CAT-420,Rainy,Intermediate,6,Smart,1702,Quick,1,73.6,None,Soft Ground,None,None,None,None,85.0,72.8,10.0,31.0,0
LD05,Material Loading,CAT-950M,Sunny,Expert,1,Eco,1775,Fine,1,103.0,None,None,100% Max,None,None,None,85.0,35.6,16.4,5.7,0
EX04,Earth Excavation,CAT-320,Cloudy,Beginner,1,Eco,1205,Medium,1,92.4,Balanced,None,None,None,None,None,85.0,56.8,8.8,7.4,0
T005,Demolition,CAT-349,Sunny,Intermediate,5,Power,2134,Quick,1,90.0,None,None,None,None,None,Medium Flow,87.6,104.8,67.3,70.0,0
EX03,Earth Excavation,CAT-320,Rainy,Intermediate,3,Eco,1506,Medium,1,50.1,Swing Priority,None,None,None,None,None,85.0,69.1,12.3,14.5,0
T001,Earth Excavation,CAT-320,Rainy,Beginner,5,Eco,1797,Quick,0,70.7,Boom Power,None,None,None,None,None,85.0,109.6,16.2,27.5,0
LD02,Material Loading,CAT-950M,Sunny,Expert,2,Smart,1399,Medium,1,54.8,None,None,80% Gravel,None,None,None,85.0,29.8,14.2,16.7,0
LD02,Material Loading,CAT-950M,Sunny,Expert,2,Smart,2086,Medium,0,53.5,None,None,100% Max,None,None,None,85.0,26.4,26.1,39.8,0
GR04,Grading,CAT-140,Cloudy,Intermediate,7,Smart,1408,Medium,1,90.0,None,None,None,Deep Cut 45°,1st Gear,None,85.0,81.1,14.8,34.7,0
DM02,Demolition,CAT-349,Sunny,Intermediate,3,Smart,1315,Quick,1,90.0,None,None,None,None,None,High Flow,78.7,107.1,25.0,28.7,0
DM04,Demolition,CAT-349,Rainy,Intermediate,5,Eco,1829,Fine,1,90.0,None,None,None,None,None,Low Flow,91.5,110.2,33.6,28.4,0
EX03,Earth Excavation,CAT-320,Rainy,Intermediate,3,Smart,1270,Medium,0,62.1,Swing Priority,None,None,None,None,None,85.0,88.7,11.0,27.3,0
TR05,Trenching,CAT-420,Sunny,Beginner,3,Eco,1273,Fine,1,83.0,None,Soft Ground,None,None,None,None,85.0,53.1,5.7,16.9,0
LD04,Material Loading,CAT-950M,Rainy,Expert,7,Power,1998,Medium,1,62.3,None,None,60% Mud,None,None,None,85.0,43.5,33.1,55.4,0
T001,Earth Excavation,CAT-320,Rainy,Intermediate,1,Power,1693,Medium,1,60.4,Swing Priority,None,None,None,None,None,85.0,81.1,21.6,21.4,0
LD05,Material Loading,CAT-950M,Rainy,Beginner,8,Eco,1667,Quick,1,108.4,None,None,80% Gravel,None,None,None,85.0,44.2,16.5,29.2,0
GR05,Grading,CAT-140,Cloudy,Intermediate,8,Power,1903,Quick,1,90.0,None,None,None,Deep Cut 45°,2nd Gear,None,85.0,50.7,30.3,53.3,0
T005,Demolition,CAT-349,Windy,Intermediate,6,Power,1479,Fine,1,90.0,None,None,None,None,None,High Flow,82.4,128.1,39.5,43.6,0
GR04,Grading,CAT-140,Cloudy,Intermediate,7,Smart,1822,Quick,1,90.0,None,None,None,Spread 25°,1st Gear,None,85.0,95.6,21.4,35.1,0
T001,Earth Excavation,CAT-320,Sunny,Expert,2,Smart,1973,Medium,1,86.7,Balanced,None,None,None,None,None,85.0,59.0,22.2,23.6,0
T004,Grading,CAT-140,Windy,Expert,1,Smart,1396,Medium,0,90.0,None,None,None,Spread 25°,3rd Gear,None,85.0,61.1,13.6,37.7,0
TR03,Trenching,CAT-420,Rainy,Intermediate,4,Eco,1883,Fine,1,64.8,None,Locked Down,None,None,None,None,85.0,95.8,10.1,31.5,0
LD02,Material Loading,CAT-950M,Sunny,Expert,2,Smart,1872,Medium,1,98.4,None,None,80% Gravel,None,None,None,85.0,26.5,21.7,16.3,0
EX03,Earth Excavation,CAT-320,Rainy,Intermediate,3,Power,1728,Medium,1,91.7,Boom Power,None,None,None,None,None,85.0,56.3,23.4,29.7,0
EX03,Earth Excavation,CAT-320,Sunny,Intermediate,7,Smart,1403,Fine,1,59.4,Swing Priority,None,None,None,None,None,85.0,90.7,13.8,33.8,0
T003,Material Loading,CAT-950M,Sunny,Beginner,5,Smart,2050,Medium,1,99.6,None,None,80% Gravel,None,None,None,85.0,44.8,26.2,40.2,0
GR04,Grading,CAT-140,Cloudy,Intermediate,7,Smart,1739,Fine,0,90.0,None,None,None,Deep Cut 45°,1st Gear,None,85.0,90.0,20.7,39.4,0
T003,Material Loading,CAT-950M,Cloudy,Beginner,3,Smart,1479,Quick,0,54.1,None,None,60% Mud,None,None,None,85.0,54.3,15.6,25.4,0
EX04,Earth Excavation,CAT-320,Cloudy,Beginner,1,Power,1473,Fine,0,84.0,Balanced,None,None,None,None,None,85.0,55.9,17.4,29.7,0
T004,Grading,CAT-140,Rainy,Beginner,1,Smart,1852,Fine,0,90.0,None,None,None,Normal 35°,2nd Gear,None,85.0,42.8,20.2,17.0,0
DM02,Demolition,CAT-349,Sunny,Expert,4,Power,2010,Medium,1,90.0,None,None,None,None,None,Low Flow,66.4,79.9,60.0,45.4,0
EX02,Earth Excavation,CAT-320,Sunny,Intermediate,4,Smart,1718,Medium,0,108.0,Boom Power,None,None,None,None,None,85.0,89.0,18.2,37.6,0
EX03,Earth Excavation,CAT-320,Sunny,Beginner,4,Smart,1453,Medium,0,55.8,Boom Power,None,None,None,None,None,85.0,84.4,13.6,29.1,0
TR05,Trenching,CAT-420,Sunny,Beginner,3,Power,1322,Fine,1,66.3,None,Standard,None,None,None,None,85.0,41.7,8.8,32.4,0
EX05,Earth Excavation,CAT-320,Windy,Expert,6,Power,1541,Medium,0,64.3,Boom Power,None,None,None,None,None,85.0,118.2,20.7,46.9,0
GR02,Grading,CAT-140,Sunny,Expert,2,Power,1480,Fine,1,90.0,None,None,None,Spread 25°,2nd Gear,None,85.0,54.5,19.1,27.8,0
T003,Material Loading,CAT-950M,Cloudy,Beginner,3,Power,1800,Medium,1,79.4,None,None,80% Gravel,None,None,None,85.0,42.4,26.8,32.8,0
GR02,Grading,CAT-140,Sunny,Expert,2,Power,1584,Quick,1,90.0,None,None,None,Normal 35°,1st Gear,None,85.0,54.0,21.3,28.6,0
TR05,Trenching,CAT-420,Sunny,Beginner,3,Eco,1745,Fine,1,80.5,None,Locked Down,None,None,None,None,85.0,48.4,8.1,15.9,0
EX05,Earth Excavation,CAT-320,Windy,Expert,6,Eco,1744,Quick,1,56.5,Swing Priority,None,None,None,None,None,85.0,118.3,15.9,23.6,0
EX04,Earth Excavation,CAT-320,Rainy,Expert,3,Eco,1729,Medium,1,88.0,Boom Power,None,None,None,None,None,85.0,55.2,15.2,11.7,0
T003,Material Loading,CAT-950M,Cloudy,Beginner,3,Power,1950,Medium,1,51.6,None,None,60% Mud,None,None,None,85.0,44.3,30.1,41.3,0
T005,Demolition,CAT-349,Windy,Intermediate,6,Power,1765,Quick,1,90.0,None,None,None,None,None,Medium Flow,99.7,112.5,51.2,87.5,0
DM03,Demolition,CAT-349,Windy,Intermediate,7,Smart,1382,Quick,0,90.0,None,None,None,None,None,Low Flow,70.6,176.6,28.1,51.9,0
LD03,Material Loading,CAT-950M,Rainy,Intermediate,5,Eco,1727,Fine,0,98.9,None,None,80% Gravel,None,None,None,85.0,61.3,16.8,28.5,0
LD03,Material Loading,CAT-950M,Rainy,Intermediate,5,Smart,1707,Medium,1,104.2,None,None,80% Gravel,None,None,None,85.0,49.0,20.2,25.3,0
DM03,Demolition,CAT-349,Windy,Intermediate,3,Power,1464,Quick,1,90.0,None,None,None,None,None,Medium Flow,96.4,118.6,37.0,45.9,0
DM05,Demolition,CAT-349,Windy,Expert,8,Power,2183,Fine,0,90.0,None,None,None,None,None,Low Flow,90.6,154.3,72.5,92.8,0
TR04,Trenching,CAT-420,Rainy,Intermediate,6,Smart,2017,Medium,0,70.6,None,Soft Ground,None,None,None,None,85.0,81.0,13.2,49.5,0
TR03,Trenching,CAT-420,Cloudy,Intermediate,5,Smart,1470,Medium,1,52.4,None,Locked Down,None,None,None,None,85.0,68.4,7.7,27.2,0
T002,Trenching,CAT-420,Rainy,Intermediate,4,Eco,1636,Quick,0,85.9,None,Standard,None,None,None,None,85.0,80.9,8.1,39.6,0
GR05,Grading,CAT-140,Windy,Beginner,3,Eco,1819,Fine,1,90.0,None,None,None,Deep Cut 45°,1st Gear,None,85.0,37.5,16.7,13.6,0
TR02,Trenching,CAT-420,Sunny,Expert,2,Power,1415,Quick,1,80.3,None,Locked Down,None,None,None,None,85.0,41.2,9.4,26.3,0
GR02,Grading,CAT-140,Sunny,Expert,2,Smart,1476,Quick,1,90.0,None,None,None,Deep Cut 45°,3rd Gear,None,85.0,75.2,15.0,32.1,0
TR02,Trenching,CAT-420,Sunny,Expert,2,Power,1535,Fine,1,60.0,None,Locked Down,None,None,None,None,85.0,33.0,10.5,27.8,0
GR04,Grading,CAT-140,Cloudy,Intermediate,7,Power,1960,Medium,0,90.0,None,None,None,Normal 35°,1st Gear,None,85.0,97.3,31.4,61.6,0
LD04,Material Loading,CAT-950M,Windy,Intermediate,4,Eco,1686,Medium,1,84.4,None,None,80% Gravel,None,None,None,85.0,42.8,16.3,16.9,0
LD05,Material Loading,CAT-950M,Rainy,Expert,6,Eco,1753,Medium,0,66.3,None,None,100% Max,None,None,None,85.0,52.8,18.9,47.9,0
EX02,Earth Excavation,CAT-320,Cloudy,Intermediate,7,Eco,1516,Quick,0,80.9,Swing Priority,None,None,None,None,None,85.0,113.7,13.2,33.9,0
LD05,Material Loading,CAT-950M,Sunny,Expert,1,Eco,1818,Medium,0,67.4,None,None,60% Mud,None,None,None,85.0,38.2,17.3,14.0,0
TR04,Trenching,CAT-420,Rainy,Intermediate,6,Power,2147,Medium,0,69.7,None,Locked Down,None,None,None,None,85.0,89.6,18.5,83.8,0
DM05,Demolition,CAT-349,Windy,Expert,8,Smart,1327,Quick,1,90.0,None,None,None,None,None,Medium Flow,65.7,128.4,26.9,37.0,0
GR04,Grading,CAT-140,Cloudy,Intermediate,7,Power,1652,Quick,0,90.0,None,None,None,Spread 25°,1st Gear,None,85.0,111.7,23.8,53.3,0
LD03,Material Loading,CAT-950M,Rainy,Intermediate,5,Smart,1426,Fine,1,87.7,None,None,60% Mud,None,None,None,85.0,58.0,15.4,27.7,0
T001,Earth Excavation,CAT-320,Sunny,Expert,2,Eco,1448,Medium,1,109.9,Balanced,None,None,None,None,None,85.0,81.5,11.4,19.7,0
T001,Earth Excavation,CAT-320,Sunny,Expert,2,Power,1538,Quick,0,87.1,Boom Power,None,None,None,None,None,85.0,74.8,19.1,35.8,0
TR05,Trenching,CAT-420,Sunny,Beginner,3,Smart,1826,Fine,1,54.6,None,Soft Ground,None,None,None,None,85.0,43.1,10.9,20.2,0
DM04,Demolition,CAT-349,Rainy,Intermediate,5,Eco,1519,Medium,0,90.0,None,None,None,None,None,High Flow,75.4,122.8,26.5,39.7,0
DM03,Demolition,CAT-349,Windy,Intermediate,7,Eco,1584,Fine,1,90.0,None,None,None,None,None,Low Flow,92.4,169.2,28.4,57.1,0
T001,Earth Excavation,CAT-320,Sunny,Beginner,5,Eco,1731,Medium,0,91.0,Boom Power,None,None,None,None,None,85.0,93.3,15.2,29.4,0
DM05,Demolition,CAT-349,Windy,Intermediate,2,Power,1368,Quick,0,90.0,None,None,None,None,None,Low Flow,97.2,136.6,33.1,61.2,0
LD02,Material Loading,CAT-950M,Cloudy,Intermediate,3,Eco,1684,Quick,1,94.5,None,None,100% Max,None,None,None,85.0,29.0,14.9,13.3,0
T001,Earth Excavation,CAT-320,Sunny,Beginner,2,Eco,1385,Medium,0,67.9,Boom Power,None,None,None,None,None,85.0,111.9,9.9,16.3,0
GR03,Grading,CAT-140,Rainy,Intermediate,6,Power,1499,Medium,0,90.0,None,None,None,Normal 35°,2nd Gear,None,85.0,89.9,20.8,49.9,0
EX04,Earth Excavation,CAT-320,Windy,Beginner,4,Eco,1225,Quick,1,52.9,Boom Power,None,None,None,None,None,85.0,72.4,9.0,18.8,0
DM04,Demolition,CAT-349,Rainy,Intermediate,5,Power,1820,Fine,1,90.0,None,None,None,None,None,Medium Flow,66.8,83.5,52.5,42.2,0
GR03,Grading,CAT-140,Windy,Expert,6,Smart,1866,Fine,1,90.0,None,None,None,Spread 25°,2nd Gear,None,85.0,76.1,22.9,34.6,0
TR02,Trenching,CAT-420,Sunny,Expert,2,Smart,2105,Fine,1,93.4,None,Standard,None,None,None,None,85.0,39.6,13.4,36.2,0
T005,Demolition,CAT-349,Windy,Intermediate,6,Power,1400,Fine,1,90.0,None,None,None,None,None,Medium Flow,92.8,147.5,36.4,72.6,0
EX03,Earth Excavation,CAT-320,Rainy,Intermediate,3,Eco,1689,Quick,1,61.6,Swing Priority,None,None,None,None,None,85.0,66.8,14.2,12.3,0
GR04,Grading,CAT-140,Cloudy,Intermediate,7,Smart,1919,Quick,1,90.0,None,None,None,Deep Cut 45°,2nd Gear,None,85.0,91.8,24.1,42.7,0
EX04,Earth Excavation,CAT-320,Cloudy,Beginner,1,Eco,1249,Quick,0,105.3,Balanced,None,None,None,None,None,85.0,65.1,8.4,20.8,0
GR03,Grading,CAT-140,Cloudy,Beginner,1,Eco,1621,Medium,1,90.0,None,None,None,Spread 25°,3rd Gear,None,85.0,71.5,14.1,5.6,0
TR04,Trenching,CAT-420,Rainy,Intermediate,5,Smart,1764,Fine,1,97.1,None,Standard,None,None,None,None,85.0,70.8,10.9,41.0,0
EX03,Earth Excavation,CAT-320,Rainy,Intermediate,3,Power,1507,Medium,1,88.9,Swing Priority,None,None,None,None,None,85.0,60.1,18.8,32.5,0
TR05,Trenching,CAT-420,Sunny,Beginner,3,Power,1514,Fine,1,71.4,None,Locked Down,None,None,None,None,85.0,40.7,10.5,26.6,0
GR05,Grading,CAT-140,Windy,Beginner,3,Eco,1670,Medium,0,90.0,None,None,None,Normal 35°,2nd Gear,None,85.0,40.5,15.3,18.6,0
T003,Material Loading,CAT-950M,Rainy,Expert,4,Eco,2002,Fine,0,107.3,None,None,80% Gravel,None,None,None,85.0,68.9,20.4,34.1,0
DM05,Demolition,CAT-349,Windy,Expert,8,Power,1429,Fine,1,90.0,None,None,None,None,None,High Flow,70.9,154.6,38.9,59.5,0
GR04,Grading,CAT-140,Cloudy,Beginner,5,Smart,1862,Fine,0,90.0,None,None,None,Normal 35°,1st Gear,None,85.0,83.5,22.2,34.3,0
DM02,Demolition,CAT-349,Sunny,Expert,4,Power,2155,Fine,0,90.0,None,None,None,None,None,Low Flow,90.3,101.9,67.3,63.8,0
GR04,Grading,CAT-140,Cloudy,Intermediate,7,Smart,1749,Fine,1,90.0,None,None,None,Normal 35°,2nd Gear,None,85.0,67.9,20.9,33.3,0
GR03,Grading,CAT-140,Rainy,Intermediate,6,Eco,1465,Quick,1,90.0,None,None,None,Spread 25°,1st Gear,None,85.0,87.6,12.8,23.1,0
T003,Material Loading,CAT-950M,Cloudy,Beginner,3,Power,1953,Quick,1,62.4,None,None,60% Mud,None,None,None,85.0,40.5,30.3,39.1,0
T005,Demolition,CAT-349,Windy,Expert,4,Power,1371,Fine,0,90.0,None,None,None,None,None,High Flow,85.6,144.6,34.8,43.4,0
GR02,Grading,CAT-140,Sunny,Expert,2,Smart,1223,Fine,1,90.0,None,None,None,Normal 35°,3rd Gear,None,85.0,66.6,11.3,31.2,0
DM04,Demolition,CAT-349,Rainy,Expert,8,Eco,1833,Fine,1,90.0,None,None,None,None,None,High Flow,88.5,117.2,35.8,41.9,0
DM02,Demolition,CAT-349,Sunny,Expert,4,Power,1870,Medium,0,90.0,None,None,None,None,None,Medium Flow,88.8,103.2,54.7,52.2,0
GR04,Grading,CAT-140,Cloudy,Intermediate,7,Power,1917,Medium,0,90.0,None,None,None,Deep Cut 45°,1st Gear,None,85.0,100.8,30.3,57.5,0
DM03,Demolition,CAT-349,Windy,Intermediate,7,Power,2194,Quick,1,90.0,None,None,None,None,None,Low Flow,89.1,125.6,71.5,79.4,0
LD03,Material Loading,CAT-950M,Rainy,Intermediate,5,Power,1645,Medium,1,72.7,None,None,100% Max,None,None,None,85.0,50.2,27.3,57.1,0
T002,Trenching,CAT-420,Sunny,Beginner,4,Power,1497,Fine,0,61.8,None,Soft Ground,None,None,None,None,85.0,60.9,10.9,42.1,0
DM04,Demolition,CAT-349,Rainy,Intermediate,5,Eco,1859,Quick,0,90.0,None,None,None,None,None,Low Flow,68.2,108.6,34.5,37.7,0
TR04,Trenching,CAT-420,Sunny,Expert,4,Eco,1454,Quick,0,77.7,None,Soft Ground,None,None,None,None,85.0,77.9,6.7,25.2,0
T003,Material Loading,CAT-950M,Cloudy,Beginner,3,Eco,1641,Fine,1,108.4,None,None,60% Mud,None,None,None,85.0,61.2,14.4,14.0,0
LD02,Material Loading,CAT-950M,Sunny,Expert,2,Smart,1484,Medium,1,86.7,None,None,100% Max,None,None,None,85.0,27.7,15.5,16.6,0
TR04,Trenching,CAT-420,Rainy,Intermediate,6,Eco,1861,Quick,0,53.8,None,Standard,None,None,None,None,85.0,98.4,9.8,45.6,0
LD02,Material Loading,CAT-950M,Sunny,Expert,2,Power,1990,Quick,0,67.1,None,None,80% Gravel,None,None,None,85.0,26.9,30.3,46.9,0
TR04,Trenching,CAT-420,Rainy,Intermediate,6,Smart,2166,Fine,1,70.0,None,Soft Ground,None,None,None,None,85.0,70.1,14.9,53.4,0
EX02,Earth Excavation,CAT-320,Sunny,Expert,8,Smart,1359,Fine,1,52.4,Balanced,None,None,None,None,None,85.0,123.3,13.3,37.4,0
EX05,Earth Excavation,CAT-320,Windy,Expert,6,Eco,1858,Medium,1,89.7,Balanced,None,None,None,None,None,85.0,104.6,17.3,23.7,0
DM05,Demolition,CAT-349,Windy,Expert,8,Power,1954,Medium,0,90.0,None,None,None,None,None,High Flow,79.9,137.3,61.3,74.2,0
TR03,Trenching,CAT-420,Cloudy,Intermediate,5,Power,1514,Medium,1,59.0,None,Standard,None,None,None,None,85.0,69.7,10.4,38.1,0
TR04,Trenching,CAT-420,Rainy,Intermediate,6,Eco,1458,Medium,1,98.2,None,Soft Ground,None,None,None,None,85.0,63.6,6.7,23.9,0
DM05,Demolition,CAT-349,Windy,Expert,8,Smart,1731,Medium,0,90.0,None,None,None,None,None,High Flow,71.5,146.1,40.2,53.9,0
GR02,Grading,CAT-140,Sunny,Expert,2,Eco,1266,Fine,0,90.0,None,None,None,Normal 35°,3rd Gear,None,85.0,72.6,9.7,33.0,0
TR04,Trenching,CAT-420,Rainy,Intermediate,6,Smart,1362,Quick,1,61.1,None,Standard,None,None,None,None,85.0,85.3,7.8,44.7,0
DM04,Demolition,CAT-349,Rainy,Intermediate,5,Eco,1965,Quick,1,90.0,None,None,None,None,None,Low Flow,88.2,93.9,38.3,37.0,0
TR03,Trenching,CAT-420,Cloudy,Expert,4,Power,1943,Quick,1,76.0,None,Locked Down,None,None,None,None,85.0,76.7,15.9,41.1,0
T002,Trenching,CAT-420,Rainy,Intermediate,4,Power,1896,Fine,0,101.6,None,Soft Ground,None,None,None,None,85.0,61.7,14.7,45.8,0
T003,Material Loading,CAT-950M,Windy,Beginner,6,Smart,1379,Fine,0,89.4,None,None,100% Max,None,None,None,85.0,74.3,14.5,38.4,0
TR05,Trenching,CAT-420,Windy,Expert,5,Smart,2154,Quick,0,96.8,None,Standard,None,None,None,None,85.0,67.7,14.2,55.7,0
DM02,Demolition,CAT-349,Cloudy,Intermediate,2,Smart,1793,Quick,0,90.0,None,None,None,None,None,Low Flow,68.3,91.4,38.4,21.8,0
T003,Material Loading,CAT-950M,Cloudy,Beginner,3,Smart,1728,Medium,1,89.7,None,None,60% Mud,None,None,None,85.0,45.7,19.9,20.2,0
GR03,Grading,CAT-140,Rainy,Intermediate,6,Eco,1911,Medium,1,90.0,None,None,None,Spread 25°,3rd Gear,None,85.0,85.3,19.3,28.3,0
EX03,Earth Excavation,CAT-320,Rainy,Intermediate,3,Eco,1892,Fine,1,76.3,Swing Priority,None,None,None,None,None,85.0,65.3,16.9,17.0,0
TR02,Trenching,CAT-420,Sunny,Expert,2,Power,1996,Quick,0,83.5,None,Locked Down,None,None,None,None,85.0,51.3,15.7,44.9,0
GR03,Grading,CAT-140,Rainy,Intermediate,6,Eco,1975,Fine,1,90.0,None,None,None,Spread 25°,2nd Gear,None,85.0,82.5,19.9,34.4,0
EX04,Earth Excavation,CAT-320,Cloudy,Beginner,1,Eco,1428,Quick,1,67.9,Balanced,None,None,None,None,None,85.0,59.6,10.7,6.5,0
T005,Demolition,CAT-349,Windy,Intermediate,6,Smart,2010,Fine,0,90.0,None,None,None,None,None,Low Flow,76.1,149.9,49.0,57.2,0
GR05,Grading,CAT-140,Windy,Beginner,3,Smart,1613,Quick,1,90.0,None,None,None,Deep Cut 45°,1st Gear,None,85.0,42.0,16.7,18.7,0
EX02,Earth Excavation,CAT-320,Sunny,Intermediate,4,Smart,1878,Quick,0,79.0,Boom Power,None,None,None,None,None,85.0,80.0,21.6,30.3,0
DM04,Demolition,CAT-349,Rainy,Intermediate,5,Smart,1946,Fine,1,90.0,None,None,None,None,None,Medium Flow,68.0,85.5,46.4,35.7,0
EX04,Earth Excavation,CAT-320,Cloudy,Beginner,1,Power,1931,Fine,1,81.6,Balanced,None,None,None,None,None,85.0,43.4,26.2,30.5,0
T001,Earth Excavation,CAT-320,Sunny,Expert,2,Smart,1267,Medium,1,78.2,Boom Power,None,None,None,None,None,85.0,77.1,11.3,16.4,0
DM03,Demolition,CAT-349,Windy,Intermediate,7,Power,1369,Fine,1,90.0,None,None,None,None,None,High Flow,72.8,153.5,35.6,57.5,0
T001,Earth Excavation,CAT-320,Sunny,Expert,2,Eco,1966,Fine,1,94.9,Swing Priority,None,None,None,None,None,85.0,80.5,17.6,19.7,0
DM04,Demolition,CAT-349,Rainy,Intermediate,5,Eco,1798,Fine,1,90.0,None,None,None,None,None,Low Flow,86.5,111.2,32.7,29.8,0
EX05,Earth Excavation,CAT-320,Windy,Expert,6,Eco,1499,Quick,1,94.4,Boom Power,None,None,None,None,None,85.0,105.2,12.4,25.0,0
EX05,Earth Excavation,CAT-320,Windy,Expert,6,Power,1714,Quick,0,56.2,Boom Power,None,None,None,None,None,85.0,108.5,24.1,49.8,0
DM05,Demolition,CAT-349,Cloudy,Beginner,7,Power,1530,Fine,1,90.0,None,None,None,None,None,Low Flow,83.5,147.1,42.0,55.6,0
T004,Grading,CAT-140,Sunny,Expert,5,Eco,1440,Medium,0,90.0,None,None,None,Spread 25°,3rd Gear,None,85.0,58.2,12.5,43.2,0
LD04,Material Loading,CAT-950M,Windy,Intermediate,4,Eco,1965,Fine,0,101.0,None,None,80% Gravel,None,None,None,85.0,51.9,19.4,34.0,0
EX04,Earth Excavation,CAT-320,Cloudy,Beginner,1,Power,1261,Fine,0,95.2,Boom Power,None,None,None,None,None,85.0,59.5,14.1,32.4,0
DM03,Demolition,CAT-349,Windy,Intermediate,7,Power,1971,Quick,1,90.0,None,None,None,None,None,High Flow,87.1,129.2,61.6,64.2,0
GR04,Grading,CAT-140,Windy,Expert,3,Power,1720,Quick,1,90.0,None,None,None,Normal 35°,2nd Gear,None,85.0,84.9,24.3,32.0,0
T002,Trenching,CAT-420,Rainy,Intermediate,4,Smart,1475,Medium,0,62.2,None,Locked Down,None,None,None,None,85.0,75.0,7.7,44.1,0
TR02,Trenching,CAT-420,Sunny,Intermediate,4,Smart,2000,Medium,1,76.6,None,Standard,None,None,None,None,85.0,40.9,12.8,32.9,0
EX03,Earth Excavation,CAT-320,Sunny,Beginner,3,Eco,1846,Quick,1,96.2,Swing Priority,None,None,None,None,None,85.0,54.8,16.5,11.9,0
GR03,Grading,CAT-140,Rainy,Intermediate,6,Power,1394,Quick,1,90.0,None,None,None,Spread 25°,1st Gear,None,85.0,86.2,18.7,42.8,0
GR02,Grading,CAT-140,Sunny,Expert,2,Eco,1759,Fine,0,90.0,None,None,None,Spread 25°,3rd Gear,None,85.0,73.3,15.9,33.6,0
GR05,Grading,CAT-140,Windy,Beginner,3,Eco,1709,Fine,1,90.0,None,None,None,Spread 25°,2nd Gear,None,85.0,33.2,15.7,12.4,0
GR02,Grading,CAT-140,Sunny,Expert,2,Smart,1497,Medium,0,90.0,None,None,None,Spread 25°,1st Gear,None,85.0,56.9,15.3,21.6,0
EX02,Earth Excavation,CAT-320,Sunny,Intermediate,4,Eco,1564,Fine,1,109.8,Swing Priority,None,None,None,None,None,85.0,114.0,13.1,26.2,0
DM03,Demolition,CAT-349,Windy,Intermediate,7,Power,1853,Fine,1,90.0,None,None,None,None,None,Low Flow,89.4,132.7,56.0,53.6,0
LD04,Material Loading,CAT-950M,Sunny,Intermediate,6,Eco,1807,Quick,0,85.3,None,None,80% Gravel,None,None,None,85.0,48.1,18.0,30.4,0
T001,Earth Excavation,CAT-320,Sunny,Expert,2,Eco,1390,Fine,1,50.3,Boom Power,None,None,None,None,None,85.0,106.1,10.3,12.0,0
T001,Earth Excavation,CAT-320,Sunny,Intermediate,2,Eco,1450,Quick,1,95.7,Boom Power,None,None,None,None,None,85.0,79.9,11.8,8.8,0
EX03,Earth Excavation,CAT-320,Rainy,Intermediate,3,Eco,1370,Medium,1,74.6,Swing Priority,None,None,None,None,None,85.0,73.4,10.3,12.9,0
LD05,Material Loading,CAT-950M,Cloudy,Expert,1,Power,1873,Quick,0,71.1,None,None,60% Mud,None,None,None,85.0,30.0,27.6,32.1,0
LD02,Material Loading,CAT-950M,Sunny,Expert,2,Power,1726,Fine,1,55.9,None,None,100% Max,None,None,None,85.0,26.8,24.9,29.7,0
T005,Demolition,CAT-349,Windy,Intermediate,6,Smart,1951,Medium,0,90.0,None,None,None,None,None,High Flow,79.6,117.3,46.6,46.5,0
EX05,Earth Excavation,CAT-320,Windy,Expert,6,Power,1574,Quick,1,94.4,Balanced,None,None,None,None,None,85.0,93.8,21.1,42.8,0
GR02,Grading,CAT-140,Sunny,Beginner,3,Smart,1315,Quick,1,90.0,None,None,None,Spread 25°,2nd Gear,None,85.0,65.3,12.8,18.4,0
LD03,Material Loading,CAT-950M,Rainy,Intermediate,5,Power,1405,Medium,1,101.7,None,None,60% Mud,None,None,None,85.0,49.2,18.5,40.0,0
GR05,Grading,CAT-140,Windy,Beginner,3,Power,1224,Medium,1,90.0,None,None,None,Normal 35°,2nd Gear,None,85.0,42.7,14.6,32.0,0
T005,Demolition,CAT-349,Windy,Intermediate,6,Smart,1422,Quick,1,90.0,None,None,None,None,None,High Flow,84.9,117.1,29.1,31.7,0
EX05,Earth Excavation,CAT-320,Windy,Expert,6,Power,1272,Fine,0,85.0,Swing Priority,None,None,None,None,None,85.0,135.5,15.4,49.9,0
TR04,Trenching,CAT-420,Rainy,Intermediate,6,Smart,1863,Medium,1,61.9,None,Standard,None,None,None,None,85.0,77.7,12.2,44.4,0
TR05,Trenching,CAT-420,Windy,Expert,1,Power,2153,Fine,1,54.3,None,Soft Ground,None,None,None,None,85.0,46.0,17.5,46.8,0
LD04,Material Loading,CAT-950M,Windy,Intermediate,4,Smart,1784,Quick,1,50.6,None,None,100% Max,None,None,None,85.0,36.4,21.2,23.6,0
LD05,Material Loading,CAT-950M,Sunny,Expert,1,Eco,2072,Quick,1,60.8,None,None,100% Max,None,None,None,85.0,28.9,21.1,23.7,0
T002,Trenching,CAT-420,Rainy,Intermediate,4,Eco,1982,Medium,1,51.3,None,Soft Ground,None,None,None,None,85.0,58.5,10.5,27.6,0
LD03,Material Loading,CAT-950M,Rainy,Intermediate,5,Power,1611,Fine,1,95.1,None,None,100% Max,None,None,None,85.0,59.3,26.1,55.8,0
DM04,Demolition,CAT-349,Rainy,Intermediate,5,Power,1796,Quick,0,90.0,None,None,None,None,None,High Flow,76.2,90.8,51.8,52.2,0
T002,Trenching,CAT-420,Rainy,Intermediate,4,Smart,2056,Medium,1,78.8,None,Soft Ground,None,None,None,None,85.0,61.4,13.1,38.6,0
GR02,Grading,CAT-140,Sunny,Expert,2,Power,1796,Fine,1,90.0,None,None,None,Spread 25°,2nd Gear,None,85.0,53.9,25.5,27.5,0
TR04,Trenching,CAT-420,Rainy,Intermediate,6,Power,1579,Fine,0,69.8,None,Standard,None,None,None,None,85.0,73.9,11.6,63.0,0
GR05,Grading,CAT-140,Windy,Beginner,3,Power,1699,Fine,1,90.0,None,None,None,Deep Cut 45°,3rd Gear,None,85.0,33.7,24.1,30.4,0
DM02,Demolition,CAT-349,Windy,Beginner,5,Eco,1792,Fine,1,90.0,None,None,None,None,None,High Flow,80.6,137.1,33.3,30.7,0
EX05,Earth Excavation,CAT-320,Windy,Expert,6,Power,1687,Quick,1,102.5,Swing Priority,None,None,None,None,None,85.0,93.3,23.4,51.5,0
TR05,Trenching,CAT-420,Cloudy,Intermediate,2,Eco,1953,Medium,0,73.8,None,Locked Down,None,None,None,None,85.0,59.0,9.8,25.3,0
LD03,Material Loading,CAT-950M,Rainy,Intermediate,5,Smart,1776,Medium,1,96.6,None,None,60% Mud,None,None,None,85.0,45.2,22.2,29.0,0
T002,Trenching,CAT-420,Rainy,Intermediate,4,Eco,1925,Quick,1,77.4,None,Standard,None,None,None,None,85.0,76.7,9.9,34.5,0
GR03,Grading,CAT-140,Rainy,Intermediate,6,Smart,1202,Fine,1,90.0,None,None,None,Deep Cut 45°,1st Gear,None,85.0,65.3,11.5,30.1,0
DM02,Demolition,CAT-349,Sunny,Expert,4,Smart,1753,Medium,1,90.0,None,None,None,None,None,Medium Flow,93.1,96.2,38.8,39.0,0
TR05,Trenching,CAT-420,Sunny,Beginner,3,Power,1933,Quick,1,83.6,None,Soft Ground,None,None,None,None,85.0,51.2,15.5,38.9,0
DM05,Demolition,CAT-349,Windy,Expert,8,Eco,2013,Medium,0,90.0,None,None,None,None,None,High Flow,74.0,163.5,40.8,62.1,0
GR02,Grading,CAT-140,Sunny,Expert,2,Smart,1707,Medium,1,90.0,None,None,None,Spread 25°,2nd Gear,None,85.0,52.9,18.7,15.6,0
GR05,Grading,CAT-140,Sunny,Beginner,6,Smart,1776,Quick,1,90.0,None,None,None,Normal 35°,1st Gear,None,85.0,45.2,21.0,29.2,0
TR02,Trenching,CAT-420,Rainy,Beginner,6,Power,1479,Medium,1,62.5,None,Locked Down,None,None,None,None,85.0,45.6,10.8,57.4,0
EX04,Earth Excavation,CAT-320,Cloudy,Beginner,1,Eco,1652,Fine,1,63.6,Swing Priority,None,None,None,None,None,85.0,58.0,13.6,5.8,0
EX04,Earth Excavation,CAT-320,Windy,Expert,8,Eco,1205,Quick,0,90.9,Swing Priority,None,None,None,None,None,85.0,72.1,9.5,37.3,0
TR03,Trenching,CAT-420,Cloudy,Intermediate,5,Power,1559,Quick,0,76.4,None,Soft Ground,None,None,None,None,85.0,91.9,11.6,45.5,0
EX05,Earth Excavation,CAT-320,Windy,Expert,6,Smart,1480,Fine,0,96.3,Balanced,None,None,None,None,None,85.0,129.9,14.8,39.8,0
EX02,Earth Excavation,CAT-320,Sunny,Intermediate,8,Smart,1823,Fine,1,64.1,Boom Power,None,None,None,None,None,85.0,102.1,21.1,37.3,0
LD04,Material Loading,CAT-950M,Sunny,Beginner,1,Eco,1626,Fine,1,108.9,None,None,60% Mud,None,None,None,85.0,47.7,14.8,5.0,0
GR04,Grading,CAT-140,Cloudy,Intermediate,7,Smart,1328,Fine,1,90.0,None,None,None,Deep Cut 45°,3rd Gear,None,85.0,83.1,13.9,32.0,0
T001,Earth Excavation,CAT-320,Sunny,Expert,2,Smart,1591,Medium,1,56.6,Boom Power,None,None,None,None,None,85.0,81.2,15.3,15.8,0
T004,Grading,CAT-140,Sunny,Expert,5,Smart,1479,Quick,0,90.0,None,None,None,Deep Cut 45°,2nd Gear,None,85.0,49.4,15.5,30.6,0
T001,Earth Excavation,CAT-320,Rainy,Intermediate,7,Power,1628,Medium,0,87.7,Swing Priority,None,None,None,None,None,85.0,93.7,22.3,52.4,0
EX03,Earth Excavation,CAT-320,Rainy,Intermediate,3,Eco,1318,Fine,1,51.6,Boom Power,None,None,None,None,None,85.0,85.4,9.9,13.5,0
DM05,Demolition,CAT-349,Windy,Expert,8,Eco,1665,Quick,0,90.0,None,None,None,None,None,Low Flow,86.2,165.5,31.1,47.9,0
LD03,Material Loading,CAT-950M,Rainy,Intermediate,5,Smart,1727,Fine,1,91.6,None,None,80% Gravel,None,None,None,85.0,55.5,20.2,26.5,0
TR02,Trenching,CAT-420,Sunny,Expert,2,Power,1521,Fine,1,73.3,None,Locked Down,None,None,None,None,85.0,32.8,10.2,28.1,0
GR05,Grading,CAT-140,Windy,Beginner,3,Eco,1454,Fine,1,90.0,None,None,None,Normal 35°,2nd Gear,None,85.0,35.1,12.1,12.7,0
LD04,Material Loading,CAT-950M,Windy,Intermediate,4,Smart,1610,Fine,1,58.7,None,None,100% Max,None,None,None,85.0,44.4,18.2,21.4,0
TR05,Trenching,CAT-420,Sunny,Beginner,3,Power,1267,Medium,1,75.6,None,Soft Ground,None,None,None,None,85.0,45.6,8.6,33.0,0
LD02,Material Loading,CAT-950M,Sunny,Expert,2,Smart,1560,Fine,1,78.5,None,None,80% Gravel,None,None,None,85.0,30.8,16.2,14.6,0
LD04,Material Loading,CAT-950M,Windy,Intermediate,4,Power,1317,Fine,1,71.6,None,None,60% Mud,None,None,None,85.0,47.4,17.2,35.3,0
EX04,Earth Excavation,CAT-320,Windy,Beginner,1,Eco,1913,Fine,1,92.0,Swing Priority,None,None,None,None,None,85.0,51.7,16.6,8.9,0
LD02,Material Loading,CAT-950M,Sunny,Expert,2,Power,1720,Fine,1,101.0,None,None,60% Mud,None,None,None,85.0,26.4,25.3,27.4,0
LD03,Material Loading,CAT-950M,Rainy,Intermediate,5,Smart,2047,Fine,0,64.4,None,None,100% Max,None,None,None,85.0,69.0,29.5,65.7,0
TR02,Trenching,CAT-420,Sunny,Expert,2,Eco,1276,Fine,0,83.5,None,Standard,None,None,None,None,85.0,41.4,5.8,15.9,0
LD02,Material Loading,CAT-950M,Sunny,Expert,2,Smart,1982,Quick,1,58.4,None,None,80% Gravel,None,None,None,85.0,25.1,23.7,25.5,0
GR04,Grading,CAT-140,Cloudy,Intermediate,7,Power,1636,Medium,1,90.0,None,None,None,Deep Cut 45°,3rd Gear,None,85.0,82.4,23.9,45.8,0
EX05,Earth Excavation,CAT-320,Windy,Expert,6,Power,1946,Medium,0,78.7,Swing Priority,None,None,None,None,None,85.0,100.7,29.4,57.6,0
EX04,Earth Excavation,CAT-320,Cloudy,Beginner,1,Power,1527,Fine,1,100.3,Balanced,None,None,None,None,None,85.0,47.8,18.2,25.1,0
DM05,Demolition,CAT-349,Windy,Expert,8,Smart,2095,Fine,1,90.0,None,None,None,None,None,High Flow,82.8,141.2,53.0,66.9,0
GR03,Grading,CAT-140,Rainy,Beginner,7,Eco,1574,Fine,1,90.0,None,None,None,Deep Cut 45°,3rd Gear,None,85.0,73.8,13.7,27.9,0
EX04,Earth Excavation,CAT-320,Cloudy,Beginner,1,Power,1994,Medium,1,77.3,Boom Power,None,None,None,None,None,85.0,40.3,28.1,35.9,0
T001,Earth Excavation,CAT-320,Sunny,Expert,2,Eco,1595,Quick,0,101.4,Boom Power,None,None,None,None,None,85.0,85.7,13.3,16.7,0
GR04,Grading,CAT-140,Cloudy,Expert,5,Eco,1787,Fine,1,90.0,None,None,None,Normal 35°,2nd Gear,None,85.0,74.8,16.9,20.8,0
GR04,Grading,CAT-140,Windy,Expert,7,Power,1484,Medium,1,90.0,None,None,None,Deep Cut 45°,2nd Gear,None,85.0,84.9,20.4,45.6,0
GR03,Grading,CAT-140,Rainy,Intermediate,6,Power,1693,Quick,1,90.0,None,None,None,Deep Cut 45°,2nd Gear,None,85.0,79.8,24.5,42.1,0
EX03,Earth Excavation,CAT-320,Cloudy,Expert,3,Smart,1783,Quick,0,86.1,Boom Power,None,None,None,None,None,85.0,66.1,19.1,27.3,0
TR03,Trenching,CAT-420,Cloudy,Intermediate,5,Power,2127,Fine,0,104.4,None,Locked Down,None,None,None,None,85.0,80.1,17.8,66.0,0
TR05,Trenching,CAT-420,Sunny,Beginner,3,Eco,1659,Fine,1,93.3,None,Soft Ground,None,None,None,None,85.0,46.9,7.7,10.7,0
T002,Trenching,CAT-420,Rainy,Beginner,5,Smart,1305,Medium,1,90.3,None,Soft Ground,None,None,None,None,85.0,63.3,6.5,25.4,0
LD04,Material Loading,CAT-950M,Windy,Intermediate,4,Eco,1821,Quick,1,83.5,None,None,80% Gravel,None,None,None,85.0,41.5,17.3,18.0,0
T005,Demolition,CAT-349,Windy,Intermediate,6,Smart,1506,Fine,1,90.0,None,None,None,None,None,Low Flow,70.6,147.9,31.9,41.2,0
DM04,Demolition,CAT-349,Rainy,Intermediate,5,Power,1464,Quick,0,90.0,None,None,None,None,None,High Flow,69.1,102.8,38.4,56.9,0
TR03,Trenching,CAT-420,Cloudy,Intermediate,5,Power,1324,Quick,1,77.9,None,Locked Down,None,None,None,None,85.0,81.5,8.9,38.2,0
TR03,Trenching,CAT-420,Rainy,Intermediate,1,Eco,1274,Medium,1,76.1,None,Locked Down,None,None,None,None,85.0,97.9,4.4,20.3,0
EX04,Earth Excavation,CAT-320,Windy,Beginner,6,Power,1805,Fine,1,72.1,Balanced,None,None,None,None,None,85.0,59.6,25.5,43.7,0
GR03,Grading,CAT-140,Rainy,Intermediate,6,Smart,1538,Quick,0,90.0,None,None,None,Deep Cut 45°,2nd Gear,None,85.0,86.6,16.8,37.7,0
GR04,Grading,CAT-140,Cloudy,Intermediate,7,Smart,1991,Quick,0,90.0,None,None,None,Spread 25°,1st Gear,None,85.0,113.8,24.2,49.1,0
GR03,Grading,CAT-140,Rainy,Intermediate,6,Smart,1715,Fine,1,90.0,None,None,None,Deep Cut 45°,1st Gear,None,85.0,59.6,20.1,30.4,0
DM05,Demolition,CAT-349,Windy,Expert,8,Power,1747,Medium,1,90.0,None,None,None,None,None,Low Flow,81.2,123.5,51.7,61.5,0
TR04,Trenching,CAT-420,Cloudy,Expert,7,Eco,1657,Fine,1,50.9,None,Standard,None,None,None,None,85.0,64.2,7.8,26.8,0
GR02,Grading,CAT-140,Sunny,Expert,2,Eco,1618,Fine,1,90.0,None,None,None,Spread 25°,2nd Gear,None,85.0,49.4,13.8,9.6,0
DM05,Demolition,CAT-349,Windy,Expert,8,Eco,2162,Quick,1,90.0,None,None,None,None,None,Medium Flow,94.9,122.7,45.6,78.4,0
GR05,Grading,CAT-140,Windy,Beginner,3,Smart,1654,Fine,1,90.0,None,None,None,Spread 25°,2nd Gear,None,85.0,32.5,17.9,20.0,0
GR02,Grading,CAT-140,Sunny,Expert,2,Eco,1767,Quick,0,90.0,None,None,None,Deep Cut 45°,2nd Gear,None,85.0,66.7,15.8,16.0,0
T001,Earth Excavation,CAT-320,Sunny,Expert,2,Eco,1604,Medium,1,81.7,Boom Power,None,None,None,None,None,85.0,79.7,13.9,10.7,0
T005,Demolition,CAT-349,Windy,Intermediate,6,Smart,1316,Quick,1,90.0,None,None,None,None,None,High Flow,89.9,120.6,26.0,32.1,0
T003,Material Loading,CAT-950M,Cloudy,Beginner,3,Smart,1845,Fine,1,55.1,None,None,100% Max,None,None,None,85.0,51.1,21.4,20.5,0
TR02,Trenching,CAT-420,Windy,Expert,7,Eco,1707,Fine,1,92.5,None,Soft Ground,None,None,None,None,85.0,42.8,8.7,28.0,0
T005,Demolition,CAT-349,Windy,Intermediate,6,Eco,1441,Medium,1,90.0,None,None,None,None,None,High Flow,94.9,135.4,24.5,50.7,0
TR05,Trenching,CAT-420,Sunny,Beginner,3,Eco,1481,Quick,1,65.8,None,Soft Ground,None,None,None,None,85.0,58.3,6.8,13.7,0
DM04,Demolition,CAT-349,Rainy,Intermediate,5,Smart,1412,Quick,0,90.0,None,None,None,None,None,Low Flow,92.9,108.1,28.6,50.3,0
LD02,Material Loading,CAT-950M,Sunny,Expert,2,Eco,1927,Quick,1,56.7,None,None,100% Max,None,None,None,85.0,27.9,18.5,16.1,0
T005,Demolition,CAT-349,Windy,Beginner,1,Power,1962,Quick,1,90.0,None,None,None,None,None,Low Flow,65.5,97.9,56.1,41.9,0
DM05,Demolition,CAT-349,Sunny,Expert,7,Power,2078,Quick,0,90.0,None,None,None,None,None,Low Flow,83.8,129.6,66.0,77.7,0
TR02,Trenching,CAT-420,Sunny,Expert,2,Eco,1442,Fine,1,83.5,None,Standard,None,None,None,None,85.0,33.5,6.1,10.7,0
LD02,Material Loading,CAT-950M,Rainy,Intermediate,4,Smart,1449,Fine,1,100.3,None,None,60% Mud,None,None,None,85.0,37.9,15.4,22.7,0
LD05,Material Loading,CAT-950M,Sunny,Expert,1,Eco,1733,Quick,0,86.9,None,None,100% Max,None,None,None,85.0,35.8,16.5,12.9,0
T002,Trenching,CAT-420,Rainy,Intermediate,4,Eco,1380,Fine,1,76.4,None,Soft Ground,None,None,None,None,85.0,56.5,6.5,16.4,0
GR02,Grading,CAT-140,Cloudy,Intermediate,3,Smart,1466,Quick,1,90.0,None,None,None,Normal 35°,2nd Gear,None,85.0,59.7,14.8,17.5,0
EX04,Earth Excavation,CAT-320,Cloudy,Beginner,1,Smart,1218,Fine,1,90.1,Boom Power,None,None,None,None,None,85.0,54.5,10.7,11.8,0
TR05,Trenching,CAT-420,Sunny,Beginner,3,Power,1569,Fine,1,90.6,None,Soft Ground,None,None,None,None,85.0,40.2,11.3,29.5,0
GR04,Grading,CAT-140,Cloudy,Intermediate,7,Eco,1532,Medium,0,90.0,None,None,None,Spread 25°,1st Gear,None,85.0,99.8,13.6,35.4,0
LD04,Material Loading,CAT-950M,Windy,Intermediate,4,Eco,1395,Fine,1,59.8,None,None,100% Max,None,None,None,85.0,55.6,12.2,17.6,0
TR04,Trenching,CAT-420,Windy,Expert,8,Eco,1549,Fine,1,82.7,None,Locked Down,None,None,None,None,85.0,68.1,7.2,32.5,0
T004,Grading,CAT-140,Sunny,Expert,5,Eco,1766,Fine,0,90.0,None,None,None,Spread 25°,3rd Gear,None,85.0,57.8,16.5,44.5,0
EX03,Earth Excavation,CAT-320,Rainy,Expert,2,Eco,1348,Medium,1,108.3,Balanced,None,None,None,None,None,85.0,63.4,10.2,17.7,0
T002,Trenching,CAT-420,Rainy,Intermediate,4,Smart,1767,Quick,1,73.6,None,Locked Down,None,None,None,None,85.0,74.1,10.4,36.6,0
DM02,Demolition,CAT-349,Sunny,Expert,4,Eco,1868,Medium,1,90.0,None,None,None,None,None,Low Flow,73.5,96.0,34.6,15.5,0
GR03,Grading,CAT-140,Rainy,Intermediate,6,Eco,1779,Quick,0,90.0,None,None,None,Deep Cut 45°,2nd Gear,None,85.0,97.8,17.7,29.8,0
LD04,Material Loading,CAT-950M,Windy,Intermediate,4,Eco,1554,Quick,1,96.3,None,None,100% Max,None,None,None,85.0,44.8,13.7,16.9,0
T001,Earth Excavation,CAT-320,Sunny,Expert,2,Power,1366,Quick,1,92.4,Boom Power,None,None,None,None,None,85.0,69.8,15.7,26.9,0
LD04,Material Loading,CAT-950M,Windy,Intermediate,4,Eco,2003,Medium,1,59.7,None,None,60% Mud,None,None,None,85.0,43.4,20.4,27.1,0
LD03,Material Loading,CAT-950M,Windy,Intermediate,4,Power,1677,Fine,1,87.6,None,None,60% Mud,None,None,None,85.0,53.3,24.3,35.7,0
LD02,Material Loading,CAT-950M,Windy,Beginner,3,Power,1953,Fine,0,64.1,None,None,100% Max,None,None,None,85.0,32.0,30.8,46.5,0
LD02,Material Loading,CAT-950M,Sunny,Expert,2,Eco,1474,Fine,1,60.6,None,None,100% Max,None,None,None,85.0,34.5,12.9,8.5,0
DM02,Demolition,CAT-349,Sunny,Expert,4,Smart,1510,Quick,1,90.0,None,None,None,None,None,Low Flow,71.4,92.5,30.8,21.2,0
DM02,Demolition,CAT-349,Sunny,Expert,4,Power,1348,Fine,1,90.0,None,None,None,None,None,High Flow,80.0,121.5,33.5,46.1,0
T005,Demolition,CAT-349,Rainy,Expert,2,Eco,2074,Medium,1,90.0,None,None,None,None,None,Medium Flow,65.3,134.3,39.6,33.8,0
DM05,Demolition,CAT-349,Windy,Expert,8,Eco,1620,Quick,1,90.0,None,None,None,None,None,High Flow,94.5,147.8,29.4,68.6,0
TR04,Trenching,CAT-420,Rainy,Intermediate,6,Power,1290,Quick,1,104.8,None,Locked Down,None,None,None,None,85.0,83.3,8.8,57.4,0
T001,Earth Excavation,CAT-320,Rainy,Intermediate,1,Eco,1954,Quick,1,60.0,Swing Priority,None,None,None,None,None,85.0,86.0,17.0,13.6,0
DM02,Demolition,CAT-349,Windy,Expert,5,Smart,2012,Quick,0,90.0,None,None,None,None,None,High Flow,67.2,113.7,48.1,52.3,0
T003,Material Loading,CAT-950M,Sunny,Intermediate,2,Smart,1335,Medium,1,107.4,None,None,100% Max,None,None,None,85.0,52.0,13.4,17.9,0
LD05,Material Loading,CAT-950M,Sunny,Beginner,8,Smart,1489,Fine,0,65.7,None,None,100% Max,None,None,None,85.0,42.6,16.8,45.1,0
LD03,Material Loading,CAT-950M,Rainy,Intermediate,5,Smart,1685,Fine,1,89.3,None,None,100% Max,None,None,None,85.0,60.9,22.0,42.9,0
T002,Trenching,CAT-420,Rainy,Intermediate,4,Power,1517,Medium,0,79.0,None,Soft Ground,None,None,None,None,85.0,62.5,11.0,43.6,0
GR05,Grading,CAT-140,Windy,Beginner,3,Power,1953,Quick,1,90.0,None,None,None,Normal 35°,3rd Gear,None,85.0,43.9,29.1,39.5,0
GR03,Grading,CAT-140,Rainy,Intermediate,6,Power,1743,Fine,1,90.0,None,None,None,Deep Cut 45°,2nd Gear,None,85.0,66.8,26.0,41.8,0
GR02,Grading,CAT-140,Sunny,Expert,2,Eco,1922,Fine,0,90.0,None,None,None,Deep Cut 45°,1st Gear,None,85.0,56.1,18.1,21.8,0
T004,Grading,CAT-140,Sunny,Expert,6,Power,1944,Fine,0,90.0,None,None,None,Spread 25°,3rd Gear,None,85.0,66.5,29.9,70.5,0
T005,Demolition,CAT-349,Cloudy,Expert,1,Smart,1451,Fine,1,90.0,None,None,None,None,None,Medium Flow,65.6,137.6,28.1,22.7,0
DM05,Demolition,CAT-349,Windy,Expert,6,Smart,1395,Quick,0,90.0,None,None,None,None,None,High Flow,72.4,154.3,28.1,47.7,0
EX04,Earth Excavation,CAT-320,Cloudy,Beginner,1,Power,1243,Fine,1,106.5,Balanced,None,None,None,None,None,85.0,54.6,14.3,33.4,0
LD02,Material Loading,CAT-950M,Sunny,Expert,2,Eco,1594,Quick,0,96.9,None,None,100% Max,None,None,None,85.0,34.3,14.0,17.1,0
LD03,Material Loading,CAT-950M,Rainy,Intermediate,5,Smart,1757,Quick,0,57.8,None,None,100% Max,None,None,None,85.0,60.8,23.5,52.1,0
TR03,Trenching,CAT-420,Cloudy,Intermediate,5,Eco,1856,Quick,1,75.6,None,Locked Down,None,None,None,None,85.0,89.5,9.9,22.4,0
TR04,Trenching,CAT-420,Rainy,Expert,4,Power,1594,Fine,0,66.9,None,Soft Ground,None,None,None,None,85.0,63.1,12.0,39.7,0
TR04,Trenching,CAT-420,Rainy,Intermediate,6,Power,1628,Medium,0,64.5,None,Standard,None,None,None,None,85.0,77.3,12.8,62.8,0
DM04,Demolition,CAT-349,Windy,Intermediate,3,Smart,2096,Fine,1,90.0,None,None,None,None,None,Low Flow,91.4,97.2,50.0,47.3,0
LD03,Material Loading,CAT-950M,Rainy,Intermediate,4,Power,1361,Quick,1,107.7,None,None,80% Gravel,None,None,None,85.0,47.8,17.6,36.7,0
EX04,Earth Excavation,CAT-320,Cloudy,Beginner,1,Power,1873,Fine,1,74.1,Balanced,None,None,None,None,None,85.0,50.2,25.0,25.9,0
LD02,Material Loading,CAT-950M,Sunny,Expert,2,Power,1338,Medium,1,88.5,None,None,80% Gravel,None,None,None,85.0,29.5,16.9,26.3,0
GR03,Grading,CAT-140,Rainy,Intermediate,6,Power,1631,Medium,1,90.0,None,None,None,Deep Cut 45°,2nd Gear,None,85.0,69.7,23.4,40.4,0
TR04,Trenching,CAT-420,Rainy,Intermediate,6,Eco,1999,Medium,1,75.4,None,Soft Ground,None,None,None,None,85.0,69.3,10.5,35.6,0
DM02,Demolition,CAT-349,Sunny,Intermediate,2,Power,1731,Medium,0,90.0,None,None,None,None,None,Low Flow,80.9,91.5,47.2,35.9,0
GR02,Grading,CAT-140,Cloudy,Intermediate,4,Eco,1226,Fine,1,90.0,None,None,None,Spread 25°,2nd Gear,None,85.0,57.8,9.4,17.0,0
TR05,Trenching,CAT-420,Sunny,Beginner,3,Smart,1927,Medium,0,84.2,None,Standard,None,None,None,None,85.0,50.1,12.1,33.3,0
TR02,Trenching,CAT-420,Sunny,Expert,2,Power,1892,Fine,0,95.2,None,Soft Ground,None,None,None,None,85.0,41.3,15.1,40.2,0
LD04,Material Loading,CAT-950M,Windy,Intermediate,4,Power,2001,Fine,0,66.3,None,None,80% Gravel,None,None,None,85.0,43.4,32.0,52.8,0
LD05,Material Loading,CAT-950M,Sunny,Expert,1,Smart,1762,Fine,1,60.7,None,None,100% Max,None,None,None,85.0,31.6,20.0,12.9,0
EX04,Earth Excavation,CAT-320,Cloudy,Beginner,1,Eco,1620,Fine,1,103.4,Swing Priority,None,None,None,None,None,85.0,54.1,12.9,14.3,0
LD05,Material Loading,CAT-950M,Sunny,Expert,1,Power,1680,Fine,1,66.2,None,None,100% Max,None,None,None,85.0,31.3,23.6,26.3,0
T004,Grading,CAT-140,Sunny,Expert,5,Power,1874,Quick,1,90.0,None,None,None,Normal 35°,1st Gear,None,85.0,49.9,28.5,42.5,0
TR04,Trenching,CAT-420,Rainy,Intermediate,6,Eco,1825,Quick,1,88.5,None,Standard,None,None,None,None,85.0,85.4,9.2,37.9,0
LD03,Material Loading,CAT-950M,Rainy,Intermediate,5,Eco,1860,Medium,1,94.2,None,None,80% Gravel,None,None,None,85.0,47.7,18.7,23.6,0
LD04,Material Loading,CAT-950M,Windy,Intermediate,4,Smart,2005,Quick,1,76.9,None,None,80% Gravel,None,None,None,85.0,35.5,25.2,34.9,0
GR03,Grading,CAT-140,Rainy,Intermediate,6,Smart,1766,Fine,0,90.0,None,None,None,Deep Cut 45°,2nd Gear,None,85.0,73.1,20.8,36.0,0
GR02,Grading,CAT-140,Sunny,Expert,2,Power,1911,Quick,0,90.0,None,None,None,Deep Cut 45°,2nd Gear,None,85.0,76.2,27.6,38.5,0
DM04,Demolition,CAT-349,Rainy,Intermediate,5,Smart,2102,Medium,1,90.0,None,None,None,None,None,High Flow,95.4,82.5,51.3,67.6,0
TR05,Trenching,CAT-420,Sunny,Beginner,3,Eco,1867,Medium,1,85.7,None,Soft Ground,None,None,None,None,85.0,52.2,9.6,14.1,0
EX03,Earth Excavation,CAT-320,Windy,Beginner,6,Eco,1742,Fine,1,69.7,Swing Priority,None,None,None,None,None,85.0,86.6,16.2,23.6,0
EX05,Earth Excavation,CAT-320,Cloudy,Expert,4,Power,1929,Fine,0,99.5,Swing Priority,None,None,None,None,None,85.0,107.6,27.3,47.0,0
EX05,Earth Excavation,CAT-320,Windy,Expert,6,Eco,1288,Medium,1,108.3,Swing Priority,None,None,None,None,None,85.0,127.5,9.6,32.2,0
TR02,Trenching,CAT-420,Sunny,Expert,2,Smart,1552,Medium,0,80.1,None,Soft Ground,None,None,None,None,85.0,41.6,8.5,21.7,0
T005,Demolition,CAT-349,Windy,Intermediate,6,Power,1337,Quick,0,90.0,None,None,None,None,None,Low Flow,78.3,147.5,33.5,59.3,0
TR05,Trenching,CAT-420,Sunny,Beginner,3,Power,1513,Quick,1,73.0,None,Standard,None,None,None,None,85.0,46.4,10.2,29.5,0
GR04,Grading,CAT-140,Cloudy,Intermediate,7,Power,1276,Medium,0,90.0,None,None,None,Deep Cut 45°,1st Gear,None,85.0,103.5,16.7,52.3,0
LD04,Material Loading,CAT-950M,Windy,Intermediate,4,Power,1879,Medium,1,98.9,None,None,80% Gravel,None,None,None,85.0,35.7,29.4,35.8,0
T005,Demolition,CAT-349,Windy,Intermediate,6,Power,1917,Fine,0,90.0,None,None,None,None,None,High Flow,99.8,129.1,58.5,90.2,0
DM04,Demolition,CAT-349,Cloudy,Beginner,5,Eco,1745,Quick,0,90.0,None,None,None,None,None,Low Flow,80.1,110.7,31.0,39.1,0
DM03,Demolition,CAT-349,Windy,Intermediate,7,Eco,2086,Quick,0,90.0,None,None,None,None,None,Low Flow,95.9,171.8,42.8,89.5,0
EX05,Earth Excavation,CAT-320,Windy,Expert,6,Eco,1473,Quick,0,68.6,Balanced,None,None,None,None,None,85.0,147.2,12.5,30.8,0
GR05,Grading,CAT-140,Windy,Beginner,3,Smart,1777,Quick,0,90.0,None,None,None,Spread 25°,3rd Gear,None,85.0,42.3,20.4,24.7,0
TR03,Trenching,CAT-420,Cloudy,Intermediate,5,Smart,1860,Fine,0,90.4,None,Locked Down,None,None,None,None,85.0,76.6,11.9,33.6,0
LD05,Material Loading,CAT-950M,Sunny,Expert,1,Power,1645,Fine,1,92.8,None,None,80% Gravel,None,None,None,85.0,32.1,22.9,25.8,0
GR02,Grading,CAT-140,Windy,Beginner,3,Smart,1785,Medium,1,90.0,None,None,None,Normal 35°,3rd Gear,None,85.0,70.6,20.3,34.8,0
LD02,Material Loading,CAT-950M,Sunny,Expert,2,Smart,2086,Medium,0,84.1,None,None,60% Mud,None,None,None,85.0,30.3,25.6,39.2,0
GR04,Grading,CAT-140,Cloudy,Expert,3,Eco,1754,Quick,1,90.0,None,None,None,Deep Cut 45°,3rd Gear,None,85.0,97.4,16.2,15.3,0
LD05,Material Loading,CAT-950M,Sunny,Expert,1,Power,1563,Quick,0,102.6,None,None,60% Mud,None,None,None,85.0,32.9,20.9,30.4,0
LD03,Material Loading,CAT-950M,Rainy,Intermediate,5,Eco,1390,Quick,1,53.9,None,None,60% Mud,None,None,None,85.0,48.9,12.1,20.2,0
T005,Demolition,CAT-349,Windy,Intermediate,6,Eco,1903,Medium,1,90.0,None,None,None,None,None,Low Flow,72.9,133.2,36.9,36.1,0
LD05,Material Loading,CAT-950M,Rainy,Beginner,3,Smart,1748,Fine,0,96.1,None,None,100% Max,None,None,None,85.0,48.4,22.9,45.7,0
GR04,Grading,CAT-140,Rainy,Beginner,7,Eco,1698,Quick,1,90.0,None,None,None,Normal 35°,3rd Gear,None,85.0,109.0,16.1,27.2,0
GR04,Grading,CAT-140,Cloudy,Intermediate,7,Smart,1657,Fine,1,90.0,None,None,None,Spread 25°,1st Gear,None,85.0,76.8,19.6,32.7,0
T002,Trenching,CAT-420,Rainy,Intermediate,4,Smart,1383,Quick,1,53.0,None,Locked Down,None,None,None,None,85.0,78.9,7.9,37.8,0
GR03,Grading,CAT-140,Rainy,Intermediate,6,Power,1460,Medium,0,90.0,None,None,None,Spread 25°,2nd Gear,None,85.0,89.8,19.9,49.4,0
DM04,Demolition,CAT-349,Rainy,Intermediate,5,Power,1631,Quick,1,90.0,None,None,None,None,None,Low Flow,88.5,84.6,45.0,48.8,0
T002,Trenching,CAT-420,Cloudy,Beginner,4,Power,1372,Medium,0,76.7,None,Standard,None,None,None,None,85.0,69.0,9.5,41.2,0
GR04,Grading,CAT-140,Windy,Beginner,2,Smart,1354,Quick,1,90.0,None,None,None,Deep Cut 45°,2nd Gear,None,85.0,87.4,13.6,16.7,0
T001,Earth Excavation,CAT-320,Sunny,Expert,2,Eco,1455,Medium,0,56.3,Swing Priority,None,None,None,None,None,85.0,108.6,11.6,16.7,0
T003,Material Loading,CAT-950M,Cloudy,Beginner,3,Power,1551,Medium,1,85.6,None,None,80% Gravel,None,None,None,85.0,44.8,21.4,31.5,0
DM04,Demolition,CAT-349,Rainy,Intermediate,5,Smart,1387,Quick,1,90.0,None,None,None,None,None,Medium Flow,75.2,85.2,27.7,25.3,0
EX05,Earth Excavation,CAT-320,Windy,Expert,6,Power,1369,Quick,0,60.3,Swing Priority,None,None,None,None,None,85.0,129.0,17.0,48.4,0
T001,Earth Excavation,CAT-320,Sunny,Intermediate,3,Smart,1570,Quick,1,99.9,Swing Priority,None,None,None,None,None,85.0,69.8,15.5,18.6,0
GR03,Grading,CAT-140,Rainy,Intermediate,6,Eco,1441,Fine,0,90.0,None,None,None,Deep Cut 45°,2nd Gear,None,85.0,84.9,12.9,31.3,0
GR05,Grading,CAT-140,Windy,Intermediate,8,Power,1726,Fine,1,90.0,None,None,None,Deep Cut 45°,3rd Gear,None,85.0,38.3,26.2,47.8,0
LD02,Material Loading,CAT-950M,Sunny,Expert,2,Smart,1631,Fine,0,87.7,None,None,100% Max,None,None,None,85.0,33.4,18.1,24.3,0
LD03,Material Loading,CAT-950M,Sunny,Beginner,4,Smart,1837,Medium,0,58.9,None,None,80% Gravel,None,None,None,85.0,53.8,21.9,29.5,0
T005,Demolition,CAT-349,Windy,Intermediate,6,Power,1728,Quick,0,90.0,None,None,None,None,None,Medium Flow,95.0,129.3,49.5,85.1,0
EX03,Earth Excavation,CAT-320,Rainy,Intermediate,3,Eco,1979,Fine,1,99.7,Boom Power,None,None,None,None,None,85.0,62.8,17.9,24.5,0
EX03,Earth Excavation,CAT-320,Rainy,Intermediate,3,Eco,1727,Quick,1,53.6,Boom Power,None,None,None,None,None,85.0,65.1,15.0,15.1,0
GR04,Grading,CAT-140,Sunny,Intermediate,2,Eco,1350,Medium,0,90.0,None,None,None,Deep Cut 45°,3rd Gear,None,85.0,95.9,10.6,19.2,0
TR02,Trenching,CAT-420,Sunny,Expert,2,Eco,1704,Fine,1,90.0,None,Standard,None,None,None,None,85.0,34.0,7.4,9.8,0
EX03,Earth Excavation,CAT-320,Rainy,Intermediate,3,Power,1490,Medium,0,101.5,Swing Priority,None,None,None,None,None,85.0,66.5,18.4,37.5,0
EX05,Earth Excavation,CAT-320,Windy,Expert,6,Power,1389,Fine,1,91.5,Swing Priority,None,None,None,None,None,85.0,114.0,17.2,42.9,0
TR02,Trenching,CAT-420,Sunny,Expert,2,Power,1456,Quick,1,66.9,None,Standard,None,None,None,None,85.0,37.8,9.9,28.4,0
LD05,Material Loading,CAT-950M,Rainy,Beginner,1,Power,1923,Quick,1,80.1,None,None,60% Mud,None,None,None,85.0,29.6,28.4,27.5,0
EX04,Earth Excavation,CAT-320,Cloudy,Beginner,1,Eco,1510,Fine,1,107.6,Swing Priority,None,None,None,None,None,85.0,55.9,11.9,15.5,0
EX04,Earth Excavation,CAT-320,Cloudy,Beginner,1,Eco,1690,Medium,0,78.1,Balanced,None,None,None,None,None,85.0,54.1,14.1,14.3,0
DM02,Demolition,CAT-349,Windy,Beginner,4,Power,1754,Quick,1,90.0,None,None,None,None,None,Low Flow,94.9,88.9,49.6,46.4,0
TR05,Trenching,CAT-420,Sunny,Beginner,3,Smart,1972,Medium,0,101.0,None,Locked Down,None,None,None,None,85.0,53.3,12.4,34.7,0
T001,Earth Excavation,CAT-320,Sunny,Expert,2,Smart,1315,Quick,1,80.2,Balanced,None,None,None,None,None,85.0,68.7,11.8,14.9,0
DM05,Demolition,CAT-349,Windy,Expert,8,Eco,2147,Medium,0,90.0,None,None,None,None,None,Low Flow,76.2,159.6,45.5,69.2,0
TR05,Trenching,CAT-420,Sunny,Beginner,3,Power,1847,Quick,0,89.1,None,Locked Down,None,None,None,None,85.0,56.6,14.3,38.9,0
EX05,Earth Excavation,CAT-320,Sunny,Beginner,6,Eco,1729,Quick,0,88.9,Swing Priority,None,None,None,None,None,85.0,119.3,15.4,31.7,0
T001,Earth Excavation,CAT-320,Rainy,Intermediate,6,Power,1502,Medium,1,95.7,Swing Priority,None,None,None,None,None,85.0,83.4,19.5,43.1,0
DM04,Demolition,CAT-349,Sunny,Expert,4,Power,1448,Quick,1,90.0,None,None,None,None,None,Low Flow,98.5,89.2,37.0,61.9,0
DM05,Demolition,CAT-349,Windy,Expert,8,Smart,1403,Fine,1,90.0,None,None,None,None,None,Low Flow,86.1,161.6,28.9,47.4,0
LD05,Material Loading,CAT-950M,Sunny,Expert,1,Smart,2088,Fine,1,85.4,None,None,80% Gravel,None,None,None,85.0,32.3,25.8,28.1,0
GR03,Grading,CAT-140,Rainy,Intermediate,6,Smart,1591,Medium,0,90.0,None,None,None,Spread 25°,1st Gear,None,85.0,73.8,17.7,37.6,0
T001,Earth Excavation,CAT-320,Sunny,Expert,2,Eco,1970,Quick,1,84.3,Swing Priority,None,None,None,None,None,85.0,69.8,17.8,17.9,0
EX05,Earth Excavation,CAT-320,Sunny,Beginner,7,Smart,1749,Quick,0,63.2,Swing Priority,None,None,None,None,None,85.0,122.7,19.0,38.8,0
GR03,Grading,CAT-140,Rainy,Intermediate,6,Eco,1306,Fine,1,90.0,None,None,None,Spread 25°,2nd Gear,None,85.0,83.5,11.1,22.1,0
DM04,Demolition,CAT-349,Sunny,Intermediate,7,Power,1707,Fine,1,90.0,None,None,None,None,None,Low Flow,92.2,99.4,49.3,74.5,0
EX05,Earth Excavation,CAT-320,Sunny,Intermediate,6,Smart,1463,Fine,1,76.5,Boom Power,None,None,None,None,None,85.0,109.3,14.6,28.4,0
T005,Demolition,CAT-349,Windy,Intermediate,6,Eco,1441,Quick,1,90.0,None,None,None,None,None,Medium Flow,84.6,148.2,24.3,33.7,0
EX02,Earth Excavation,CAT-320,Sunny,Intermediate,4,Eco,1380,Fine,1,89.7,Balanced,None,None,None,None,None,85.0,114.5,10.7,13.0,0
T004,Grading,CAT-140,Sunny,Expert,5,Power,1302,Medium,0,90.0,None,None,None,Normal 35°,3rd Gear,None,85.0,62.5,16.8,61.1,0
EX03,Earth Excavation,CAT-320,Rainy,Intermediate,3,Power,1848,Quick,1,84.1,Balanced,None,None,None,None,None,85.0,50.0,25.5,30.5,0
LD02,Material Loading,CAT-950M,Sunny,Expert,2,Eco,1494,Fine,0,81.0,None,None,60% Mud,None,None,None,85.0,41.3,13.1,18.0,0
EX05,Earth Excavation,CAT-320,Cloudy,Intermediate,8,Eco,1660,Fine,0,84.0,Swing Priority,None,None,None,None,None,85.0,145.7,15.1,36.2,0
DM05,Demolition,CAT-349,Windy,Expert,8,Power,1818,Fine,0,90.0,None,None,None,None,None,Low Flow,78.9,159.0,55.5,64.4,0
DM04,Demolition,CAT-349,Rainy,Intermediate,2,Smart,1575,Medium,1,90.0,None,None,None,None,None,Low Flow,92.1,86.4,32.3,30.5,0
T004,Grading,CAT-140,Sunny,Expert,5,Power,1318,Fine,1,90.0,None,None,None,Deep Cut 45°,1st Gear,None,85.0,46.2,16.8,39.7,0
DM04,Demolition,CAT-349,Rainy,Intermediate,5,Smart,2190,Fine,0,90.0,None,None,None,None,None,Low Flow,69.1,106.3,54.5,70.2,0
DM04,Demolition,CAT-349,Rainy,Intermediate,5,Smart,1959,Quick,0,90.0,None,None,None,None,None,Low Flow,79.2,94.5,46.5,53.7,0
TR02,Trenching,CAT-420,Sunny,Expert,2,Smart,1288,Medium,0,72.6,None,Soft Ground,None,None,None,None,85.0,47.5,5.8,25.7,0
LD05,Material Loading,CAT-950M,Cloudy,Beginner,2,Smart,2020,Medium,1,104.4,None,None,80% Gravel,None,None,None,85.0,29.1,25.0,27.6,0
T004,Grading,CAT-140,Sunny,Expert,5,Smart,1386,Fine,0,90.0,None,None,None,Spread 25°,1st Gear,None,85.0,48.1,14.0,33.3,0
T001,Earth Excavation,CAT-320,Sunny,Expert,2,Eco,1465,Medium,1,77.6,Boom Power,None,None,None,None,None,85.0,83.0,11.4,9.8,0
DM02,Demolition,CAT-349,Sunny,Expert,4,Smart,1471,Quick,1,90.0,None,None,None,None,None,Medium Flow,83.2,105.1,29.6,33.1,0
T004,Grading,CAT-140,Sunny,Expert,5,Eco,1376,Quick,0,90.0,None,None,None,Spread 25°,3rd Gear,None,85.0,66.8,11.3,43.6,0
DM05,Demolition,CAT-349,Windy,Expert,8,Smart,1444,Fine,1,90.0,None,None,None,None,None,Medium Flow,96.3,144.6,30.9,64.8,0
TR04,Trenching,CAT-420,Windy,Beginner,7,Eco,1979,Medium,1,103.0,None,Locked Down,None,None,None,None,85.0,81.0,10.7,38.5,0
TR03,Trenching,CAT-420,Windy,Beginner,1,Eco,1663,Medium,1,74.1,None,Standard,None,None,None,None,85.0,76.3,6.6,9.0,0
EX04,Earth Excavation,CAT-320,Cloudy,Beginner,1,Smart,1489,Quick,1,109.7,Swing Priority,None,None,None,None,None,85.0,43.8,13.8,21.0,0
EX04,Earth Excavation,CAT-320,Cloudy,Beginner,1,Power,1824,Medium,1,88.6,Swing Priority,None,None,None,None,None,85.0,37.8,24.2,23.4,0
TR04,Trenching,CAT-420,Rainy,Intermediate,6,Power,1338,Quick,0,98.5,None,Soft Ground,None,None,None,None,85.0,81.3,9.4,49.1,0
GR03,Grading,CAT-140,Sunny,Expert,5,Eco,1319,Medium,0,90.0,None,None,None,Deep Cut 45°,1st Gear,None,85.0,86.1,10.5,27.0,0
T003,Material Loading,CAT-950M,Sunny,Expert,5,Power,1879,Quick,0,59.6,None,None,100% Max,None,None,None,85.0,50.3,29.7,46.3,0
TR05,Trenching,CAT-420,Sunny,Beginner,3,Power,1514,Medium,1,67.6,None,Standard,None,None,None,None,85.0,40.8,10.4,31.9,0
GR05,Grading,CAT-140,Windy,Beginner,3,Smart,1863,Quick,0,90.0,None,None,None,Spread 25°,1st Gear,None,85.0,46.8,21.7,28.6,0
LD05,Material Loading,CAT-950M,Sunny,Expert,1,Power,1898,Fine,1,61.3,None,None,80% Gravel,None,None,None,85.0,31.6,28.0,27.3,0
GR05,Grading,CAT-140,Windy,Beginner,3,Smart,1492,Fine,1,90.0,None,None,None,Normal 35°,1st Gear,None,85.0,35.4,15.7,18.4,0
EX05,Earth Excavation,CAT-320,Windy,Expert,6,Smart,1637,Fine,1,56.1,Boom Power,None,None,None,None,None,85.0,117.1,17.0,31.4,0
TR04,Trenching,CAT-420,Rainy,Intermediate,6,Eco,1832,Medium,1,95.9,None,Soft Ground,None,None,None,None,85.0,66.3,9.4,24.6,0
DM04,Demolition,CAT-349,Rainy,Intermediate,5,Power,1663,Quick,1,90.0,None,None,None,None,None,Medium Flow,92.1,74.2,46.2,46.1,0
GR04,Grading,CAT-140,Cloudy,Intermediate,7,Eco,1930,Quick,1,90.0,None,None,None,Spread 25°,1st Gear,None,85.0,110.8,19.4,35.3,0
DM03,Demolition,CAT-349,Cloudy,Intermediate,3,Power,1695,Fine,0,90.0,None,None,None,None,None,Medium Flow,82.0,129.3,46.2,38.2,0
EX02,Earth Excavation,CAT-320,Sunny,Intermediate,4,Power,1980,Fine,0,93.6,Balanced,None,None,None,None,None,85.0,93.3,28.9,52.6,0
EX02,Earth Excavation,CAT-320,Sunny,Beginner,5,Power,1435,Fine,0,83.0,Boom Power,None,None,None,None,None,85.0,104.5,17.9,48.3,0
DM03,Demolition,CAT-349,Windy,Beginner,3,Eco,2044,Medium,1,90.0,None,None,None,None,None,High Flow,94.2,148.5,39.3,44.1,0
GR03,Grading,CAT-140,Rainy,Intermediate,6,Power,1865,Medium,1,90.0,None,None,None,Deep Cut 45°,1st Gear,None,85.0,68.3,28.2,43.0,0
EX03,Earth Excavation,CAT-320,Windy,Intermediate,5,Power,1605,Fine,0,58.5,Swing Priority,None,None,None,None,None,85.0,94.7,21.6,46.3,0
LD05,Material Loading,CAT-950M,Cloudy,Expert,4,Smart,1798,Quick,0,100.4,None,None,60% Mud,None,None,None,85.0,34.7,21.4,31.7,0
GR03,Grading,CAT-140,Rainy,Intermediate,6,Eco,1968,Medium,1,90.0,None,None,None,Normal 35°,2nd Gear,None,85.0,86.5,19.2,32.8,0
T003,Material Loading,CAT-950M,Cloudy,Beginner,3,Eco,1788,Fine,1,109.9,None,None,80% Gravel,None,None,None,85.0,53.6,17.3,13.3,0
GR04,Grading,CAT-140,Cloudy,Intermediate,7,Power,1373,Medium,0,90.0,None,None,None,Deep Cut 45°,3rd Gear,None,85.0,100.5,18.4,52.7,0
EX03,Earth Excavation,CAT-320,Windy,Beginner,5,Power,1838,Quick,1,60.6,Boom Power,None,None,None,None,None,85.0,69.8,26.3,40.3,0
EX05,Earth Excavation,CAT-320,Windy,Expert,6,Smart,1273,Quick,1,56.8,Boom Power,None,None,None,None,None,85.0,114.8,11.8,29.9,0
T004,Grading,CAT-140,Sunny,Expert,5,Eco,1485,Medium,0,90.0,None,None,None,Normal 35°,1st Gear,None,85.0,42.5,13.4,28.0,0
DM03,Demolition,CAT-349,Windy,Intermediate,7,Eco,1916,Quick,1,90.0,None,None,None,None,None,Medium Flow,83.0,135.7,37.4,31.9,0
LD04,Material Loading,CAT-950M,Windy,Intermediate,4,Power,1507,Quick,0,94.6,None,None,80% Gravel,None,None,None,85.0,42.8,21.1,41.5,0
TR05,Trenching,CAT-420,Sunny,Beginner,3,Power,1527,Quick,1,88.6,None,Standard,None,None,None,None,85.0,46.1,10.6,32.8,0
DM04,Demolition,CAT-349,Rainy,Intermediate,5,Eco,2170,Medium,1,90.0,None,None,None,None,None,High Flow,81.1,93.1,44.3,55.0,0
DM02,Demolition,CAT-349,Sunny,Expert,4,Eco,2170,Medium,1,90.0,None,None,None,None,None,High Flow,93.4,104.0,43.4,57.5,0
LD04,Material Loading,CAT-950M,Cloudy,Intermediate,7,Power,1501,Fine,1,105.3,None,None,100% Max,None,None,None,85.0,47.0,21.6,43.7,0
LD04,Material Loading,CAT-950M,Windy,Intermediate,4,Smart,1978,Quick,0,101.7,None,None,60% Mud,None,None,None,85.0,42.4,24.6,40.6,0
LD05,Material Loading,CAT-950M,Sunny,Expert,1,Power,1663,Medium,0,66.6,None,None,60% Mud,None,None,None,85.0,33.9,23.0,32.4,0
T002,Trenching,CAT-420,Cloudy,Expert,4,Smart,1703,Medium,1,68.1,None,Soft Ground,None,None,None,None,85.0,56.5,9.8,23.1,0
T001,Earth Excavation,CAT-320,Sunny,Expert,2,Power,1435,Fine,0,58.0,Balanced,None,None,None,None,None,85.0,95.3,17.0,35.8,0
GR03,Grading,CAT-140,Rainy,Intermediate,6,Eco,1378,Quick,0,90.0,None,None,None,Normal 35°,1st Gear,None,85.0,103.2,11.2,30.5,0
TR04,Trenching,CAT-420,Rainy,Intermediate,6,Eco,1531,Quick,1,98.6,None,Locked Down,None,None,None,None,85.0,77.5,7.3,39.5,0
EX03,Earth Excavation,CAT-320,Rainy,Intermediate,3,Power,1470,Fine,0,92.0,Swing Priority,None,None,None,None,None,85.0,77.7,18.5,39.3,0
TR02,Trenching,CAT-420,Sunny,Intermediate,4,Power,1771,Quick,1,67.2,None,Soft Ground,None,None,None,None,85.0,44.3,13.3,35.8,0
TR02,Trenching,CAT-420,Sunny,Beginner,4,Smart,1979,Quick,1,94.3,None,Soft Ground,None,None,None,None,85.0,49.2,12.9,33.1,0
T003,Material Loading,CAT-950M,Cloudy,Beginner,3,Eco,1820,Fine,1,58.6,None,None,80% Gravel,None,None,None,85.0,54.4,18.0,11.8,0
GR03,Grading,CAT-140,Rainy,Intermediate,6,Smart,1821,Medium,1,90.0,None,None,None,Deep Cut 45°,1st Gear,None,85.0,62.7,21.4,30.8,0
T002,Trenching,CAT-420,Rainy,Intermediate,4,Smart,2074,Medium,1,103.8,None,Standard,None,None,None,None,85.0,71.6,13.9,53.5,0
EX04,Earth Excavation,CAT-320,Cloudy,Beginner,1,Smart,1541,Medium,1,75.3,Swing Priority,None,None,None,None,None,85.0,43.0,14.6,13.0,0
DM03,Demolition,CAT-349,Windy,Intermediate,7,Eco,1527,Quick,1,90.0,None,None,None,None,None,Low Flow,67.5,169.2,26.5,37.5,0
T004,Grading,CAT-140,Windy,Expert,2,Eco,1409,Quick,0,90.0,None,None,None,Deep Cut 45°,3rd Gear,None,85.0,68.2,11.2,32.5,0
DM05,Demolition,CAT-349,Windy,Expert,8,Eco,2108,Quick,1,90.0,None,None,None,None,None,High Flow,88.7,136.8,44.4,61.0,0
T001,Earth Excavation,CAT-320,Windy,Beginner,3,Smart,1863,Fine,1,102.7,Balanced,None,None,None,None,None,85.0,76.9,20.4,26.3,0
GR02,Grading,CAT-140,Sunny,Intermediate,4,Power,1904,Fine,1,90.0,None,None,None,Deep Cut 45°,2nd Gear,None,85.0,60.0,29.0,39.1,0
TR04,Trenching,CAT-420,Rainy,Intermediate,6,Power,1240,Quick,1,71.9,None,Soft Ground,None,None,None,None,85.0,73.2,8.5,43.1,0
DM03,Demolition,CAT-349,Windy,Intermediate,8,Power,1998,Medium,1,90.0,None,None,None,None,None,High Flow,87.1,139.3,63.4,68.5,0
EX03,Earth Excavation,CAT-320,Rainy,Intermediate,3,Power,1507,Medium,1,97.0,Boom Power,None,None,None,None,None,85.0,58.4,18.3,32.2,0
EX02,Earth Excavation,CAT-320,Sunny,Intermediate,4,Power,1246,Fine,1,59.0,Boom Power,None,None,None,None,None,85.0,107.7,14.1,35.7,0
T002,Trenching,CAT-420,Rainy,Intermediate,4,Power,1435,Medium,1,93.6,None,Soft Ground,None,None,None,None,85.0,55.9,9.6,34.3,0
DM03,Demolition,CAT-349,Sunny,Beginner,6,Eco,2099,Medium,0,90.0,None,None,None,None,None,High Flow,96.8,179.2,42.4,88.9,0
DM04,Demolition,CAT-349,Rainy,Intermediate,5,Power,1304,Quick,1,90.0,None,None,None,None,None,High Flow,79.3,93.5,32.4,49.1,0
LD03,Material Loading,CAT-950M,Rainy,Intermediate,5,Smart,1580,Fine,1,94.1,None,None,100% Max,None,None,None,85.0,63.6,19.8,42.2,0
T005,Demolition,CAT-349,Windy,Intermediate,6,Power,1748,Quick,0,90.0,None,None,None,None,None,Medium Flow,84.0,129.2,50.1,60.2,0
GR05,Grading,CAT-140,Windy,Beginner,3,Smart,1291,Fine,0,90.0,None,None,None,Deep Cut 45°,3rd Gear,None,85.0,40.8,11.7,26.1,0
T005,Demolition,CAT-349,Windy,Intermediate,6,Eco,1741,Medium,1,90.0,None,None,None,None,None,High Flow,97.3,122.0,32.1,56.6,0
TR04,Trenching,CAT-420,Rainy,Intermediate,6,Smart,1980,Medium,1,78.2,None,Locked Down,None,None,None,None,85.0,79.6,12.9,51.6,0
TR04,Trenching,CAT-420,Windy,Intermediate,7,Smart,1763,Fine,0,105.0,None,Standard,None,None,None,None,85.0,84.3,11.3,37.8,0
TR04,Trenching,CAT-420,Rainy,Intermediate,6,Smart,2012,Medium,1,77.2,None,Standard,None,None,None,None,85.0,80.4,13.2,56.1,0
T004,Grading,CAT-140,Cloudy,Expert,1,Smart,1254,Medium,1,90.0,None,None,None,Spread 25°,1st Gear,None,85.0,41.0,11.6,11.6,0
GR02,Grading,CAT-140,Sunny,Beginner,7,Eco,1791,Medium,0,90.0,None,None,None,Normal 35°,2nd Gear,None,85.0,61.9,17.3,34.5,0
EX05,Earth Excavation,CAT-320,Rainy,Intermediate,7,Power,1693,Medium,0,74.7,Balanced,None,None,None,None,None,85.0,134.5,23.9,51.4,0
T005,Demolition,CAT-349,Windy,Intermediate,6,Power,1984,Medium,0,90.0,None,None,None,None,None,Low Flow,90.2,126.8,61.7,68.2,0
T001,Earth Excavation,CAT-320,Sunny,Expert,2,Power,1276,Medium,0,74.6,Swing Priority,None,None,None,None,None,85.0,97.2,14.6,35.7,0
EX04,Earth Excavation,CAT-320,Cloudy,Beginner,1,Smart,1600,Fine,1,108.3,Balanced,None,None,None,None,None,85.0,52.0,15.3,21.5,0
LD04,Material Loading,CAT-950M,Windy,Intermediate,8,Smart,2021,Fine,1,75.8,None,None,100% Max,None,None,None,85.0,44.7,27.1,50.0,0
EX03,Earth Excavation,CAT-320,Rainy,Intermediate,3,Eco,1312,Fine,0,89.0,Boom Power,None,None,None,None,None,85.0,85.8,9.7,19.0,0
EX04,Earth Excavation,CAT-320,Cloudy,Beginner,1,Power,1336,Medium,1,51.3,Boom Power,None,None,None,None,None,85.0,53.3,14.8,24.9,0
T005,Demolition,CAT-349,Windy,Intermediate,6,Eco,1522,Fine,1,90.0,None,None,None,None,None,High Flow,89.0,147.7,26.0,25.6,0
T001,Earth Excavation,CAT-320,Sunny,Expert,2,Power,1904,Quick,1,88.6,Balanced,None,None,None,None,None,85.0,54.7,26.6,31.8,0
DM03,Demolition,CAT-349,Windy,Intermediate,7,Power,1636,Fine,0,90.0,None,None,None,None,None,Low Flow,88.1,159.6,46.6,63.0,0
T002,Trenching,CAT-420,Rainy,Intermediate,4,Smart,1340,Medium,1,73.6,None,Soft Ground,None,None,None,None,85.0,61.2,6.7,24.4,0
TR04,Trenching,CAT-420,Rainy,Intermediate,6,Power,1259,Medium,1,62.5,None,Soft Ground,None,None,None,None,85.0,64.1,8.2,40.3,0
T005,Demolition,CAT-349,Sunny,Expert,3,Eco,2022,Fine,0,90.0,None,None,None,None,None,High Flow,78.5,143.1,38.5,35.2,0
TR04,Trenching,CAT-420,Rainy,Intermediate,6,Smart,1882,Medium,0,57.4,None,Standard,None,None,None,None,85.0,88.2,12.1,52.6,0
DM03,Demolition,CAT-349,Windy,Intermediate,7,Smart,1949,Quick,0,90.0,None,None,None,None,None,High Flow,78.2,153.0,46.8,58.0,0
LD02,Material Loading,CAT-950M,Rainy,Intermediate,6,Power,2047,Fine,0,70.7,None,None,60% Mud,None,None,None,85.0,37.7,33.6,64.2,0
DM02,Demolition,CAT-349,Sunny,Expert,4,Eco,1856,Quick,0,90.0,None,None,None,None,None,Medium Flow,69.5,120.3,34.4,33.0,0
LD02,Material Loading,CAT-950M,Cloudy,Beginner,1,Power,1620,Medium,0,92.4,None,None,100% Max,None,None,None,85.0,27.7,22.4,31.6,0
LD02,Material Loading,CAT-950M,Sunny,Expert,2,Smart,1320,Medium,1,92.5,None,None,60% Mud,None,None,None,85.0,30.1,12.8,18.0,0
EX03,Earth Excavation,CAT-320,Rainy,Intermediate,3,Eco,1309,Fine,1,62.1,Balanced,None,None,None,None,None,85.0,83.5,9.3,11.5,0
TR05,Trenching,CAT-420,Windy,Intermediate,2,Smart,1517,Medium,1,58.2,None,Soft Ground,None,None,None,None,85.0,47.2,8.4,16.3,0
DM02,Demolition,CAT-349,Sunny,Expert,4,Power,2058,Quick,1,90.0,None,None,None,None,None,Medium Flow,96.4,87.2,62.6,74.2,0
T002,Trenching,CAT-420,Rainy,Intermediate,4,Power,1388,Quick,0,53.7,None,Soft Ground,None,None,None,None,85.0,73.3,9.0,39.6,0
EX03,Earth Excavation,CAT-320,Cloudy,Expert,1,Power,1574,Fine,1,75.8,Swing Priority,None,None,None,None,None,85.0,62.5,19.7,24.7,0
GR05,Grading,CAT-140,Rainy,Intermediate,1,Smart,1286,Quick,1,90.0,None,None,None,Spread 25°,2nd Gear,None,85.0,45.5,12.0,13.2,0
GR05,Grading,CAT-140,Rainy,Expert,6,Power,1939,Quick,1,90.0,None,None,None,Normal 35°,3rd Gear,None,85.0,52.4,30.1,48.9,0
TR03,Trenching,CAT-420,Cloudy,Intermediate,5,Eco,2095,Medium,0,93.6,None,Locked Down,None,None,None,None,85.0,93.4,11.4,45.9,0
T005,Demolition,CAT-349,Sunny,Intermediate,7,Smart,1538,Quick,0,90.0,None,None,None,None,None,Low Flow,88.1,145.8,32.9,50.8,0
LD04,Material Loading,CAT-950M,Windy,Intermediate,4,Eco,1824,Medium,0,105.4,None,None,100% Max,None,None,None,85.0,50.7,17.4,23.4,0
LD02,Material Loading,CAT-950M,Sunny,Expert,2,Smart,1529,Fine,1,71.2,None,None,60% Mud,None,None,None,85.0,30.1,16.2,18.8,0
GR03,Grading,CAT-140,Sunny,Expert,8,Power,1506,Fine,1,90.0,None,None,None,Deep Cut 45°,1st Gear,None,85.0,65.8,21.6,48.3,0
T001,Earth Excavation,CAT-320,Sunny,Expert,2,Power,1420,Quick,1,60.8,Swing Priority,None,None,None,None,None,85.0,77.0,17.3,28.2,0
T005,Demolition,CAT-349,Windy,Intermediate,6,Eco,1437,Quick,1,90.0,None,None,None,None,None,High Flow,66.1,133.0,24.5,23.9,0
GR02,Grading,CAT-140,Sunny,Expert,2,Power,1986,Quick,0,90.0,None,None,None,Deep Cut 45°,3rd Gear,None,85.0,99.6,29.4,60.0,0
GR04,Grading,CAT-140,Cloudy,Intermediate,7,Power,1710,Quick,1,90.0,None,None,None,Spread 25°,3rd Gear,None,85.0,100.1,25.1,46.6,0
GR05,Grading,CAT-140,Windy,Beginner,3,Smart,1420,Medium,1,90.0,None,None,None,Spread 25°,2nd Gear,None,85.0,33.7,14.6,20.9,0
EX04,Earth Excavation,CAT-320,Cloudy,Beginner,1,Smart,1647,Quick,0,57.6,Balanced,None,None,None,None,None,85.0,54.4,16.1,19.6,0
TR03,Trenching,CAT-420,Cloudy,Intermediate,5,Eco,1915,Quick,1,56.1,None,Locked Down,None,None,None,None,85.0,92.6,9.6,24.0,0
DM04,Demolition,CAT-349,Cloudy,Intermediate,3,Eco,1477,Fine,1,90.0,None,None,None,None,None,High Flow,69.5,119.1,23.7,26.1,0
TR03,Trenching,CAT-420,Cloudy,Intermediate,5,Eco,1322,Quick,0,94.1,None,Locked Down,None,None,None,None,85.0,110.4,5.5,27.3,0
EX04,Earth Excavation,CAT-320,Cloudy,Beginner,1,Eco,1833,Quick,1,94.2,Balanced,None,None,None,None,None,85.0,45.4,15.8,5.0,0
T001,Earth Excavation,CAT-320,Sunny,Expert,2,Eco,1496,Quick,0,81.3,Swing Priority,None,None,None,None,None,85.0,90.1,11.8,16.8,0
GR02,Grading,CAT-140,Sunny,Beginner,4,Eco,1634,Fine,0,90.0,None,None,None,Spread 25°,1st Gear,None,85.0,53.5,14.9,24.4,0
T002,Trenching,CAT-420,Rainy,Intermediate,4,Eco,1390,Fine,0,87.2,None,Locked Down,None,None,None,None,85.0,74.9,5.5,38.4,0
LD03,Material Loading,CAT-950M,Rainy,Intermediate,5,Smart,1846,Fine,0,108.8,None,None,60% Mud,None,None,None,85.0,59.4,22.1,32.0,0
GR02,Grading,CAT-140,Windy,Beginner,7,Eco,1217,Quick,0,90.0,None,None,None,Normal 35°,1st Gear,None,85.0,76.6,10.1,34.0,0
LD02,Material Loading,CAT-950M,Sunny,Expert,2,Eco,1334,Medium,0,75.7,None,None,100% Max,None,None,None,85.0,37.9,10.9,17.9,0
TR03,Trenching,CAT-420,Cloudy,Expert,6,Eco,1449,Quick,1,77.9,None,Locked Down,None,None,None,None,85.0,96.7,7.0,22.2,0
GR02,Grading,CAT-140,Windy,Intermediate,5,Power,1327,Quick,0,90.0,None,None,None,Normal 35°,2nd Gear,None,85.0,82.3,16.8,41.1,0
LD04,Material Loading,CAT-950M,Cloudy,Beginner,2,Eco,1439,Fine,1,94.0,None,None,60% Mud,None,None,None,85.0,53.1,11.7,9.4,0
LD05,Material Loading,CAT-950M,Windy,Beginner,3,Smart,1565,Medium,1,83.8,None,None,100% Max,None,None,None,85.0,34.1,17.6,18.1,0
GR04,Grading,CAT-140,Cloudy,Intermediate,7,Eco,1931,Medium,0,90.0,None,None,None,Deep Cut 45°,1st Gear,None,85.0,108.0,19.6,41.0,0
LD04,Material Loading,CAT-950M,Windy,Intermediate,4,Power,1314,Medium,1,82.2,None,None,60% Mud,None,None,None,85.0,43.9,17.1,33.0,0
EX03,Earth Excavation,CAT-320,Rainy,Intermediate,3,Power,1570,Medium,1,58.8,Balanced,None,None,None,None,None,85.0,61.9,20.3,31.0,0
EX03,Earth Excavation,CAT-320,Rainy,Beginner,5,Smart,1230,Quick,0,59.1,Balanced,None,None,None,None,None,85.0,86.2,10.9,34.4,0
GR05,Grading,CAT-140,Cloudy,Beginner,8,Power,1814,Quick,0,90.0,None,None,None,Deep Cut 45°,1st Gear,None,85.0,58.9,28.3,56.0,0
LD04,Material Loading,CAT-950M,Windy,Intermediate,4,Eco,1335,Medium,1,64.1,None,None,80% Gravel,None,None,None,85.0,47.6,10.5,17.1,0
GR03,Grading,CAT-140,Windy,Intermediate,3,Power,1236,Medium,1,90.0,None,None,None,Deep Cut 45°,1st Gear,None,85.0,75.3,14.3,29.4,0
GR03,Grading,CAT-140,Rainy,Intermediate,6,Power,1972,Quick,1,90.0,None,None,None,Deep Cut 45°,1st Gear,None,85.0,81.3,31.5,52.1,0
T004,Grading,CAT-140,Sunny,Expert,5,Power,1708,Quick,1,90.0,None,None,None,Deep Cut 45°,1st Gear,None,85.0,51.6,24.9,38.1,0
LD02,Material Loading,CAT-950M,Sunny,Expert,2,Power,1885,Medium,0,94.5,None,None,80% Gravel,None,None,None,85.0,28.4,27.9,35.4,0
EX03,Earth Excavation,CAT-320,Rainy,Intermediate,3,Smart,1871,Fine,1,95.7,Swing Priority,None,None,None,None,None,85.0,66.9,20.7,20.0,0
EX05,Earth Excavation,CAT-320,Windy,Expert,6,Eco,1641,Fine,1,68.8,Boom Power,None,None,None,None,None,85.0,135.2,14.4,22.2,0
DM05,Demolition,CAT-349,Windy,Intermediate,3,Eco,1603,Medium,1,90.0,None,None,None,None,None,High Flow,78.4,137.0,27.2,23.7,0
T001,Earth Excavation,CAT-320,Cloudy,Beginner,3,Smart,1971,Medium,0,73.7,Balanced,None,None,None,None,None,85.0,79.1,22.1,34.8,0
EX04,Earth Excavation,CAT-320,Cloudy,Beginner,1,Smart,1887,Medium,1,85.5,Boom Power,None,None,None,None,None,85.0,41.1,20.2,16.0,0
DM04,Demolition,CAT-349,Rainy,Intermediate,5,Smart,2173,Medium,1,90.0,None,None,None,None,None,Low Flow,82.8,82.7,54.7,61.6,0
EX04,Earth Excavation,CAT-320,Cloudy,Beginner,1,Power,1715,Quick,0,98.1,Swing Priority,None,None,None,None,None,85.0,42.1,22.0,32.2,0
GR05,Grading,CAT-140,Windy,Intermediate,3,Smart,1720,Fine,0,90.0,None,None,None,Deep Cut 45°,2nd Gear,None,85.0,41.3,18.7,26.3,0
T003,Material Loading,CAT-950M,Cloudy,Beginner,3,Eco,1957,Medium,0,100.6,None,None,100% Max,None,None,None,85.0,57.9,19.6,28.7,0
TR04,Trenching,CAT-420,Cloudy,Beginner,5,Eco,1522,Quick,0,54.8,None,Standard,None,None,None,None,85.0,81.7,7.3,26.1,0
LD02,Material Loading,CAT-950M,Sunny,Expert,2,Eco,2066,Medium,1,53.8,None,None,100% Max,None,None,None,85.0,26.6,20.6,27.1,0
EX05,Earth Excavation,CAT-320,Windy,Expert,6,Power,1231,Fine,0,94.6,Balanced,None,None,None,None,None,85.0,137.1,14.2,49.4,0
T004,Grading,CAT-140,Sunny,Beginner,1,Power,1821,Medium,0,90.0,None,None,None,Deep Cut 45°,2nd Gear,None,85.0,46.5,25.2,32.3,0
LD04,Material Loading,CAT-950M,Windy,Intermediate,4,Eco,1887,Medium,0,85.3,None,None,60% Mud,None,None,None,85.0,50.9,18.7,26.5,0
TR04,Trenching,CAT-420,Windy,Expert,3,Eco,1707,Quick,1,72.9,None,Locked Down,None,None,None,None,85.0,77.3,8.4,13.4,0
TR04,Trenching,CAT-420,Rainy,Intermediate,6,Eco,1988,Medium,1,57.0,None,Locked Down,None,None,None,None,85.0,79.3,10.7,47.3,0
T002,Trenching,CAT-420,Rainy,Intermediate,4,Smart,1571,Quick,1,89.8,None,Soft Ground,None,None,None,None,85.0,65.2,9.7,23.0,0
EX05,Earth Excavation,CAT-320,Sunny,Expert,7,Smart,1770,Fine,1,96.7,Swing Priority,None,None,None,None,None,85.0,107.2,19.7,33.6,0
LD02,Material Loading,CAT-950M,Sunny,Beginner,2,Power,1573,Medium,1,84.1,None,None,100% Max,None,None,None,85.0,24.6,21.6,27.2,0
T002,Trenching,CAT-420,Sunny,Intermediate,2,Eco,1567,Medium,0,79.4,None,Soft Ground,None,None,None,None,85.0,59.8,6.8,17.6,0
DM04,Demolition,CAT-349,Rainy,Intermediate,5,Smart,1784,Fine,1,90.0,None,None,None,None,None,Low Flow,95.7,97.8,40.3,47.8,0
TR02,Trenching,CAT-420,Sunny,Expert,2,Smart,1657,Fine,1,50.4,None,Locked Down,None,None,None,None,85.0,35.1,9.1,16.6,0
T003,Material Loading,CAT-950M,Cloudy,Beginner,3,Eco,1368,Medium,0,69.6,None,None,100% Max,None,None,None,85.0,68.0,10.8,17.9,0
T005,Demolition,CAT-349,Windy,Intermediate,6,Power,1997,Quick,1,90.0,None,None,None,None,None,High Flow,80.5,96.9,62.0,51.4,0
DM03,Demolition,CAT-349,Windy,Intermediate,7,Smart,1498,Fine,1,90.0,None,None,None,None,None,Low Flow,73.2,153.0,32.1,43.4,0
GR04,Grading,CAT-140,Cloudy,Intermediate,7,Smart,1617,Quick,1,90.0,None,None,None,Spread 25°,2nd Gear,None,85.0,82.1,18.1,35.3,0
LD02,Material Loading,CAT-950M,Sunny,Expert,2,Smart,1652,Medium,1,73.5,None,None,60% Mud,None,None,None,85.0,26.6,17.7,16.5,0
LD04,Material Loading,CAT-950M,Sunny,Intermediate,3,Eco,1363,Medium,1,51.5,None,None,60% Mud,None,None,None,85.0,49.0,11.2,14.9,0
TR02,Trenching,CAT-420,Sunny,Intermediate,1,Smart,1916,Fine,0,83.6,None,Locked Down,None,None,None,None,85.0,43.6,11.3,25.2,0
DM02,Demolition,CAT-349,Sunny,Expert,4,Eco,2096,Quick,0,90.0,None,None,None,None,None,Medium Flow,79.0,115.8,40.8,51.6,0
TR05,Trenching,CAT-420,Sunny,Beginner,3,Power,1519,Medium,1,54.1,None,Locked Down,None,None,None,None,85.0,42.2,10.8,31.0,0
DM05,Demolition,CAT-349,Rainy,Beginner,6,Smart,1605,Quick,0,90.0,None,None,None,None,None,Medium Flow,69.3,142.4,34.6,35.1,0
GR03,Grading,CAT-140,Rainy,Intermediate,6,Power,1945,Medium,1,90.0,None,None,None,Deep Cut 45°,3rd Gear,None,85.0,75.7,30.3,47.0,0
TR03,Trenching,CAT-420,Cloudy,Expert,5,Power,1442,Fine,1,99.0,None,Soft Ground,None,None,None,None,85.0,70.5,10.3,37.3,0
T003,Material Loading,CAT-950M,Windy,Intermediate,5,Eco,1647,Quick,0,87.9,None,None,80% Gravel,None,None,None,85.0,63.9,15.0,26.0,0
EX02,Earth Excavation,CAT-320,Sunny,Intermediate,4,Smart,1200,Medium,1,98.3,Balanced,None,None,None,None,None,85.0,93.2,11.2,25.0,0
LD02,Material Loading,CAT-950M,Sunny,Expert,2,Smart,1845,Medium,0,100.7,None,None,80% Gravel,None,None,None,85.0,30.3,21.7,23.4,0
T002,Trenching,CAT-420,Rainy,Intermediate,4,Eco,1885,Quick,1,72.7,None,Locked Down,None,None,None,None,85.0,76.1,9.3,34.3,0
EX02,Earth Excavation,CAT-320,Sunny,Intermediate,4,Smart,1433,Medium,0,105.5,Balanced,None,None,None,None,None,85.0,104.6,14.3,38.3,0
T005,Demolition,CAT-349,Windy,Intermediate,6,Power,1492,Fine,1,90.0,None,None,None,None,None,High Flow,77.0,125.7,40.4,41.0,0
EX04,Earth Excavation,CAT-320,Sunny,Beginner,2,Smart,1375,Quick,1,105.6,Swing Priority,None,None,None,None,None,85.0,46.9,12.4,24.2,0
GR05,Grading,CAT-140,Sunny,Intermediate,3,Smart,1354,Quick,1,90.0,None,None,None,Deep Cut 45°,2nd Gear,None,85.0,42.3,13.9,19.9,0
EX02,Earth Excavation,CAT-320,Sunny,Intermediate,4,Eco,1677,Fine,1,50.6,Balanced,None,None,None,None,None,85.0,119.5,14.3,18.2,0
DM03,Demolition,CAT-349,Windy,Intermediate,7,Eco,2138,Medium,1,90.0,None,None,None,None,None,Medium Flow,82.3,142.1,44.4,47.7,0
DM03,Demolition,CAT-349,Rainy,Beginner,1,Power,1616,Fine,0,90.0,None,None,None,None,None,Medium Flow,69.2,142.3,41.7,31.1,0
GR04,Grading,CAT-140,Cloudy,Intermediate,7,Eco,1462,Fine,0,90.0,None,None,None,Normal 35°,3rd Gear,None,85.0,95.6,13.2,34.0,0
EX02,Earth Excavation,CAT-320,Sunny,Intermediate,4,Eco,1672,Medium,0,78.9,Boom Power,None,None,None,None,None,85.0,98.1,14.7,23.7,0
T002,Trenching,CAT-420,Cloudy,Intermediate,5,Power,1393,Quick,0,80.9,None,Standard,None,None,None,None,85.0,78.5,9.4,46.4,0
TR05,Trenching,CAT-420,Sunny,Beginner,3,Smart,1690,Fine,1,91.3,None,Locked Down,None,None,None,None,85.0,40.8,9.5,19.5,0
TR02,Trenching,CAT-420,Windy,Intermediate,1,Power,1935,Quick,1,95.8,None,Standard,None,None,None,None,85.0,44.5,15.1,31.7,0
T005,Demolition,CAT-349,Windy,Intermediate,6,Eco,1440,Quick,1,90.0,None,None,None,None,None,Low Flow,70.7,149.2,24.1,33.4,0
EX02,Earth Excavation,CAT-320,Sunny,Intermediate,4,Smart,1578,Medium,1,109.9,Boom Power,None,None,None,None,None,85.0,82.9,15.9,29.8,0
TR02,Trenching,CAT-420,Sunny,Expert,4,Power,1258,Fine,0,80.0,None,Standard,None,None,None,None,85.0,42.0,8.3,41.7,0
EX05,Earth Excavation,CAT-320,Rainy,Beginner,7,Power,1505,Quick,1,91.4,Balanced,None,None,None,None,None,85.0,107.0,19.9,47.1,0
EX03,Earth Excavation,CAT-320,Rainy,Intermediate,3,Smart,1338,Quick,1,86.4,Swing Priority,None,None,None,None,None,85.0,64.4,12.6,18.7,0
TR03,Trenching,CAT-420,Cloudy,Expert,3,Smart,1998,Medium,1,92.6,None,Soft Ground,None,None,None,None,85.0,69.4,12.6,29.7,0
LD02,Material Loading,CAT-950M,Sunny,Expert,2,Smart,1531,Fine,0,61.0,None,None,80% Gravel,None,None,None,85.0,36.3,16.6,24.3,0
EX03,Earth Excavation,CAT-320,Rainy,Intermediate,3,Smart,1722,Medium,1,74.9,Boom Power,None,None,None,None,None,85.0,66.1,18.1,18.0,0
T001,Earth Excavation,CAT-320,Sunny,Expert,2,Smart,1306,Quick,1,74.3,Boom Power,None,None,None,None,None,85.0,84.9,11.5,15.1,0
EX02,Earth Excavation,CAT-320,Sunny,Intermediate,4,Smart,1914,Quick,1,81.8,Balanced,None,None,None,None,None,85.0,75.3,21.4,28.1,0
EX02,Earth Excavation,CAT-320,Rainy,Expert,8,Smart,1316,Quick,1,67.8,Boom Power,None,None,None,None,None,85.0,116.3,13.5,36.8,0
TR02,Trenching,CAT-420,Sunny,Expert,2,Power,1442,Medium,0,79.4,None,Locked Down,None,None,None,None,85.0,40.6,10.2,35.6,0
LD02,Material Loading,CAT-950M,Sunny,Intermediate,1,Smart,1360,Medium,0,50.2,None,None,60% Mud,None,None,None,85.0,33.9,13.8,17.5,0
T003,Material Loading,CAT-950M,Cloudy,Beginner,3,Eco,1803,Fine,1,78.6,None,None,60% Mud,None,None,None,85.0,57.0,17.2,14.9,0
EX03,Earth Excavation,CAT-320,Rainy,Intermediate,3,Smart,1678,Medium,0,62.2,Balanced,None,None,None,None,None,85.0,74.2,17.9,25.7,0
T002,Trenching,CAT-420,Rainy,Intermediate,4,Smart,1737,Quick,0,51.0,None,Locked Down,None,None,None,None,85.0,84.1,9.9,40.3,0
EX02,Earth Excavation,CAT-320,Sunny,Intermediate,4,Power,1528,Quick,1,100.1,Swing Priority,None,None,None,None,None,85.0,79.1,19.3,34.8,0
TR03,Trenching,CAT-420,Cloudy,Beginner,6,Eco,1265,Fine,1,52.4,None,Soft Ground,None,None,None,None,85.0,91.6,5.2,24.7,0
GR04,Grading,CAT-140,Cloudy,Intermediate,7,Smart,1749,Quick,0,90.0,None,None,None,Spread 25°,1st Gear,None,85.0,105.1,20.9,38.7,0
T005,Demolition,CAT-349,Windy,Beginner,5,Eco,1916,Fine,1,90.0,None,None,None,None,None,Low Flow,81.3,148.8,36.1,35.3,0
EX03,Earth Excavation,CAT-320,Rainy,Intermediate,3,Smart,1513,Fine,1,77.9,Boom Power,None,None,None,None,None,85.0,71.4,14.9,18.6,0
T001,Earth Excavation,CAT-320,Sunny,Expert,2,Power,1462,Medium,1,57.3,Balanced,None,None,None,None,None,85.0,75.9,17.7,26.9,0
T003,Material Loading,CAT-950M,Windy,Expert,6,Eco,1319,Fine,0,99.5,None,None,100% Max,None,None,None,85.0,86.4,10.7,31.4,0
GR04,Grading,CAT-140,Cloudy,Intermediate,3,Eco,1594,Fine,1,90.0,None,None,None,Spread 25°,2nd Gear,None,85.0,71.9,13.8,12.6,0
DM02,Demolition,CAT-349,Rainy,Expert,1,Eco,1347,Medium,0,90.0,None,None,None,None,None,High Flow,91.9,152.5,20.4,26.0,0
T002,Trenching,CAT-420,Rainy,Intermediate,4,Smart,1667,Medium,1,77.4,None,Locked Down,None,None,None,None,85.0,61.8,9.3,41.1,0
GR05,Grading,CAT-140,Windy,Beginner,3,Smart,1753,Fine,0,90.0,None,None,None,Normal 35°,1st Gear,None,85.0,41.5,19.4,28.3,0
TR03,Trenching,CAT-420,Sunny,Beginner,3,Smart,1613,Quick,1,70.6,None,Soft Ground,None,None,None,None,85.0,76.9,9.6,19.9,0
T005,Demolition,CAT-349,Rainy,Intermediate,2,Power,2108,Fine,1,90.0,None,None,None,None,None,Medium Flow,89.8,129.0,63.2,57.2,0
DM04,Demolition,CAT-349,Rainy,Intermediate,5,Smart,2167,Quick,0,90.0,None,None,None,None,None,Low Flow,70.5,91.7,53.7,66.7,0
DM05,Demolition,CAT-349,Windy,Expert,8,Smart,1490,Fine,1,90.0,None,None,None,None,None,Medium Flow,83.3,141.3,31.6,38.3,0
GR03,Grading,CAT-140,Rainy,Intermediate,6,Power,1771,Quick,1,90.0,None,None,None,Deep Cut 45°,3rd Gear,None,85.0,80.8,26.2,40.4,0
LD05,Material Loading,CAT-950M,Sunny,Expert,1,Smart,1380,Fine,1,95.7,None,None,60% Mud,None,None,None,85.0,36.1,14.0,12.1,0
LD03,Material Loading,CAT-950M,Rainy,Intermediate,5,Eco,2041,Quick,0,51.5,None,None,80% Gravel,None,None,None,85.0,50.2,21.4,39.1,0
TR03,Trenching,CAT-420,Cloudy,Intermediate,5,Power,1822,Quick,1,55.1,None,Soft Ground,None,None,None,None,85.0,79.2,13.9,39.4,0
GR03,Grading,CAT-140,Rainy,Beginner,8,Power,1214,Medium,0,90.0,None,None,None,Normal 35°,1st Gear,None,85.0,95.6,15.9,55.1,0
DM02,Demolition,CAT-349,Sunny,Expert,4,Power,2104,Fine,0,90.0,None,None,None,None,None,Medium Flow,86.4,114.3,64.9,69.4,0
T002,Trenching,CAT-420,Rainy,Intermediate,4,Eco,1697,Quick,0,53.3,None,Standard,None,None,None,None,85.0,81.8,8.3,37.1,0
GR03,Grading,CAT-140,Rainy,Intermediate,6,Eco,1889,Fine,1,90.0,None,None,None,Spread 25°,1st Gear,None,85.0,75.3,18.8,26.7,0
TR04,Trenching,CAT-420,Rainy,Intermediate,6,Smart,1271,Medium,1,76.7,None,Locked Down,None,None,None,None,85.0,76.2,6.8,44.7,0
TR02,Trenching,CAT-420,Sunny,Intermediate,2,Smart,1218,Quick,1,83.5,None,Soft Ground,None,None,None,None,85.0,47.6,5.5,16.0,0
DM03,Demolition,CAT-349,Windy,Intermediate,7,Eco,2196,Quick,1,90.0,None,None,None,None,None,Low Flow,96.4,149.7,45.6,93.2,0
EX05,Earth Excavation,CAT-320,Windy,Expert,6,Eco,1944,Fine,0,71.5,Boom Power,None,None,None,None,None,85.0,145.8,18.4,39.6,0
DM03,Demolition,CAT-349,Windy,Intermediate,7,Eco,1656,Fine,1,90.0,None,None,None,None,None,Medium Flow,97.8,145.2,30.5,58.2,0
LD02,Material Loading,CAT-950M,Rainy,Beginner,2,Smart,1559,Quick,0,105.9,None,None,60% Mud,None,None,None,85.0,35.6,17.0,23.6,0
GR02,Grading,CAT-140,Sunny,Expert,2,Smart,1416,Fine,1,90.0,None,None,None,Normal 35°,1st Gear,None,85.0,46.0,14.1,14.9,0
T001,Earth Excavation,CAT-320,Sunny,Expert,2,Eco,1608,Medium,1,73.3,Boom Power,None,None,None,None,None,85.0,90.9,13.1,10.2,0
TR03,Trenching,CAT-420,Windy,Intermediate,8,Smart,1974,Medium,1,97.2,None,Soft Ground,None,None,None,None,85.0,83.6,13.2,44.4,0
GR05,Grading,CAT-140,Windy,Beginner,3,Eco,1251,Fine,1,90.0,None,None,None,Deep Cut 45°,1st Gear,None,85.0,36.7,9.1,13.8,0
GR05,Grading,CAT-140,Windy,Beginner,3,Power,1836,Quick,1,90.0,None,None,None,Spread 25°,2nd Gear,None,85.0,43.7,26.9,32.4,0
TR05,Trenching,CAT-420,Sunny,Beginner,3,Power,1561,Fine,1,80.0,None,Soft Ground,None,None,None,None,85.0,41.2,11.4,33.3,0
GR04,Grading,CAT-140,Rainy,Beginner,2,Smart,1763,Fine,1,90.0,None,None,None,Deep Cut 45°,3rd Gear,None,85.0,79.5,19.3,14.1,0
TR04,Trenching,CAT-420,Rainy,Intermediate,6,Smart,1372,Medium,0,57.6,None,Locked Down,None,None,None,None,85.0,84.8,7.4,48.2,0
EX03,Earth Excavation,CAT-320,Rainy,Intermediate,2,Smart,1250,Fine,1,106.8,Balanced,None,None,None,None,None,85.0,75.9,11.3,24.4,0
LD03,Material Loading,CAT-950M,Rainy,Intermediate,5,Smart,1723,Medium,1,108.9,None,None,80% Gravel,None,None,None,85.0,48.1,20.4,28.4,0
LD05,Material Loading,CAT-950M,Sunny,Beginner,7,Power,1980,Medium,1,59.3,None,None,60% Mud,None,None,None,85.0,30.5,33.0,55.9,0
GR04,Grading,CAT-140,Cloudy,Intermediate,7,Smart,1453,Medium,0,90.0,None,None,None,Normal 35°,3rd Gear,None,85.0,84.5,15.6,40.3,0
TR05,Trenching,CAT-420,Cloudy,Expert,5,Eco,1330,Medium,1,53.4,None,Standard,None,None,None,None,85.0,53.6,5.5,21.9,0
TR02,Trenching,CAT-420,Sunny,Expert,2,Power,2070,Fine,1,93.2,None,Locked Down,None,None,None,None,85.0,38.1,16.4,44.2,0
LD04,Material Loading,CAT-950M,Windy,Intermediate,4,Smart,1867,Quick,1,71.8,None,None,60% Mud,None,None,None,85.0,36.4,22.3,22.8,0
LD05,Material Loading,CAT-950M,Sunny,Expert,1,Eco,1763,Medium,0,94.0,None,None,60% Mud,None,None,None,85.0,37.9,16.2,12.7,0
EX03,Earth Excavation,CAT-320,Rainy,Intermediate,3,Eco,1962,Medium,0,65.7,Balanced,None,None,None,None,None,85.0,70.5,17.6,29.7,0
DM02,Demolition,CAT-349,Sunny,Expert,4,Power,2017,Medium,1,90.0,None,None,None,None,None,High Flow,73.7,88.2,61.1,58.0,0
DM03,Demolition,CAT-349,Windy,Intermediate,7,Power,1622,Fine,0,90.0,None,None,None,None,None,High Flow,70.9,160.5,45.5,64.1,0
GR02,Grading,CAT-140,Sunny,Expert,2,Eco,1423,Quick,1,90.0,None,None,None,Deep Cut 45°,3rd Gear,None,85.0,74.5,11.5,24.5,0
GR05,Grading,CAT-140,Windy,Beginner,3,Power,1570,Medium,0,90.0,None,None,None,Spread 25°,3rd Gear,None,85.0,37.8,21.2,40.4,0
TR05,Trenching,CAT-420,Sunny,Intermediate,7,Eco,1328,Fine,1,104.8,None,Soft Ground,None,None,None,None,85.0,57.4,6.0,27.9,0
EX05,Earth Excavation,CAT-320,Cloudy,Beginner,8,Smart,1531,Quick,0,80.1,Boom Power,None,None,None,None,None,85.0,107.6,16.2,44.7,0
TR03,Trenching,CAT-420,Cloudy,Intermediate,5,Smart,1363,Fine,1,54.7,None,Soft Ground,None,None,None,None,85.0,75.6,7.0,27.6,0
DM03,Demolition,CAT-349,Windy,Intermediate,7,Eco,1861,Quick,1,90.0,None,None,None,None,None,High Flow,89.4,155.4,35.8,39.6,0
GR02,Grading,CAT-140,Sunny,Expert,2,Eco,1810,Medium,1,90.0,None,None,None,Normal 35°,2nd Gear,None,85.0,50.4,16.5,9.8,0
LD05,Material Loading,CAT-950M,Windy,Intermediate,5,Smart,1653,Medium,1,103.4,None,None,100% Max,None,None,None,85.0,35.3,19.0,25.1,0
DM04,Demolition,CAT-349,Cloudy,Beginner,6,Smart,2106,Fine,1,90.0,None,None,None,None,None,High Flow,79.9,95.1,52.2,59.7,0
T004,Grading,CAT-140,Cloudy,Intermediate,7,Power,1959,Quick,1,90.0,None,None,None,Normal 35°,1st Gear,None,85.0,54.5,31.4,53.5,0
LD04,Material Loading,CAT-950M,Windy,Intermediate,4,Smart,2020,Fine,0,102.6,None,None,80% Gravel,None,None,None,85.0,44.7,25.3,42.2,0
TR05,Trenching,CAT-420,Sunny,Beginner,3,Power,1643,Quick,1,59.5,None,Locked Down,None,None,None,None,85.0,45.9,12.1,33.1,0
T003,Material Loading,CAT-950M,Cloudy,Intermediate,2,Eco,1685,Medium,1,94.3,None,None,80% Gravel,None,None,None,85.0,49.1,15.0,10.9,0
LD02,Material Loading,CAT-950M,Sunny,Expert,2,Smart,1631,Medium,1,52.0,None,None,60% Mud,None,None,None,85.0,27.5,17.6,16.9,0
EX04,Earth Excavation,CAT-320,Rainy,Intermediate,1,Smart,1793,Fine,0,108.3,Boom Power,None,None,None,None,None,85.0,61.1,18.2,28.2,0
GR04,Grading,CAT-140,Cloudy,Intermediate,3,Eco,1462,Medium,0,90.0,None,None,None,Deep Cut 45°,2nd Gear,None,85.0,86.5,11.8,20.9,0
T005,Demolition,CAT-349,Windy,Intermediate,6,Eco,1646,Fine,1,90.0,None,None,None,None,None,Low Flow,70.2,162.8,29.6,33.7,0
LD04,Material Loading,CAT-950M,Cloudy,Intermediate,6,Eco,1389,Quick,1,93.5,None,None,80% Gravel,None,None,None,85.0,47.0,12.1,24.4,0
GR04,Grading,CAT-140,Cloudy,Intermediate,7,Power,1388,Medium,0,90.0,None,None,None,Deep Cut 45°,1st Gear,None,85.0,100.5,18.8,51.6,0
T001,Earth Excavation,CAT-320,Sunny,Expert,2,Power,1767,Quick,0,67.4,Boom Power,None,None,None,None,None,85.0,79.0,23.4,36.1,0
LD02,Material Loading,CAT-950M,Rainy,Beginner,2,Smart,1334,Quick,1,95.9,None,None,60% Mud,None,None,None,85.0,33.0,12.7,18.1,0
GR03,Grading,CAT-140,Rainy,Intermediate,6,Eco,1795,Fine,0,90.0,None,None,None,Deep Cut 45°,2nd Gear,None,85.0,83.2,17.9,32.9,0
DM04,Demolition,CAT-349,Windy,Intermediate,8,Smart,1995,Quick,1,90.0,None,None,None,None,None,High Flow,97.2,94.0,49.1,87.7,0
T004,Grading,CAT-140,Sunny,Expert,5,Smart,1711,Fine,1,90.0,None,None,None,Spread 25°,3rd Gear,None,85.0,52.4,19.0,41.1,0
DM02,Demolition,CAT-349,Sunny,Expert,4,Power,1722,Medium,1,90.0,None,None,None,None,None,High Flow,89.2,94.3,48.0,46.7,0
EX05,Earth Excavation,CAT-320,Windy,Expert,6,Smart,1332,Medium,1,74.9,Boom Power,None,None,None,None,None,85.0,114.5,13.2,30.1,0
LD04,Material Loading,CAT-950M,Windy,Intermediate,4,Smart,1492,Medium,0,97.8,None,None,80% Gravel,None,None,None,85.0,47.3,16.1,29.0,0
T001,Earth Excavation,CAT-320,Sunny,Expert,2,Eco,1367,Quick,1,54.0,Boom Power,None,None,None,None,None,85.0,94.3,11.6,11.2,0
DM03,Demolition,CAT-349,Windy,Intermediate,7,Eco,1955,Medium,1,90.0,None,None,None,None,None,Low Flow,79.3,163.2,39.1,47.5,0
T001,Earth Excavation,CAT-320,Cloudy,Expert,6,Power,1537,Quick,1,85.8,Swing Priority,None,None,None,None,None,85.0,70.2,19.9,40.9,0
T001,Earth Excavation,CAT-320,Windy,Expert,3,Eco,1905,Fine,0,99.7,Balanced,None,None,None,None,None,85.0,94.4,16.9,27.0,0
LD05,Material Loading,CAT-950M,Sunny,Expert,1,Eco,2046,Fine,1,99.8,None,None,100% Max,None,None,None,85.0,35.6,20.2,23.2,0
TR05,Trenching,CAT-420,Sunny,Beginner,3,Power,1530,Quick,1,75.4,None,Soft Ground,None,None,None,None,85.0,49.5,10.7,30.7,0
DM05,Demolition,CAT-349,Windy,Expert,8,Power,1926,Quick,0,90.0,None,None,None,None,None,Low Flow,98.4,135.1,60.2,99.0,0
EX02,Earth Excavation,CAT-320,Sunny,Intermediate,4,Eco,1756,Medium,1,54.2,Balanced,None,None,None,None,None,85.0,101.9,15.6,15.5,0
DM03,Demolition,CAT-349,Windy,Intermediate,7,Smart,1579,Fine,1,90.0,None,None,None,None,None,Low Flow,66.7,148.3,34.7,42.6,0
GR05,Grading,CAT-140,Windy,Beginner,3,Power,1819,Quick,1,90.0,None,None,None,Normal 35°,1st Gear,None,85.0,46.0,26.8,30.8,0
LD02,Material Loading,CAT-950M,Sunny,Expert,2,Smart,1439,Quick,0,79.6,None,None,100% Max,None,None,None,85.0,31.7,15.2,23.9,0
DM02,Demolition,CAT-349,Sunny,Expert,4,Eco,1505,Fine,0,90.0,None,None,None,None,None,High Flow,82.3,157.0,24.7,34.9,0
DM03,Demolition,CAT-349,Windy,Expert,4,Power,1471,Fine,1,90.0,None,None,None,None,None,High Flow,81.1,138.2,38.1,46.0,0
GR05,Grading,CAT-140,Windy,Beginner,3,Smart,1956,Medium,1,90.0,None,None,None,Deep Cut 45°,3rd Gear,None,85.0,36.1,23.5,28.1,0
TR03,Trenching,CAT-420,Rainy,Beginner,3,Smart,1566,Medium,0,65.0,None,Standard,None,None,None,None,85.0,94.7,8.7,41.9,0
EX02,Earth Excavation,CAT-320,Sunny,Intermediate,4,Eco,1991,Fine,1,54.3,Balanced,None,None,None,None,None,85.0,111.8,18.3,27.0,0
EX02,Earth Excavation,CAT-320,Sunny,Intermediate,4,Smart,1896,Quick,1,51.4,Swing Priority,None,None,None,None,None,85.0,84.5,20.9,26.6,0
DM05,Demolition,CAT-349,Windy,Expert,8,Eco,2120,Fine,0,90.0,None,None,None,None,None,Low Flow,99.0,183.2,43.9,99.0,0
T001,Earth Excavation,CAT-320,Sunny,Expert,2,Eco,1354,Medium,0,63.4,Boom Power,None,None,None,None,None,85.0,112.9,9.9,18.7,0
GR03,Grading,CAT-140,Rainy,Intermediate,6,Power,1497,Quick,1,90.0,None,None,None,Spread 25°,3rd Gear,None,85.0,89.4,20.7,43.7,0
EX03,Earth Excavation,CAT-320,Windy,Expert,7,Smart,1284,Quick,1,97.8,Balanced,None,None,None,None,None,85.0,72.5,11.5,34.6,0
T004,Grading,CAT-140,Sunny,Expert,5,Smart,1736,Medium,0,90.0,None,None,None,Spread 25°,1st Gear,None,85.0,48.4,19.5,34.0,0
DM03,Demolition,CAT-349,Rainy,Expert,3,Power,1498,Fine,1,90.0,None,None,None,None,None,High Flow,66.7,150.7,38.1,41.0,0
TR05,Trenching,CAT-420,Sunny,Beginner,3,Eco,1954,Medium,1,74.2,None,Locked Down,None,None,None,None,85.0,54.0,10.1,20.7,0
DM04,Demolition,CAT-349,Rainy,Intermediate,5,Power,1859,Quick,1,90.0,None,None,None,None,None,High Flow,93.6,79.0,55.2,57.4,0
T002,Trenching,CAT-420,Rainy,Intermediate,4,Smart,1938,Medium,0,68.0,None,Soft Ground,None,None,None,None,85.0,68.7,12.3,37.2,0
GR05,Grading,CAT-140,Cloudy,Intermediate,4,Power,1425,Fine,1,90.0,None,None,None,Spread 25°,3rd Gear,None,85.0,32.7,18.3,35.6,0
DM04,Demolition,CAT-349,Rainy,Intermediate,5,Eco,1518,Fine,1,90.0,None,None,None,None,None,Low Flow,83.4,122.9,26.0,29.8,0
GR03,Grading,CAT-140,Rainy,Intermediate,6,Smart,1509,Quick,1,90.0,None,None,None,Normal 35°,1st Gear,None,85.0,75.4,16.7,29.4,0
TR03,Trenching,CAT-420,Cloudy,Intermediate,5,Power,1640,Medium,0,83.9,None,Locked Down,None,None,None,None,85.0,72.3,12.3,48.8,0
TR05,Trenching,CAT-420,Cloudy,Beginner,3,Power,2039,Fine,0,97.6,None,Standard,None,None,None,None,85.0,48.5,16.5,50.3,0
T002,Trenching,CAT-420,Rainy,Intermediate,4,Eco,1664,Quick,1,68.0,None,Locked Down,None,None,None,None,85.0,71.1,8.3,30.6,0
LD03,Material Loading,CAT-950M,Rainy,Intermediate,5,Power,1774,Medium,1,109.8,None,None,80% Gravel,None,None,None,85.0,45.3,27.2,37.5,0
EX03,Earth Excavation,CAT-320,Rainy,Intermediate,3,Smart,1874,Medium,0,51.6,Balanced,None,None,None,None,None,85.0,71.0,20.5,28.0,0
TR04,Trenching,CAT-420,Rainy,Intermediate,6,Eco,1839,Quick,1,62.5,None,Standard,None,None,None,None,85.0,85.6,9.3,37.7,0
EX03,Earth Excavation,CAT-320,Rainy,Intermediate,3,Power,1536,Medium,0,100.1,Boom Power,None,None,None,None,None,85.0,66.8,19.6,39.2,0
DM05,Demolition,CAT-349,Cloudy,Intermediate,6,Smart,1766,Fine,1,90.0,None,None,None,None,None,High Flow,96.9,139.4,40.1,70.6,0
EX03,Earth Excavation,CAT-320,Rainy,Intermediate,3,Smart,1883,Quick,1,54.9,Boom Power,None,None,None,None,None,85.0,66.7,20.5,22.9,0
T003,Material Loading,CAT-950M,Cloudy,Beginner,3,Smart,1823,Medium,1,52.4,None,None,60% Mud,None,None,None,85.0,46.6,21.6,18.0,0
T004,Grading,CAT-140,Rainy,Intermediate,1,Eco,1630,Medium,1,90.0,None,None,None,Deep Cut 45°,1st Gear,None,85.0,41.5,13.8,7.6,0
EX03,Earth Excavation,CAT-320,Rainy,Intermediate,3,Power,1401,Medium,0,66.7,Boom Power,None,None,None,None,None,85.0,79.9,17.0,37.6,0
DM02,Demolition,CAT-349,Sunny,Expert,4,Smart,2186,Fine,1,90.0,None,None,None,None,None,High Flow,86.3,103.9,53.1,57.7,0
TR03,Trenching,CAT-420,Windy,Intermediate,7,Power,2098,Quick,1,63.4,None,Standard,None,None,None,None,85.0,95.9,18.1,64.3,0
EX02,Earth Excavation,CAT-320,Sunny,Intermediate,4,Power,1687,Medium,0,63.1,Swing Priority,None,None,None,None,None,85.0,101.0,23.0,42.8,0
LD04,Material Loading,CAT-950M,Windy,Intermediate,4,Smart,1586,Fine,0,98.1,None,None,100% Max,None,None,None,85.0,52.0,17.4,30.1,0
DM05,Demolition,CAT-349,Windy,Expert,8,Smart,2172,Quick,0,90.0,None,None,None,None,None,Low Flow,99.3,136.8,56.2,99.0,0
LD05,Material Loading,CAT-950M,Windy,Intermediate,7,Eco,1350,Quick,1,102.4,None,None,100% Max,None,None,None,85.0,41.9,12.1,25.3,0
DM02,Demolition,CAT-349,Sunny,Expert,4,Power,1615,Quick,0,90.0,None,None,None,None,None,Low Flow,74.5,98.0,43.8,42.2,0
GR05,Grading,CAT-140,Windy,Beginner,3,Smart,1885,Medium,0,90.0,None,None,None,Spread 25°,3rd Gear,None,85.0,39.7,21.8,27.2,0
DM02,Demolition,CAT-349,Cloudy,Beginner,3,Eco,2185,Fine,0,90.0,None,None,None,None,None,Low Flow,75.6,117.5,43.4,44.4,0
GR04,Grading,CAT-140,Cloudy,Intermediate,7,Eco,1948,Medium,1,90.0,None,None,None,Normal 35°,2nd Gear,None,85.0,82.3,19.8,33.7,0
TR05,Trenching,CAT-420,Sunny,Beginner,3,Smart,1616,Medium,1,93.5,None,Locked Down,None,None,None,None,85.0,42.9,8.6,17.4,0
EX02,Earth Excavation,CAT-320,Sunny,Intermediate,4,Smart,1645,Quick,1,84.9,Balanced,None,None,None,None,None,85.0,78.7,17.3,23.3,0
TR05,Trenching,CAT-420,Sunny,Beginner,3,Smart,1500,Medium,1,66.2,None,Locked Down,None,None,None,None,85.0,45.8,8.6,17.7,0
LD05,Material Loading,CAT-950M,Sunny,Expert,1,Smart,1484,Fine,1,105.2,None,None,60% Mud,None,None,None,85.0,36.6,15.3,12.3,0
LD03,Material Loading,CAT-950M,Windy,Intermediate,1,Smart,1318,Fine,0,66.3,None,None,60% Mud,None,None,None,85.0,67.6,12.5,19.3,0
LD02,Material Loading,CAT-950M,Sunny,Expert,2,Eco,1633,Medium,0,100.3,None,None,100% Max,None,None,None,85.0,35.4,14.8,17.6,0
DM04,Demolition,CAT-349,Rainy,Intermediate,5,Smart,1938,Quick,1,90.0,None,None,None,None,None,Low Flow,79.8,82.2,45.8,42.8,0
LD05,Material Loading,CAT-950M,Sunny,Expert,1,Eco,1761,Quick,1,92.4,None,None,80% Gravel,None,None,None,85.0,31.8,16.0,7.4,0
EX05,Earth Excavation,CAT-320,Windy,Expert,6,Smart,1601,Fine,0,87.4,Swing Priority,None,None,None,None,None,85.0,126.6,17.0,36.3,0
DM03,Demolition,CAT-349,Windy,Intermediate,7,Smart,2153,Quick,0,90.0,None,None,None,None,None,Medium Flow,96.2,133.4,54.4,91.8,0
LD02,Material Loading,CAT-950M,Sunny,Expert,2,Power,1738,Fine,1,105.6,None,None,100% Max,None,None,None,85.0,27.7,25.4,31.5,0
TR02,Trenching,CAT-420,Sunny,Expert,2,Eco,1242,Fine,1,53.8,None,Locked Down,None,None,None,None,85.0,37.9,4.2,10.4,0
TR05,Trenching,CAT-420,Cloudy,Intermediate,7,Smart,1809,Medium,1,66.3,None,Soft Ground,None,None,None,None,85.0,49.1,11.3,33.9,0
TR05,Trenching,CAT-420,Cloudy,Expert,5,Eco,1253,Medium,1,60.5,None,Soft Ground,None,None,None,None,85.0,57.1,4.9,19.2,0
TR05,Trenching,CAT-420,Sunny,Beginner,3,Smart,1876,Quick,1,55.0,None,Locked Down,None,None,None,None,85.0,52.3,11.4,20.0,0
TR03,Trenching,CAT-420,Rainy,Intermediate,5,Power,2121,Medium,0,97.3,None,Locked Down,None,None,None,None,85.0,101.5,18.1,80.6,0
TR04,Trenching,CAT-420,Cloudy,Expert,1,Power,1822,Quick,1,58.1,None,Soft Ground,None,None,None,None,85.0,65.3,12.9,25.5,0
EX05,Earth Excavation,CAT-320,Windy,Expert,6,Power,1554,Medium,1,81.4,Swing Priority,None,None,None,None,None,85.0,94.1,20.3,41.6,0
GR05,Grading,CAT-140,Rainy,Beginner,5,Eco,1913,Fine,0,90.0,None,None,None,Spread 25°,3rd Gear,None,85.0,42.6,18.5,32.1,0
LD05,Material Loading,CAT-950M,Sunny,Expert,1,Power,1607,Fine,0,57.0,None,None,80% Gravel,None,None,None,85.0,38.8,21.9,33.6,0
DM05,Demolition,CAT-349,Windy,Expert,8,Smart,1480,Medium,1,90.0,None,None,None,None,None,High Flow,77.0,140.1,31.7,48.4,0
LD02,Material Loading,CAT-950M,Sunny,Expert,2,Power,1969,Quick,1,69.1,None,None,80% Gravel,None,None,None,85.0,24.6,30.0,35.9,0
T003,Material Loading,CAT-950M,Cloudy,Beginner,3,Power,2078,Fine,1,55.1,None,None,60% Mud,None,None,None,85.0,47.2,33.3,47.4,0
EX02,Earth Excavation,CAT-320,Sunny,Intermediate,4,Eco,1778,Medium,0,107.7,Balanced,None,None,None,None,None,85.0,104.7,15.6,30.1,0
TR05,Trenching,CAT-420,Sunny,Beginner,3,Eco,1632,Fine,1,76.9,None,Soft Ground,None,None,None,None,85.0,47.5,7.6,12.6,0
GR04,Grading,CAT-140,Cloudy,Intermediate,7,Eco,1541,Fine,1,90.0,None,None,None,Normal 35°,1st Gear,None,85.0,82.4,14.4,26.9,0
EX05,Earth Excavation,CAT-320,Rainy,Intermediate,8,Smart,1400,Medium,1,60.7,Boom Power,None,None,None,None,None,85.0,130.3,14.5,39.0,0
LD03,Material Loading,CAT-950M,Rainy,Intermediate,5,Power,1627,Medium,1,68.8,None,None,80% Gravel,None,None,None,85.0,45.5,23.7,37.9,0
T001,Earth Excavation,CAT-320,Sunny,Expert,2,Smart,1812,Fine,1,99.1,Boom Power,None,None,None,None,None,85.0,71.3,18.7,16.0,0
TR02,Trenching,CAT-420,Cloudy,Expert,6,Smart,1782,Fine,0,73.1,None,Standard,None,None,None,None,85.0,44.3,10.6,36.3,0
LD03,Material Loading,CAT-950M,Rainy,Intermediate,5,Eco,1566,Fine,0,51.1,None,None,100% Max,None,None,None,85.0,71.0,16.3,47.1,0
GR03,Grading,CAT-140,Rainy,Intermediate,6,Eco,1250,Medium,1,90.0,None,None,None,Spread 25°,2nd Gear,None,85.0,90.4,10.2,23.0,0
T002,Trenching,CAT-420,Rainy,Beginner,1,Eco,1244,Medium,1,80.9,None,Soft Ground,None,None,None,None,85.0,60.3,5.3,5.9,0
TR04,Trenching,CAT-420,Rainy,Intermediate,6,Power,1603,Fine,0,87.6,None,Soft Ground,None,None,None,None,85.0,65.6,12.1,50.5,0
DM02,Demolition,CAT-349,Sunny,Expert,4,Power,1912,Medium,1,90.0,None,None,None,None,None,High Flow,76.9,91.1,55.8,48.3,0
DM02,Demolition,CAT-349,Windy,Beginner,1,Power,1940,Quick,0,90.0,None,None,None,None,None,High Flow,70.7,101.5,54.9,48.3,0
EX05,Earth Excavation,CAT-320,Windy,Expert,6,Smart,1826,Medium,1,90.4,Swing Priority,None,None,None,None,None,85.0,92.5,21.1,30.0,0
EX05,Earth Excavation,CAT-320,Sunny,Intermediate,8,Smart,1859,Fine,1,63.5,Swing Priority,None,None,None,None,None,85.0,124.4,21.5,38.9,0
EX02,Earth Excavation,CAT-320,Sunny,Intermediate,4,Smart,1476,Fine,0,72.5,Boom Power,None,None,None,None,None,85.0,120.2,14.5,31.4,0
LD02,Material Loading,CAT-950M,Rainy,Expert,3,Power,1728,Medium,1,101.6,None,None,80% Gravel,None,None,None,85.0,30.9,25.2,31.3,0
T002,Trenching,CAT-420,Rainy,Intermediate,4,Smart,2165,Quick,1,103.4,None,Soft Ground,None,None,None,None,85.0,71.1,14.2,47.1,0
TR02,Trenching,CAT-420,Sunny,Expert,2,Power,2164,Fine,1,87.9,None,Soft Ground,None,None,None,None,85.0,40.9,17.5,51.6,0
T001,Earth Excavation,CAT-320,Sunny,Expert,2,Eco,1491,Medium,1,80.0,Swing Priority,None,None,None,None,None,85.0,83.1,11.8,10.9,0
TR02,Trenching,CAT-420,Sunny,Expert,2,Eco,1598,Fine,0,56.6,None,Soft Ground,None,None,None,None,85.0,39.3,6.5,18.2,0
TR04,Trenching,CAT-420,Rainy,Intermediate,6,Smart,1803,Fine,1,88.2,None,Soft Ground,None,None,None,None,85.0,63.9,11.1,29.9,0
DM02,Demolition,CAT-349,Windy,Beginner,6,Smart,2137,Medium,0,90.0,None,None,None,None,None,Medium Flow,98.2,117.4,53.8,99.0,0
GR05,Grading,CAT-140,Windy,Beginner,3,Smart,1307,Fine,1,90.0,None,None,None,Spread 25°,1st Gear,None,85.0,35.5,12.7,19.4,0
TR04,Trenching,CAT-420,Rainy,Intermediate,6,Eco,1551,Fine,0,97.7,None,Soft Ground,None,None,None,None,85.0,66.0,7.1,30.5,0
TR03,Trenching,CAT-420,Cloudy,Beginner,8,Eco,1319,Fine,0,60.6,None,Locked Down,None,None,None,None,85.0,100.3,6.2,39.8,0
EX05,Earth Excavation,CAT-320,Windy,Expert,6,Power,1715,Medium,1,72.5,Boom Power,None,None,None,None,None,85.0,97.5,23.6,41.6,0
DM04,Demolition,CAT-349,Sunny,Intermediate,2,Power,1738,Fine,1,90.0,None,None,None,None,None,High Flow,73.7,89.7,47.5,37.1,0
EX05,Earth Excavation,CAT-320,Windy,Expert,6,Smart,1630,Fine,1,63.0,Boom Power,None,None,None,None,None,85.0,119.9,17.1,29.2,0
LD04,Material Loading,CAT-950M,Cloudy,Expert,8,Eco,1620,Medium,1,85.6,None,None,100% Max,None,None,None,85.0,49.7,15.9,30.4,0
T004,Grading,CAT-140,Sunny,Expert,5,Smart,1320,Medium,0,90.0,None,None,None,Deep Cut 45°,1st Gear,None,85.0,49.3,13.1,32.9,0
TR04,Trenching,CAT-420,Rainy,Intermediate,6,Smart,1472,Quick,1,72.0,None,Locked Down,None,None,None,None,85.0,81.8,9.1,42.4,0
LD05,Material Loading,CAT-950M,Sunny,Expert,1,Power,1519,Medium,1,81.4,None,None,80% Gravel,None,None,None,85.0,29.8,20.2,24.7,0
GR02,Grading,CAT-140,Sunny,Beginner,3,Smart,1465,Quick,0,90.0,None,None,None,Deep Cut 45°,3rd Gear,None,85.0,90.0,14.6,41.5,0
T003,Material Loading,CAT-950M,Cloudy,Beginner,3,Power,1830,Medium,1,108.8,None,None,100% Max,None,None,None,85.0,44.3,27.6,30.4,0
DM04,Demolition,CAT-349,Rainy,Beginner,8,Power,2115,Fine,1,90.0,None,None,None,None,None,Low Flow,91.5,94.4,69.5,75.4,0
T002,Trenching,CAT-420,Rainy,Intermediate,4,Eco,2100,Fine,1,80.3,None,Soft Ground,None,None,None,None,85.0,59.2,10.7,34.2,0
GR02,Grading,CAT-140,Sunny,Expert,2,Power,1795,Fine,0,90.0,None,None,None,Normal 35°,3rd Gear,None,85.0,74.2,25.5,49.9,0
GR03,Grading,CAT-140,Rainy,Intermediate,6,Power,1843,Quick,0,90.0,None,None,None,Spread 25°,2nd Gear,None,85.0,102.5,28.1,49.4,0
EX02,Earth Excavation,CAT-320,Windy,Expert,5,Eco,1367,Quick,1,52.3,Boom Power,None,None,None,None,None,85.0,117.9,10.8,21.1,0
EX05,Earth Excavation,CAT-320,Windy,Expert,6,Power,1385,Quick,1,109.1,Boom Power,None,None,None,None,None,85.0,97.3,17.3,46.0,0
LD02,Material Loading,CAT-950M,Sunny,Expert,2,Smart,1659,Quick,1,70.1,None,None,60% Mud,None,None,None,85.0,26.9,17.6,18.0,0
T004,Grading,CAT-140,Sunny,Expert,5,Eco,1229,Fine,1,90.0,None,None,None,Normal 35°,3rd Gear,None,85.0,49.2,9.5,36.8,0
TR04,Trenching,CAT-420,Rainy,Intermediate,6,Power,1963,Medium,0,102.6,None,Soft Ground,None,None,None,None,85.0,75.4,16.0,56.6,0
LD02,Material Loading,CAT-950M,Rainy,Beginner,3,Smart,1622,Fine,0,78.2,None,None,80% Gravel,None,None,None,85.0,39.9,18.2,27.7,0
DM02,Demolition,CAT-349,Windy,Beginner,4,Power,1755,Quick,0,90.0,None,None,None,None,None,High Flow,70.7,112.1,49.7,52.2,0
TR02,Trenching,CAT-420,Sunny,Expert,2,Smart,2042,Medium,0,82.3,None,Soft Ground,None,None,None,None,85.0,48.0,12.7,39.0,0
TR05,Trenching,CAT-420,Sunny,Beginner,3,Power,1560,Medium,1,62.9,None,Locked Down,None,None,None,None,85.0,42.1,10.8,31.9,0
T003,Material Loading,CAT-950M,Cloudy,Beginner,3,Smart,1415,Fine,1,56.2,None,None,60% Mud,None,None,None,85.0,55.8,14.7,18.6,0
LD02,Material Loading,CAT-950M,Sunny,Expert,2,Smart,1869,Quick,1,106.2,None,None,60% Mud,None,None,None,85.0,23.5,22.1,16.6,0
GR05,Grading,CAT-140,Cloudy,Expert,4,Smart,1751,Medium,0,90.0,None,None,None,Deep Cut 45°,1st Gear,None,85.0,44.0,19.5,29.2,0
LD03,Material Loading,CAT-950M,Rainy,Intermediate,5,Power,1997,Fine,0,53.2,None,None,100% Max,None,None,None,85.0,64.2,36.2,75.8,0
DM04,Demolition,CAT-349,Rainy,Intermediate,5,Eco,1583,Medium,0,90.0,None,None,None,None,None,Medium Flow,90.2,107.6,27.2,28.2,0
T004,Grading,CAT-140,Sunny,Expert,5,Eco,1912,Fine,1,90.0,None,None,None,Deep Cut 45°,1st Gear,None,85.0,44.2,18.4,25.2,0
T001,Earth Excavation,CAT-320,Sunny,Expert,2,Smart,1926,Medium,1,88.9,Swing Priority,None,None,None,None,None,85.0,64.4,21.0,24.1,0
GR05,Grading,CAT-140,Windy,Beginner,3,Power,1202,Medium,1,90.0,None,None,None,Spread 25°,1st Gear,None,85.0,38.4,13.9,31.1,0
GR04,Grading,CAT-140,Cloudy,Intermediate,7,Eco,1751,Medium,1,90.0,None,None,None,Normal 35°,1st Gear,None,85.0,82.6,16.9,25.8,0
EX02,Earth Excavation,CAT-320,Sunny,Intermediate,4,Smart,1940,Medium,1,53.2,Boom Power,None,None,None,None,None,85.0,81.5,21.9,30.9,0
GR04,Grading,CAT-140,Cloudy,Intermediate,7,Smart,1695,Fine,1,90.0,None,None,None,Deep Cut 45°,1st Gear,None,85.0,77.9,19.2,33.8,0
T005,Demolition,CAT-349,Windy,Intermediate,6,Power,1931,Quick,0,90.0,None,None,None,None,None,Low Flow,72.3,124.5,58.1,63.8,0
EX02,Earth Excavation,CAT-320,Sunny,Intermediate,4,Eco,1475,Medium,1,95.6,Boom Power,None,None,None,None,None,85.0,91.4,11.9,16.6,0
GR02,Grading,CAT-140,Sunny,Expert,2,Power,1997,Quick,0,90.0,None,None,None,Spread 25°,1st Gear,None,85.0,74.1,29.8,46.5,0
DM04,Demolition,CAT-349,Rainy,Intermediate,5,Power,1779,Quick,1,90.0,None,None,None,None,None,Low Flow,72.9,81.2,50.7,48.3,0
EX02,Earth Excavation,CAT-320,Sunny,Intermediate,4,Power,1612,Fine,1,78.0,Swing Priority,None,None,None,None,None,85.0,89.7,21.2,35.9,0
EX03,Earth Excavation,CAT-320,Sunny,Beginner,3,Eco,1422,Fine,1,76.8,Balanced,None,None,None,None,None,85.0,68.3,11.0,13.5,0
DM04,Demolition,CAT-349,Rainy,Intermediate,5,Power,1893,Fine,1,90.0,None,None,None,None,None,High Flow,84.7,93.1,56.2,50.8,0
EX05,Earth Excavation,CAT-320,Windy,Intermediate,8,Smart,1210,Fine,0,69.5,Boom Power,None,None,None,None,None,85.0,161.0,11.5,45.2,0
EX04,Earth Excavation,CAT-320,Cloudy,Beginner,1,Smart,1809,Quick,1,80.1,Balanced,None,None,None,None,None,85.0,39.0,18.8,13.6,0
TR05,Trenching,CAT-420,Rainy,Beginner,1,Smart,2032,Fine,1,86.9,None,Locked Down,None,None,None,None,85.0,53.1,12.3,39.9,0
T004,Grading,CAT-140,Sunny,Expert,5,Power,1864,Medium,0,90.0,None,None,None,Normal 35°,3rd Gear,None,85.0,61.7,28.3,61.1,0
T003,Material Loading,CAT-950M,Windy,Intermediate,7,Smart,1868,Quick,0,101.6,None,None,100% Max,None,None,None,85.0,57.4,24.1,42.2,0
EX04,Earth Excavation,CAT-320,Cloudy,Beginner,1,Power,1994,Fine,0,94.2,Boom Power,None,None,None,None,None,85.0,48.6,27.8,41.6,0
T002,Trenching,CAT-420,Rainy,Intermediate,4,Eco,1814,Quick,1,87.9,None,Soft Ground,None,None,None,None,85.0,64.9,9.5,15.8,0
T002,Trenching,CAT-420,Rainy,Intermediate,4,Eco,1522,Fine,0,100.7,None,Soft Ground,None,None,None,None,85.0,62.6,6.8,25.1,0
EX02,Earth Excavation,CAT-320,Sunny,Intermediate,4,Power,1230,Medium,1,52.9,Swing Priority,None,None,None,None,None,85.0,102.3,13.6,37.2,0
TR05,Trenching,CAT-420,Sunny,Intermediate,2,Power,1917,Medium,0,51.0,None,Standard,None,None,None,None,85.0,48.0,14.7,39.0,0
GR04,Grading,CAT-140,Cloudy,Intermediate,7,Power,1323,Medium,1,90.0,None,None,None,Deep Cut 45°,1st Gear,None,85.0,89.4,17.2,46.2,0
T005,Demolition,CAT-349,Windy,Intermediate,6,Power,2035,Fine,0,90.0,None,None,None,None,None,High Flow,88.3,128.4,63.2,63.7,0
T001,Earth Excavation,CAT-320,Sunny,Expert,2,Smart,1994,Medium,1,61.0,Boom Power,None,None,None,None,None,85.0,72.0,21.8,27.2,0
DM03,Demolition,CAT-349,Sunny,Beginner,1,Smart,1768,Fine,1,90.0,None,None,None,None,None,High Flow,99.0,123.8,37.6,42.5,0
T003,Material Loading,CAT-950M,Cloudy,Beginner,3,Smart,1553,Fine,1,70.0,None,None,60% Mud,None,None,None,85.0,53.8,16.9,19.5,0
T003,Material Loading,CAT-950M,Cloudy,Beginner,3,Smart,2041,Fine,0,70.2,None,None,100% Max,None,None,None,85.0,56.1,25.3,42.7,0
TR03,Trenching,CAT-420,Cloudy,Intermediate,5,Eco,1826,Medium,1,77.7,None,Soft Ground,None,None,None,None,85.0,79.9,9.1,19.4,0
LD04,Material Loading,CAT-950M,Rainy,Beginner,1,Smart,1381,Medium,1,104.0,None,None,80% Gravel,None,None,None,85.0,43.0,13.4,11.4,0
T002,Trenching,CAT-420,Windy,Beginner,4,Eco,2120,Quick,1,94.3,None,Soft Ground,None,None,None,None,85.0,76.5,11.2,37.0,0
GR02,Grading,CAT-140,Sunny,Expert,2,Smart,1735,Quick,1,90.0,None,None,None,Spread 25°,1st Gear,None,85.0,57.3,19.6,15.9,0
T004,Grading,CAT-140,Sunny,Expert,5,Power,1227,Fine,1,90.0,None,None,None,Deep Cut 45°,1st Gear,None,85.0,45.2,15.0,37.9,0
T005,Demolition,CAT-349,Windy,Intermediate,3,Smart,1708,Fine,0,90.0,None,None,None,None,None,High Flow,80.0,133.2,36.6,28.4,0
TR05,Trenching,CAT-420,Sunny,Beginner,1,Eco,1988,Fine,1,54.0,None,Soft Ground,None,None,None,None,85.0,49.8,9.5,15.2,0
TR02,Trenching,CAT-420,Rainy,Expert,2,Power,2025,Quick,1,54.0,None,Soft Ground,None,None,None,None,85.0,51.8,15.9,39.7,0
LD02,Material Loading,CAT-950M,Windy,Expert,2,Smart,1801,Medium,1,91.1,None,None,100% Max,None,None,None,85.0,27.8,20.4,14.2,0
DM03,Demolition,CAT-349,Windy,Intermediate,7,Smart,2061,Medium,0,90.0,None,None,None,None,None,High Flow,93.6,160.9,51.8,86.8,0
EX02,Earth Excavation,CAT-320,Sunny,Intermediate,4,Power,1406,Quick,0,91.4,Boom Power,None,None,None,None,None,85.0,88.9,17.1,41.0,0
T002,Trenching,CAT-420,Rainy,Intermediate,4,Power,1708,Quick,0,61.2,None,Locked Down,None,None,None,None,85.0,77.5,12.6,56.9,0
TR04,Trenching,CAT-420,Rainy,Intermediate,6,Eco,1906,Quick,0,81.8,None,Locked Down,None,None,None,None,85.0,99.3,10.1,50.8,0
LD05,Material Loading,CAT-950M,Sunny,Expert,8,Power,2065,Fine,0,51.4,None,None,100% Max,None,None,None,85.0,36.9,34.8,72.0,0
LD04,Material Loading,CAT-950M,Windy,Intermediate,4,Power,1746,Quick,0,78.0,None,None,100% Max,None,None,None,85.0,42.2,26.6,42.1,0
TR05,Trenching,CAT-420,Sunny,Beginner,3,Smart,2046,Fine,1,67.6,None,Soft Ground,None,None,None,None,85.0,46.5,12.6,30.8,0
DM03,Demolition,CAT-349,Rainy,Intermediate,7,Smart,1550,Quick,1,90.0,None,None,None,None,None,Medium Flow,78.3,148.2,34.1,31.8,0
GR03,Grading,CAT-140,Rainy,Intermediate,6,Eco,1452,Quick,1,90.0,None,None,None,Deep Cut 45°,1st Gear,None,85.0,83.1,12.3,24.4,0
EX05,Earth Excavation,CAT-320,Windy,Expert,6,Eco,1402,Medium,1,52.5,Boom Power,None,None,None,None,None,85.0,127.8,11.2,23.4,0
GR04,Grading,CAT-140,Rainy,Intermediate,6,Eco,1549,Quick,0,90.0,None,None,None,Normal 35°,3rd Gear,None,85.0,120.5,14.0,30.7,0
T005,Demolition,CAT-349,Windy,Intermediate,6,Smart,1596,Quick,0,90.0,None,None,None,None,None,Low Flow,67.5,142.6,34.4,45.8,0
GR04,Grading,CAT-140,Sunny,Intermediate,8,Power,1360,Medium,0,90.0,None,None,None,Deep Cut 45°,2nd Gear,None,85.0,95.4,18.6,55.9,0
LD04,Material Loading,CAT-950M,Windy,Intermediate,4,Smart,1307,Fine,1,97.0,None,None,100% Max,None,None,None,85.0,49.2,13.0,24.7,0
GR05,Grading,CAT-140,Windy,Beginner,3,Eco,1246,Quick,0,90.0,None,None,None,Deep Cut 45°,2nd Gear,None,85.0,50.8,10.1,18.5,0
TR05,Trenching,CAT-420,Sunny,Beginner,3,Smart,1266,Medium,1,57.4,None,Locked Down,None,None,None,None,85.0,48.7,7.0,19.7,0
GR05,Grading,CAT-140,Cloudy,Intermediate,7,Eco,1930,Quick,0,90.0,None,None,None,Deep Cut 45°,3rd Gear,None,85.0,49.7,19.5,39.0,0
TR05,Trenching,CAT-420,Sunny,Beginner,3,Smart,2002,Fine,0,65.5,None,Standard,None,None,None,None,85.0,48.6,13.1,37.7,0
GR02,Grading,CAT-140,Cloudy,Intermediate,4,Power,1837,Quick,1,90.0,None,None,None,Deep Cut 45°,1st Gear,None,85.0,63.0,27.3,35.3,0
LD03,Material Loading,CAT-950M,Rainy,Intermediate,5,Power,1570,Quick,0,97.6,None,None,80% Gravel,None,None,None,85.0,53.8,22.2,47.9,0
T003,Material Loading,CAT-950M,Cloudy,Beginner,3,Power,1861,Fine,1,60.6,None,None,100% Max,None,None,None,85.0,47.2,28.2,32.7,0
LD03,Material Loading,CAT-950M,Cloudy,Beginner,3,Eco,1431,Fine,0,51.2,None,None,80% Gravel,None,None,None,85.0,65.2,11.8,22.4,0
EX02,Earth Excavation,CAT-320,Sunny,Intermediate,4,Smart,1514,Quick,1,96.4,Swing Priority,None,None,None,None,None,85.0,83.2,15.2,23.2,0
T001,Earth Excavation,CAT-320,Rainy,Expert,5,Smart,1749,Medium,1,90.9,Swing Priority,None,None,None,None,None,85.0,78.8,18.5,28.6,0
T001,Earth Excavation,CAT-320,Sunny,Expert,2,Power,1997,Quick,1,52.0,Boom Power,None,None,None,None,None,85.0,67.3,28.1,39.3,0
EX02,Earth Excavation,CAT-320,Sunny,Intermediate,4,Smart,1697,Quick,1,69.5,Boom Power,None,None,None,None,None,85.0,83.2,17.8,23.3,0
TR03,Trenching,CAT-420,Cloudy,Intermediate,5,Power,2144,Medium,0,81.6,None,Locked Down,None,None,None,None,85.0,80.7,18.3,67.0,0
EX04,Earth Excavation,CAT-320,Cloudy,Beginner,1,Smart,1991,Fine,0,93.5,Balanced,None,None,None,None,None,85.0,51.1,21.7,27.8,0
LD02,Material Loading,CAT-950M,Sunny,Beginner,1,Eco,1423,Quick,0,100.4,None,None,80% Gravel,None,None,None,85.0,36.0,11.7,13.1,0
DM05,Demolition,CAT-349,Windy,Expert,8,Eco,1575,Quick,1,90.0,None,None,None,None,None,High Flow,70.6,150.2,28.4,41.5,0
LD02,Material Loading,CAT-950M,Sunny,Expert,2,Eco,1548,Medium,0,71.6,None,None,60% Mud,None,None,None,85.0,37.1,14.3,15.6,0
GR03,Grading,CAT-140,Rainy,Intermediate,6,Power,1846,Fine,1,90.0,None,None,None,Deep Cut 45°,3rd Gear,None,85.0,70.8,28.1,43.0,0
TR05,Trenching,CAT-420,Sunny,Beginner,3,Power,1286,Fine,1,51.2,None,Standard,None,None,None,None,85.0,43.1,8.6,31.8,0
DM04,Demolition,CAT-349,Sunny,Beginner,8,Smart,1825,Quick,1,90.0,None,None,None,None,None,Low Flow,72.5,88.4,43.2,46.0,0
EX04,Earth Excavation,CAT-320,Cloudy,Beginner,1,Eco,1222,Medium,0,74.5,Boom Power,None,None,None,None,None,85.0,75.0,9.0,14.3,0
EX04,Earth Excavation,CAT-320,Cloudy,Beginner,1,Smart,1847,Medium,0,86.6,Balanced,None,None,None,None,None,85.0,47.5,19.2,19.0,0
EX05,Earth Excavation,CAT-320,Windy,Expert,6,Eco,1800,Medium,1,101.1,Boom Power,None,None,None,None,None,85.0,99.8,16.1,25.0,0
T003,Material Loading,CAT-950M,Windy,Beginner,6,Smart,2063,Fine,0,77.0,None,None,60% Mud,None,None,None,85.0,63.0,27.5,52.9,0
EX04,Earth Excavation,CAT-320,Cloudy,Beginner,1,Smart,1839,Quick,1,93.5,Balanced,None,None,None,None,None,85.0,39.6,19.5,11.3,0
EX05,Earth Excavation,CAT-320,Windy,Expert,6,Smart,1208,Fine,0,68.3,Swing Priority,None,None,None,None,None,85.0,165.2,10.9,37.0,0
EX04,Earth Excavation,CAT-320,Cloudy,Beginner,1,Smart,1959,Fine,0,106.5,Boom Power,None,None,None,None,None,85.0,52.3,21.1,34.9,0
T005,Demolition,CAT-349,Windy,Intermediate,6,Smart,1447,Fine,0,90.0,None,None,None,None,None,Medium Flow,92.6,171.3,29.9,67.4,0
T004,Grading,CAT-140,Cloudy,Expert,5,Smart,1419,Medium,1,90.0,None,None,None,Deep Cut 45°,2nd Gear,None,85.0,38.7,14.8,26.5,0
T003,Material Loading,CAT-950M,Cloudy,Beginner,3,Eco,1399,Quick,0,72.4,None,None,60% Mud,None,None,None,85.0,65.7,11.5,20.8,0
T004,Grading,CAT-140,Rainy,Intermediate,5,Power,1978,Medium,0,90.0,None,None,None,Spread 25°,3rd Gear,None,85.0,77.4,30.8,74.7,0
GR05,Grading,CAT-140,Windy,Beginner,3,Power,1349,Fine,0,90.0,None,None,None,Deep Cut 45°,1st Gear,None,85.0,45.1,17.4,38.3,0
EX03,Earth Excavation,CAT-320,Sunny,Beginner,8,Power,1638,Fine,1,85.7,Balanced,None,None,None,None,None,85.0,66.5,22.7,48.3,0
T004,Grading,CAT-140,Sunny,Expert,5,Smart,1420,Quick,1,90.0,None,None,None,Deep Cut 45°,1st Gear,None,85.0,48.6,15.2,25.9,0
GR05,Grading,CAT-140,Windy,Beginner,3,Smart,1929,Quick,1,90.0,None,None,None,Deep Cut 45°,2nd Gear,None,85.0,45.8,22.5,27.0,0
T002,Trenching,CAT-420,Rainy,Intermediate,4,Power,1295,Medium,0,64.1,None,Standard,None,None,None,None,85.0,76.1,8.5,54.8,0
EX05,Earth Excavation,CAT-320,Cloudy,Intermediate,2,Eco,1845,Quick,0,66.5,Balanced,None,None,None,None,None,85.0,123.5,15.8,14.9,0
GR05,Grading,CAT-140,Windy,Beginner,3,Eco,1546,Fine,0,90.0,None,None,None,Spread 25°,3rd Gear,None,85.0,33.2,12.5,21.1,0
T005,Demolition,CAT-349,Windy,Intermediate,6,Smart,2018,Quick,0,90.0,None,None,None,None,None,Medium Flow,68.5,128.8,49.0,59.6,0
LD05,Material Loading,CAT-950M,Sunny,Expert,1,Smart,1399,Fine,1,106.9,None,None,100% Max,None,None,None,85.0,35.4,14.4,14.3,0
TR02,Trenching,CAT-420,Sunny,Expert,2,Eco,1954,Medium,1,62.8,None,Locked Down,None,None,None,None,85.0,41.7,9.9,16.8,0
DM04,Demolition,CAT-349,Cloudy,Intermediate,2,Eco,1610,Medium,1,90.0,None,None,None,None,None,High Flow,69.7,96.8,26.6,20.6,0
GR04,Grading,CAT-140,Cloudy,Intermediate,7,Smart,1922,Medium,1,90.0,None,None,None,Deep Cut 45°,1st Gear,None,85.0,82.9,24.1,38.8,0
EX02,Earth Excavation,CAT-320,Sunny,Intermediate,4,Smart,1523,Quick,1,63.8,Swing Priority,None,None,None,None,None,85.0,95.2,14.8,25.6,0
TR02,Trenching,CAT-420,Sunny,Expert,2,Eco,1886,Medium,0,51.2,None,Soft Ground,None,None,None,None,85.0,45.5,9.3,18.8,0
DM03,Demolition,CAT-349,Windy,Intermediate,7,Power,1471,Quick,1,90.0,None,None,None,None,None,Low Flow,87.1,146.6,39.9,56.7,0
LD04,Material Loading,CAT-950M,Windy,Expert,3,Eco,1963,Medium,1,109.9,None,None,80% Gravel,None,None,None,85.0,39.8,19.6,23.2,0
GR03,Grading,CAT-140,Rainy,Intermediate,6,Eco,1354,Medium,1,90.0,None,None,None,Normal 35°,1st Gear,None,85.0,80.4,11.4,23.2,0
T003,Material Loading,CAT-950M,Cloudy,Beginner,3,Smart,1419,Fine,0,94.2,None,None,100% Max,None,None,None,85.0,63.6,14.5,26.3,0
TR05,Trenching,CAT-420,Sunny,Beginner,3,Power,2074,Fine,1,80.7,None,Locked Down,None,None,None,None,85.0,43.8,16.5,47.5,0
TR03,Trenching,CAT-420,Cloudy,Intermediate,5,Power,1537,Fine,0,80.1,None,Locked Down,None,None,None,None,85.0,72.9,11.3,46.8,0
EX04,Earth Excavation,CAT-320,Cloudy,Beginner,1,Power,1435,Medium,0,81.7,Balanced,None,None,None,None,None,85.0,51.2,16.7,30.1,0
LD03,Material Loading,CAT-950M,Rainy,Intermediate,5,Power,1896,Medium,1,88.8,None,None,80% Gravel,None,None,None,85.0,45.6,29.7,42.1,0
T002,Trenching,CAT-420,Rainy,Intermediate,4,Smart,1765,Quick,1,80.4,None,Standard,None,None,None,None,85.0,74.7,10.5,37.0,0
TR03,Trenching,CAT-420,Cloudy,Intermediate,5,Smart,1417,Fine,1,90.9,None,Locked Down,None,None,None,None,85.0,70.5,7.8,26.9,0
TR04,Trenching,CAT-420,Windy,Intermediate,5,Eco,1352,Quick,1,84.7,None,Locked Down,None,None,None,None,85.0,81.7,6.4,20.0,0
T001,Earth Excavation,CAT-320,Sunny,Expert,2,Eco,1622,Fine,1,67.5,Boom Power,None,None,None,None,None,85.0,99.7,13.3,10.1,0
T003,Material Loading,CAT-950M,Cloudy,Beginner,3,Power,1577,Fine,1,104.1,None,None,60% Mud,None,None,None,85.0,52.1,21.7,33.2,0
DM02,Demolition,CAT-349,Rainy,Expert,2,Eco,1481,Quick,1,90.0,None,None,None,None,None,High Flow,82.0,128.3,23.5,20.4,0
GR02,Grading,CAT-140,Sunny,Expert,2,Smart,1822,Fine,1,90.0,None,None,None,Normal 35°,2nd Gear,None,85.0,48.9,20.3,13.5,0
DM04,Demolition,CAT-349,Cloudy,Expert,8,Smart,2128,Medium,0,90.0,None,None,None,None,None,Medium Flow,95.8,89.8,54.0,91.8,0
DM05,Demolition,CAT-349,Cloudy,Expert,6,Eco,1592,Quick,1,90.0,None,None,None,None,None,High Flow,74.4,144.5,28.2,32.8,0
EX02,Earth Excavation,CAT-320,Sunny,Intermediate,4,Eco,1580,Medium,1,54.1,Balanced,None,None,None,None,None,85.0,107.6,13.2,19.3,0
DM04,Demolition,CAT-349,Rainy,Intermediate,5,Power,1746,Quick,1,90.0,None,None,None,None,None,Low Flow,75.5,81.4,50.0,48.9,0
EX05,Earth Excavation,CAT-320,Windy,Expert,6,Power,1283,Fine,1,99.9,Balanced,None,None,None,None,None,85.0,118.0,15.5,40.9,0
EX03,Earth Excavation,CAT-320,Rainy,Intermediate,3,Smart,1730,Quick,1,94.8,Balanced,None,None,None,None,None,85.0,55.2,18.5,20.0,0
T003,Material Loading,CAT-950M,Cloudy,Intermediate,4,Smart,1508,Fine,1,104.7,None,None,80% Gravel,None,None,None,85.0,54.2,16.3,23.0,0
GR02,Grading,CAT-140,Sunny,Expert,2,Eco,1783,Quick,0,90.0,None,None,None,Spread 25°,1st Gear,None,85.0,63.7,16.2,17.2,0
GR02,Grading,CAT-140,Sunny,Expert,2,Smart,1971,Quick,0,90.0,None,None,None,Spread 25°,3rd Gear,None,85.0,92.7,23.2,51.4,0
TR03,Trenching,CAT-420,Cloudy,Intermediate,5,Smart,1518,Quick,0,64.1,None,Standard,None,None,None,None,85.0,95.4,8.5,33.8,0
GR04,Grading,CAT-140,Cloudy,Intermediate,7,Eco,1915,Quick,1,90.0,None,None,None,Deep Cut 45°,3rd Gear,None,85.0,110.9,19.4,33.0,0
GR04,Grading,CAT-140,Cloudy,Intermediate,7,Eco,1242,Fine,1,90.0,None,None,None,Deep Cut 45°,1st Gear,None,85.0,96.4,10.2,28.8,0
LD02,Material Loading,CAT-950M,Sunny,Expert,2,Power,1880,Medium,1,107.1,None,None,100% Max,None,None,None,85.0,24.2,28.5,31.5,0
TR02,Trenching,CAT-420,Sunny,Expert,2,Smart,1461,Fine,1,100.9,None,Locked Down,None,None,None,None,85.0,35.9,7.6,15.4,0
T003,Material Loading,CAT-950M,Sunny,Expert,8,Eco,2007,Quick,0,91.5,None,None,60% Mud,None,None,None,85.0,61.9,21.3,51.2,0
DM02,Demolition,CAT-349,Sunny,Expert,4,Power,1353,Quick,0,90.0,None,None,None,None,None,High Flow,94.1,118.8,33.1,60.5,0
TR03,Trenching,CAT-420,Sunny,Beginner,1,Power,1398,Fine,1,57.7,None,Standard,None,None,None,None,85.0,67.6,9.0,24.3,0
TR05,Trenching,CAT-420,Sunny,Beginner,3,Smart,1776,Medium,0,54.4,None,Locked Down,None,None,None,None,85.0,51.3,10.6,25.2,0
LD04,Material Loading,CAT-950M,Windy,Intermediate,4,Eco,1440,Quick,1,105.1,None,None,100% Max,None,None,None,85.0,46.9,12.3,17.1,0
EX04,Earth Excavation,CAT-320,Sunny,Intermediate,1,Smart,1571,Fine,1,99.0,Balanced,None,None,None,None,None,85.0,48.8,15.8,13.6,0
TR02,Trenching,CAT-420,Rainy,Beginner,7,Smart,1743,Quick,1,87.1,None,Locked Down,None,None,None,None,85.0,59.6,10.2,48.5,0
T004,Grading,CAT-140,Sunny,Expert,5,Smart,1655,Fine,1,90.0,None,None,None,Spread 25°,1st Gear,None,85.0,39.9,18.0,25.7,0
DM03,Demolition,CAT-349,Windy,Intermediate,7,Power,1589,Quick,1,90.0,None,None,None,None,None,Low Flow,94.8,139.2,44.8,80.3,0
TR02,Trenching,CAT-420,Sunny,Expert,2,Power,1375,Fine,1,73.3,None,Locked Down,None,None,None,None,85.0,36.4,9.5,27.8,0
T003,Material Loading,CAT-950M,Cloudy,Beginner,3,Smart,1990,Fine,0,60.5,None,None,80% Gravel,None,None,None,85.0,52.2,24.2,39.6,0
LD05,Material Loading,CAT-950M,Sunny,Expert,1,Eco,1643,Quick,0,84.4,None,None,80% Gravel,None,None,None,85.0,38.1,14.7,12.2,0
LD03,Material Loading,CAT-950M,Rainy,Intermediate,5,Smart,1314,Quick,0,87.8,None,None,80% Gravel,None,None,None,85.0,61.9,13.8,35.7,0
EX04,Earth Excavation,CAT-320,Cloudy,Beginner,1,Smart,1346,Fine,0,86.2,Boom Power,None,None,None,None,None,85.0,60.1,11.9,21.9,0
GR05,Grading,CAT-140,Windy,Beginner,3,Eco,1916,Quick,1,90.0,None,None,None,Normal 35°,2nd Gear,None,85.0,44.7,18.2,18.6,0
T002,Trenching,CAT-420,Rainy,Intermediate,4,Eco,1249,Quick,1,96.1,None,Locked Down,None,None,None,None,85.0,81.1,5.1,29.9,0
LD03,Material Loading,CAT-950M,Rainy,Intermediate,5,Smart,1860,Fine,0,104.9,None,None,100% Max,None,None,None,85.0,67.5,25.2,53.5,0
EX03,Earth Excavation,CAT-320,Rainy,Intermediate,3,Smart,1484,Medium,0,52.8,Boom Power,None,None,None,None,None,85.0,82.7,14.3,26.8,0
DM02,Demolition,CAT-349,Sunny,Expert,4,Eco,1870,Fine,1,90.0,None,None,None,None,None,High Flow,71.6,122.8,34.8,28.7,0
LD05,Material Loading,CAT-950M,Cloudy,Intermediate,4,Power,1718,Quick,1,104.8,None,None,80% Gravel,None,None,None,85.0,30.0,25.6,34.4,0
TR04,Trenching,CAT-420,Rainy,Intermediate,6,Smart,1470,Fine,0,53.7,None,Locked Down,None,None,None,None,85.0,79.3,8.2,51.6,0
GR03,Grading,CAT-140,Rainy,Intermediate,6,Eco,1976,Medium,1,90.0,None,None,None,Spread 25°,2nd Gear,None,85.0,85.2,20.2,31.4,0
EX05,Earth Excavation,CAT-320,Windy,Expert,6,Eco,1987,Medium,0,100.8,Boom Power,None,None,None,None,None,85.0,111.1,18.9,41.3,0
EX04,Earth Excavation,CAT-320,Cloudy,Beginner,1,Smart,1736,Quick,0,88.8,Swing Priority,None,None,None,None,None,85.0,44.0,17.5,19.5,0
GR02,Grading,CAT-140,Rainy,Beginner,6,Eco,1207,Quick,1,90.0,None,None,None,Spread 25°,2nd Gear,None,85.0,78.6,9.4,22.8,0
T004,Grading,CAT-140,Sunny,Expert,5,Power,1328,Quick,1,90.0,None,None,None,Deep Cut 45°,3rd Gear,None,85.0,64.9,17.2,54.1,0
T001,Earth Excavation,CAT-320,Sunny,Expert,2,Eco,1683,Quick,1,90.1,Balanced,None,None,None,None,None,85.0,68.6,13.4,10.9,0
GR05,Grading,CAT-140,Windy,Beginner,3,Smart,1912,Medium,1,90.0,None,None,None,Normal 35°,1st Gear,None,85.0,39.6,22.1,25.1,0
DM03,Demolition,CAT-349,Windy,Intermediate,7,Smart,1894,Quick,1,90.0,None,None,None,None,None,Medium Flow,65.5,121.1,45.1,35.5,0
EX05,Earth Excavation,CAT-320,Sunny,Intermediate,8,Eco,1386,Fine,1,107.8,Balanced,None,None,None,None,None,85.0,146.6,11.7,39.1,0
GR03,Grading,CAT-140,Sunny,Intermediate,2,Smart,1427,Quick,1,90.0,None,None,None,Spread 25°,1st Gear,None,85.0,71.7,13.8,15.4,0
TR05,Trenching,CAT-420,Sunny,Beginner,8,Power,2171,Medium,1,78.5,None,Locked Down,None,None,None,None,85.0,52.3,19.7,74.0,0
LD02,Material Loading,CAT-950M,Rainy,Beginner,4,Smart,1901,Medium,1,104.1,None,None,80% Gravel,None,None,None,85.0,29.8,23.0,24.5,0
T001,Earth Excavation,CAT-320,Sunny,Expert,4,Eco,1891,Quick,0,96.7,Swing Priority,None,None,None,None,None,85.0,83.5,17.1,26.2,0
LD02,Material Loading,CAT-950M,Sunny,Expert,2,Power,1694,Medium,1,77.0,None,None,60% Mud,None,None,None,85.0,25.5,24.9,29.5,0
GR03,Grading,CAT-140,Rainy,Intermediate,6,Eco,1465,Medium,0,90.0,None,None,None,Spread 25°,1st Gear,None,85.0,88.3,12.6,31.2,0
TR04,Trenching,CAT-420,Rainy,Intermediate,6,Eco,1844,Fine,1,100.0,None,Locked Down,None,None,None,None,85.0,70.6,9.5,38.0,0
EX02,Earth Excavation,CAT-320,Cloudy,Intermediate,8,Eco,1870,Fine,0,109.4,Balanced,None,None,None,None,None,85.0,127.7,17.8,45.2,0
EX03,Earth Excavation,CAT-320,Rainy,Intermediate,3,Power,1465,Quick,1,89.5,Boom Power,None,None,None,None,None,85.0,60.1,17.9,31.2,0
DM03,Demolition,CAT-349,Windy,Intermediate,7,Power,1324,Fine,0,90.0,None,None,None,None,None,Medium Flow,75.2,158.7,33.1,51.9,0
DM05,Demolition,CAT-349,Windy,Expert,8,Power,1392,Quick,0,90.0,None,None,None,None,None,High Flow,74.1,152.4,36.9,65.3,0
T004,Grading,CAT-140,Cloudy,Expert,2,Eco,1800,Fine,1,90.0,None,None,None,Deep Cut 45°,2nd Gear,None,85.0,35.5,16.1,10.5,0
T001,Earth Excavation,CAT-320,Sunny,Expert,2,Power,1513,Quick,1,81.6,Boom Power,None,None,None,None,None,85.0,66.2,19.0,25.9,0
LD03,Material Loading,CAT-950M,Windy,Beginner,4,Eco,2082,Medium,0,109.9,None,None,80% Gravel,None,None,None,85.0,55.4,22.1,38.3,0
TR05,Trenching,CAT-420,Rainy,Beginner,5,Smart,2185,Quick,1,88.9,None,Soft Ground,None,None,None,None,85.0,65.9,14.7,51.0,0
T002,Trenching,CAT-420,Rainy,Intermediate,4,Eco,1720,Quick,1,104.1,None,Soft Ground,None,None,None,None,85.0,61.8,8.3,17.0,0
EX02,Earth Excavation,CAT-320,Sunny,Intermediate,4,Smart,1934,Quick,1,109.8,Boom Power,None,None,None,None,None,85.0,73.1,22.4,38.8,0
LD03,Material Loading,CAT-950M,Rainy,Intermediate,5,Smart,1731,Fine,0,92.4,None,None,80% Gravel,None,None,None,85.0,64.8,20.1,33.1,0
LD05,Material Loading,CAT-950M,Sunny,Expert,1,Eco,1968,Fine,1,104.2,None,None,60% Mud,None,None,None,85.0,35.8,18.9,15.2,0
DM05,Demolition,CAT-349,Windy,Expert,8,Power,2134,Medium,1,90.0,None,None,None,None,None,Low Flow,89.6,119.5,69.6,78.4,0
LD03,Material Loading,CAT-950M,Windy,Beginner,3,Power,2009,Medium,0,59.7,None,None,100% Max,None,None,None,85.0,56.2,35.1,67.6,0
GR04,Grading,CAT-140,Cloudy,Intermediate,7,Smart,1375,Medium,1,90.0,None,None,None,Normal 35°,1st Gear,None,85.0,75.8,14.4,35.0,0
EX02,Earth Excavation,CAT-320,Sunny,Intermediate,4,Eco,1277,Fine,0,85.7,Boom Power,None,None,None,None,None,85.0,128.3,9.4,23.8,0
T001,Earth Excavation,CAT-320,Sunny,Expert,2,Smart,1436,Fine,1,69.3,Swing Priority,None,None,None,None,None,85.0,94.2,13.6,15.0,0
TR02,Trenching,CAT-420,Sunny,Beginner,8,Eco,1521,Fine,0,67.0,None,Locked Down,None,None,None,None,85.0,45.3,7.1,40.0,0
LD03,Material Loading,CAT-950M,Rainy,Intermediate,5,Power,1611,Quick,1,79.3,None,None,60% Mud,None,None,None,85.0,44.7,23.2,36.3,0
T005,Demolition,CAT-349,Windy,Intermediate,6,Eco,1997,Fine,0,90.0,None,None,None,None,None,Medium Flow,94.9,170.6,40.0,76.5,0
T003,Material Loading,CAT-950M,Cloudy,Beginner,7,Smart,1347,Fine,1,81.8,None,None,100% Max,None,None,None,85.0,61.2,14.6,34.1,0
EX03,Earth Excavation,CAT-320,Rainy,Intermediate,3,Eco,1311,Medium,0,93.5,Swing Priority,None,None,None,None,None,85.0,74.9,9.5,20.5,0
LD04,Material Loading,CAT-950M,Windy,Intermediate,4,Eco,1821,Fine,1,86.6,None,None,80% Gravel,None,None,None,85.0,46.8,17.7,17.3,0
EX05,Earth Excavation,CAT-320,Windy,Expert,6,Eco,1607,Fine,1,57.0,Swing Priority,None,None,None,None,None,85.0,144.1,13.4,23.9,0
EX05,Earth Excavation,CAT-320,Windy,Expert,6,Eco,1677,Quick,0,91.6,Swing Priority,None,None,None,None,None,85.0,119.1,14.7,30.0,0
EX05,Earth Excavation,CAT-320,Sunny,Intermediate,5,Power,1745,Medium,1,97.4,Balanced,None,None,None,None,None,85.0,87.3,24.9,39.9,0
T002,Trenching,CAT-420,Rainy,Intermediate,4,Eco,2122,Fine,1,84.5,None,Standard,None,None,None,None,85.0,68.1,11.0,52.5,0
T005,Demolition,CAT-349,Windy,Intermediate,6,Smart,2076,Fine,0,90.0,None,None,None,None,None,Low Flow,71.3,149.3,51.6,64.6,0
T004,Grading,CAT-140,Sunny,Expert,5,Power,1258,Medium,1,90.0,None,None,None,Normal 35°,3rd Gear,None,85.0,55.4,15.4,55.1,0
GR03,Grading,CAT-140,Rainy,Intermediate,6,Power,1556,Fine,0,90.0,None,None,None,Normal 35°,3rd Gear,None,85.0,83.6,22.1,50.6,0
LD02,Material Loading,CAT-950M,Sunny,Expert,2,Smart,1555,Fine,0,64.6,None,None,60% Mud,None,None,None,85.0,36.4,16.4,21.2,0
EX04,Earth Excavation,CAT-320,Cloudy,Beginner,1,Power,1854,Fine,0,53.3,Boom Power,None,None,None,None,None,85.0,57.6,24.8,33.9,0
GR04,Grading,CAT-140,Sunny,Intermediate,3,Power,1785,Medium,1,90.0,None,None,None,Deep Cut 45°,2nd Gear,None,85.0,73.3,25.8,30.1,0
DM04,Demolition,CAT-349,Rainy,Intermediate,5,Power,2025,Medium,0,90.0,None,None,None,None,None,High Flow,81.1,90.9,62.2,67.9,0
LD04,Material Loading,CAT-950M,Windy,Beginner,3,Smart,1533,Medium,1,52.9,None,None,60% Mud,None,None,None,85.0,40.8,16.8,20.7,0
GR02,Grading,CAT-140,Sunny,Expert,2,Smart,1908,Medium,0,90.0,None,None,None,Deep Cut 45°,3rd Gear,None,85.0,79.9,21.8,44.0,0
TR03,Trenching,CAT-420,Cloudy,Intermediate,5,Power,1689,Quick,1,54.9,None,Locked Down,None,None,None,None,85.0,73.2,12.9,37.7,0
EX04,Earth Excavation,CAT-320,Cloudy,Beginner,1,Smart,1752,Medium,1,50.0,Boom Power,None,None,None,None,None,85.0,49.0,18.0,13.4,0
EX05,Earth Excavation,CAT-320,Windy,Expert,6,Smart,1696,Fine,0,89.9,Boom Power,None,None,None,None,None,85.0,115.3,18.4,38.0,0
DM04,Demolition,CAT-349,Rainy,Expert,7,Power,1824,Quick,0,90.0,None,None,None,None,None,Low Flow,71.0,94.9,54.7,63.2,0
T003,Material Loading,CAT-950M,Cloudy,Expert,5,Smart,1859,Medium,1,109.1,None,None,60% Mud,None,None,None,85.0,47.1,22.4,27.9,0
GR02,Grading,CAT-140,Sunny,Expert,2,Eco,1845,Quick,1,90.0,None,None,None,Normal 35°,2nd Gear,None,85.0,56.8,17.0,10.6,0
TR04,Trenching,CAT-420,Rainy,Intermediate,6,Eco,1986,Quick,1,100.4,None,Soft Ground,None,None,None,None,85.0,77.2,10.8,34.4,0
EX03,Earth Excavation,CAT-320,Rainy,Expert,8,Power,1990,Fine,1,88.5,Balanced,None,None,None,None,None,85.0,64.0,30.5,59.5,0
T003,Material Loading,CAT-950M,Cloudy,Beginner,3,Eco,1496,Fine,0,107.2,None,None,60% Mud,None,None,None,85.0,71.2,12.9,22.6,0
T001,Earth Excavation,CAT-320,Sunny,Expert,2,Smart,1683,Fine,1,67.5,Boom Power,None,None,None,None,None,85.0,84.4,16.8,13.6,0
DM03,Demolition,CAT-349,Windy,Expert,4,Eco,1932,Quick,0,90.0,None,None,None,None,None,High Flow,88.2,163.6,36.0,38.6,0
GR02,Grading,CAT-140,Sunny,Expert,2,Power,1566,Fine,0,90.0,None,None,None,Spread 25°,2nd Gear,None,85.0,60.0,21.2,36.0,0
T001,Earth Excavation,CAT-320,Sunny,Expert,2,Eco,1823,Medium,1,72.5,Boom Power,None,None,None,None,None,85.0,85.7,15.8,9.5,0
T005,Demolition,CAT-349,Windy,Intermediate,6,Eco,1880,Fine,1,90.0,None,None,None,None,None,Low Flow,96.7,153.2,36.5,66.3,0
LD05,Material Loading,CAT-950M,Windy,Intermediate,1,Eco,2084,Quick,1,92.3,None,None,80% Gravel,None,None,None,85.0,33.6,20.8,24.9,0
TR05,Trenching,CAT-420,Sunny,Beginner,3,Eco,1997,Quick,1,74.1,None,Standard,None,None,None,None,85.0,56.9,10.1,26.1,0
LD03,Material Loading,CAT-950M,Rainy,Intermediate,5,Eco,1688,Fine,1,98.2,None,None,100% Max,None,None,None,85.0,59.7,17.9,41.7,0
GR02,Grading,CAT-140,Sunny,Expert,2,Eco,1837,Fine,1,90.0,None,None,None,Spread 25°,3rd Gear,None,85.0,66.6,17.4,27.0,0
TR03,Trenching,CAT-420,Sunny,Expert,2,Eco,2185,Medium,0,101.8,None,Locked Down,None,None,None,None,85.0,90.4,12.1,41.1,0
GR03,Grading,CAT-140,Rainy,Intermediate,6,Power,1668,Medium,0,90.0,None,None,None,Spread 25°,3rd Gear,None,85.0,84.1,24.5,50.6,0
TR05,Trenching,CAT-420,Sunny,Beginner,3,Eco,1914,Fine,1,73.6,None,Locked Down,None,None,None,None,85.0,50.1,9.7,17.8,0
T001,Earth Excavation,CAT-320,Sunny,Expert,2,Eco,1912,Medium,1,54.6,Balanced,None,None,None,None,None,85.0,78.4,16.8,15.4,0
LD04,Material Loading,CAT-950M,Windy,Intermediate,4,Smart,1674,Medium,0,105.0,None,None,100% Max,None,None,None,85.0,44.3,19.2,30.5,0
GR05,Grading,CAT-140,Windy,Beginner,3,Smart,1541,Quick,1,90.0,None,None,None,Normal 35°,2nd Gear,None,85.0,40.3,15.9,22.3,0
LD04,Material Loading,CAT-950M,Windy,Intermediate,4,Power,1602,Fine,0,63.4,None,None,100% Max,None,None,None,85.0,49.6,23.1,43.1,0
EX05,Earth Excavation,CAT-320,Windy,Expert,6,Power,1883,Quick,0,105.2,Swing Priority,None,None,None,None,None,85.0,102.6,27.3,58.4,0
DM03,Demolition,CAT-349,Sunny,Beginner,3,Power,2074,Fine,1,90.0,None,None,None,None,None,High Flow,71.9,119.0,62.1,59.3,0
DM05,Demolition,CAT-349,Windy,Expert,8,Eco,1604,Fine,1,90.0,None,None,None,None,None,Medium Flow,96.2,154.5,29.4,62.4,0
EX05,Earth Excavation,CAT-320,Windy,Expert,6,Smart,1460,Quick,1,64.6,Balanced,None,None,None,None,None,85.0,113.7,15.3,30.0,0
TR04,Trenching,CAT-420,Rainy,Intermediate,6,Eco,1711,Medium,0,72.9,None,Standard,None,None,None,None,85.0,83.1,8.4,46.7,0
T005,Demolition,CAT-349,Windy,Beginner,5,Eco,1542,Medium,1,90.0,None,None,None,None,None,Low Flow,95.2,144.8,26.9,43.7,0
T001,Earth Excavation,CAT-320,Sunny,Expert,2,Eco,1450,Quick,0,52.0,Boom Power,None,None,None,None,None,85.0,105.8,11.1,17.3,0
EX05,Earth Excavation,CAT-320,Windy,Expert,6,Smart,1777,Fine,1,54.9,Boom Power,None,None,None,None,None,85.0,114.1,19.6,32.6,0
LD04,Material Loading,CAT-950M,Rainy,Intermediate,6,Power,1437,Fine,0,72.3,None,None,80% Gravel,None,None,None,85.0,57.5,19.9,49.9,0
EX04,Earth Excavation,CAT-320,Sunny,Expert,8,Eco,1842,Fine,0,105.6,Balanced,None,None,None,None,None,85.0,70.9,17.4,46.5,0
LD04,Material Loading,CAT-950M,Windy,Intermediate,4,Eco,1312,Fine,1,107.3,None,None,100% Max,None,None,None,85.0,56.3,11.0,17.9,0
EX05,Earth Excavation,CAT-320,Windy,Expert,6,Eco,1265,Fine,1,64.0,Boom Power,None,None,None,None,None,85.0,152.3,9.8,25.3,0
T002,Trenching,CAT-420,Rainy,Intermediate,4,Eco,1287,Quick,1,72.9,None,Locked Down,None,None,None,None,85.0,78.9,4.9,29.5,0
LD04,Material Loading,CAT-950M,Windy,Intermediate,4,Eco,1546,Fine,0,62.6,None,None,80% Gravel,None,None,None,85.0,56.6,13.5,24.0,0
GR03,Grading,CAT-140,Sunny,Expert,8,Smart,1438,Medium,1,90.0,None,None,None,Spread 25°,3rd Gear,None,85.0,77.3,15.7,36.6,0
DM05,Demolition,CAT-349,Windy,Expert,8,Smart,2174,Quick,0,90.0,None,None,None,None,None,Medium Flow,77.2,122.9,56.0,67.5,0
T005,Demolition,CAT-349,Windy,Intermediate,6,Eco,1867,Medium,1,90.0,None,None,None,None,None,Low Flow,90.1,134.2,35.8,37.2,0
T005,Demolition,CAT-349,Windy,Intermediate,6,Eco,1738,Fine,1,90.0,None,None,None,None,None,Medium Flow,89.4,155.6,32.0,37.7,0
TR03,Trenching,CAT-420,Cloudy,Intermediate,5,Smart,1401,Quick,1,101.5,None,Locked Down,None,None,None,None,85.0,82.6,7.4,24.8,0
TR02,Trenching,CAT-420,Cloudy,Beginner,8,Smart,1354,Fine,0,79.5,None,Standard,None,None,None,None,85.0,46.0,6.9,44.7,0
EX03,Earth Excavation,CAT-320,Rainy,Intermediate,3,Smart,1472,Quick,0,52.8,Balanced,None,None,None,None,None,85.0,77.6,14.2,26.7,0
DM05,Demolition,CAT-349,Windy,Expert,8,Power,2137,Fine,1,90.0,None,None,None,None,None,High Flow,81.8,135.7,69.9,79.7,0
T002,Trenching,CAT-420,Rainy,Intermediate,4,Eco,1607,Quick,0,73.8,None,Standard,None,None,None,None,85.0,81.6,7.6,38.6,0
DM03,Demolition,CAT-349,Cloudy,Beginner,7,Eco,1522,Medium,1,90.0,None,None,None,None,None,High Flow,71.5,179.2,26.4,38.3,0
LD05,Material Loading,CAT-950M,Windy,Expert,8,Smart,1392,Quick,0,73.2,None,None,80% Gravel,None,None,None,85.0,44.9,14.9,45.0,0
EX03,Earth Excavation,CAT-320,Rainy,Intermediate,3,Power,1252,Fine,1,54.9,Balanced,None,None,None,None,None,85.0,78.9,14.3,29.7,0
T001,Earth Excavation,CAT-320,Sunny,Expert,2,Eco,1662,Quick,0,81.4,Boom Power,None,None,None,None,None,85.0,84.8,13.2,16.8,0
T004,Grading,CAT-140,Rainy,Beginner,3,Smart,1310,Medium,1,90.0,None,None,None,Normal 35°,1st Gear,None,85.0,44.6,12.8,20.6,0
TR05,Trenching,CAT-420,Windy,Beginner,3,Eco,2147,Fine,0,63.9,None,Locked Down,None,None,None,None,85.0,67.3,11.0,43.8,0
LD04,Material Loading,CAT-950M,Cloudy,Intermediate,3,Smart,1915,Quick,1,101.8,None,None,60% Mud,None,None,None,85.0,36.5,22.4,24.0,0
LD03,Material Loading,CAT-950M,Rainy,Intermediate,5,Smart,1588,Medium,1,61.0,None,None,60% Mud,None,None,None,85.0,47.3,18.2,26.8,0
DM05,Demolition,CAT-349,Windy,Expert,8,Power,2120,Quick,1,90.0,None,None,None,None,None,Low Flow,92.8,116.4,69.2,99.0,0
GR03,Grading,CAT-140,Rainy,Intermediate,6,Power,1767,Fine,1,90.0,None,None,None,Spread 25°,3rd Gear,None,85.0,73.7,26.8,42.4,0
LD04,Material Loading,CAT-950M,Windy,Intermediate,4,Eco,1989,Medium,1,51.7,None,None,80% Gravel,None,None,None,85.0,42.5,20.5,26.6,0
GR02,Grading,CAT-140,Rainy,Expert,2,Power,1285,Medium,1,90.0,None,None,None,Normal 35°,3rd Gear,None,85.0,80.4,15.7,44.5,0
T001,Earth Excavation,CAT-320,Windy,Beginner,5,Smart,1669,Fine,1,59.7,Swing Priority,None,None,None,None,None,85.0,99.8,17.9,26.2,0
T002,Trenching,CAT-420,Rainy,Intermediate,4,Smart,1324,Medium,0,101.7,None,Locked Down,None,None,None,None,85.0,81.1,7.5,45.0,0
TR04,Trenching,CAT-420,Rainy,Intermediate,6,Power,2133,Fine,0,101.2,None,Soft Ground,None,None,None,None,85.0,74.1,18.6,71.4,0
EX04,Earth Excavation,CAT-320,Sunny,Expert,5,Power,1532,Quick,1,103.3,Swing Priority,None,None,None,None,None,85.0,43.2,20.2,46.4,0
T004,Grading,CAT-140,Sunny,Expert,5,Power,1872,Quick,1,90.0,None,None,None,Deep Cut 45°,2nd Gear,None,85.0,50.0,28.7,39.7,0
EX02,Earth Excavation,CAT-320,Rainy,Beginner,3,Power,1291,Fine,0,100.5,Balanced,None,None,None,None,None,85.0,124.6,14.6,38.5,0
GR03,Grading,CAT-140,Sunny,Beginner,2,Smart,1292,Fine,1,90.0,None,None,None,Spread 25°,2nd Gear,None,85.0,68.8,12.0,14.9,0
T004,Grading,CAT-140,Rainy,Expert,2,Smart,1877,Quick,0,90.0,None,None,None,Normal 35°,3rd Gear,None,85.0,71.5,21.7,40.2,0
GR03,Grading,CAT-140,Rainy,Intermediate,6,Power,1591,Fine,1,90.0,None,None,None,Normal 35°,1st Gear,None,85.0,66.8,23.0,43.2,0
DM05,Demolition,CAT-349,Cloudy,Expert,1,Power,1331,Medium,0,90.0,None,None,None,None,None,High Flow,99.1,137.2,31.0,63.8,0
TR05,Trenching,CAT-420,Windy,Intermediate,6,Eco,1828,Quick,0,56.8,None,Soft Ground,None,None,None,None,85.0,76.2,9.4,31.9,0
LD05,Material Loading,CAT-950M,Sunny,Expert,1,Smart,1647,Quick,0,89.1,None,None,60% Mud,None,None,None,85.0,33.5,17.8,17.8,0
T001,Earth Excavation,CAT-320,Sunny,Expert,2,Eco,1984,Quick,1,61.7,Balanced,None,None,None,None,None,85.0,75.8,18.5,22.2,0
GR02,Grading,CAT-140,Windy,Intermediate,3,Power,1601,Fine,1,90.0,None,None,None,Normal 35°,1st Gear,None,85.0,50.8,21.7,32.0,0
LD04,Material Loading,CAT-950M,Windy,Intermediate,4,Eco,1630,Quick,1,96.2,None,None,60% Mud,None,None,None,85.0,43.2,14.5,19.5,0
DM05,Demolition,CAT-349,Windy,Expert,8,Eco,1534,Fine,1,90.0,None,None,None,None,None,High Flow,65.8,177.1,27.3,39.7,0
GR05,Grading,CAT-140,Windy,Intermediate,5,Smart,1425,Fine,1,90.0,None,None,None,Normal 35°,2nd Gear,None,85.0,36.9,14.9,26.8,0
TR03,Trenching,CAT-420,Cloudy,Intermediate,5,Smart,1306,Quick,1,74.1,None,Soft Ground,None,None,None,None,85.0,90.9,7.1,24.4,0
T002,Trenching,CAT-420,Sunny,Intermediate,6,Smart,1979,Quick,0,100.6,None,Soft Ground,None,None,None,None,85.0,82.6,13.3,49.3,0
T005,Demolition,CAT-349,Windy,Intermediate,6,Smart,1384,Fine,1,90.0,None,None,None,None,None,Low Flow,95.9,153.8,27.7,68.0,0
TR02,Trenching,CAT-420,Rainy,Beginner,3,Smart,2119,Quick,0,76.9,None,Standard,None,None,None,None,85.0,70.1,13.6,60.1,0
GR05,Grading,CAT-140,Windy,Beginner,3,Smart,1552,Quick,0,90.0,None,None,None,Normal 35°,2nd Gear,None,85.0,46.7,16.2,25.8,0
LD03,Material Loading,CAT-950M,Rainy,Intermediate,5,Eco,1828,Medium,1,64.6,None,None,100% Max,None,None,None,85.0,52.0,20.2,37.0,0
DM02,Demolition,CAT-349,Sunny,Expert,4,Smart,1745,Quick,1,90.0,None,None,None,None,None,Low Flow,79.4,85.4,38.4,23.3,0
GR04,Grading,CAT-140,Cloudy,Beginner,3,Smart,1321,Fine,1,90.0,None,None,None,Normal 35°,2nd Gear,None,85.0,65.9,12.7,18.6,0
EX05,Earth Excavation,CAT-320,Windy,Expert,6,Eco,1396,Medium,1,89.0,Swing Priority,None,None,None,None,None,85.0,117.4,11.0,24.1,0
TR02,Trenching,CAT-420,Sunny,Expert,2,Power,1726,Quick,1,93.5,None,Soft Ground,None,None,None,None,85.0,41.9,12.7,29.1,0
TR05,Trenching,CAT-420,Sunny,Expert,4,Eco,1715,Medium,1,51.3,None,Standard,None,None,None,None,85.0,49.5,8.3,17.6,0
GR02,Grading,CAT-140,Sunny,Expert,2,Eco,1273,Fine,0,90.0,None,None,None,Spread 25°,3rd Gear,None,85.0,78.5,10.2,30.7,0
LD04,Material Loading,CAT-950M,Windy,Intermediate,4,Eco,1725,Fine,0,81.0,None,None,60% Mud,None,None,None,85.0,55.9,16.5,23.6,0
EX02,Earth Excavation,CAT-320,Sunny,Intermediate,4,Smart,1682,Fine,0,77.2,Boom Power,None,None,None,None,None,85.0,98.1,17.4,29.8,0
LD02,Material Loading,CAT-950M,Windy,Intermediate,5,Power,1440,Fine,0,91.8,None,None,100% Max,None,None,None,85.0,39.0,19.5,43.5,0
T003,Material Loading,CAT-950M,Cloudy,Beginner,3,Power,1607,Fine,0,101.1,None,None,80% Gravel,None,None,None,85.0,55.5,23.0,38.8,0
T001,Earth Excavation,CAT-320,Cloudy,Intermediate,8,Smart,1722,Fine,1,108.2,Boom Power,None,None,None,None,None,85.0,86.2,19.7,45.4,0
LD04,Material Loading,CAT-950M,Sunny,Intermediate,6,Eco,1950,Quick,0,70.2,None,None,100% Max,None,None,None,85.0,50.7,19.8,40.2,0
DM05,Demolition,CAT-349,Sunny,Expert,3,Eco,2079,Medium,1,90.0,None,None,None,None,None,Medium Flow,86.1,113.8,40.0,31.4,0
EX04,Earth Excavation,CAT-320,Cloudy,Beginner,1,Power,1382,Medium,1,75.8,Balanced,None,None,None,None,None,85.0,44.9,16.2,23.4,0
GR02,Grading,CAT-140,Sunny,Expert,2,Smart,1836,Medium,0,90.0,None,None,None,Deep Cut 45°,1st Gear,None,85.0,59.6,20.8,22.7,0
DM05,Demolition,CAT-349,Windy,Expert,8,Power,1884,Medium,0,90.0,None,None,None,None,None,High Flow,97.9,139.0,58.3,99.0,0
LD03,Material Loading,CAT-950M,Rainy,Intermediate,5,Smart,1532,Medium,1,102.2,None,None,100% Max,None,None,None,85.0,56.7,18.9,46.4,0
LD02,Material Loading,CAT-950M,Windy,Intermediate,8,Eco,1868,Fine,0,102.1,None,None,80% Gravel,None,None,None,85.0,44.3,18.9,39.0,0
EX04,Earth Excavation,CAT-320,Cloudy,Beginner,1,Eco,1905,Fine,1,71.7,Balanced,None,None,None,None,None,85.0,59.0,17.1,11.9,0
EX04,Earth Excavation,CAT-320,Cloudy,Beginner,1,Smart,1825,Quick,1,61.0,Boom Power,None,None,None,None,None,85.0,45.6,18.5,12.4,0
DM05,Demolition,CAT-349,Windy,Expert,8,Power,2091,Quick,0,90.0,None,None,None,None,None,Low Flow,77.2,133.6,67.7,84.5,0
T004,Grading,CAT-140,Sunny,Expert,5,Eco,1817,Quick,0,90.0,None,None,None,Spread 25°,2nd Gear,None,85.0,50.9,17.4,26.7,0
TR05,Trenching,CAT-420,Cloudy,Expert,6,Smart,1949,Quick,0,54.0,None,Soft Ground,None,None,None,None,85.0,62.9,13.0,45.4,0
T002,Trenching,CAT-420,Rainy,Intermediate,4,Smart,1853,Medium,1,91.8,None,Standard,None,None,None,None,85.0,67.2,11.0,37.4,0
DM02,Demolition,CAT-349,Sunny,Expert,4,Eco,1850,Medium,0,90.0,None,None,None,None,None,High Flow,90.8,122.7,34.6,32.8,0
TR05,Trenching,CAT-420,Windy,Intermediate,7,Smart,2116,Fine,0,50.6,None,Locked Down,None,None,None,None,85.0,62.3,14.6,61.4,0
LD03,Material Loading,CAT-950M,Rainy,Intermediate,5,Eco,1959,Medium,1,103.5,None,None,100% Max,None,None,None,85.0,51.2,22.4,47.3,0
TR02,Trenching,CAT-420,Rainy,Intermediate,7,Smart,1856,Quick,0,71.5,None,Locked Down,None,None,None,None,85.0,69.2,11.3,55.0,0
EX05,Earth Excavation,CAT-320,Windy,Expert,6,Power,1851,Medium,1,94.7,Balanced,None,None,None,None,None,85.0,89.4,26.7,41.9,0
GR05,Grading,CAT-140,Windy,Beginner,3,Power,1549,Quick,0,90.0,None,None,None,Normal 35°,3rd Gear,None,85.0,46.0,20.7,39.7,0
GR02,Grading,CAT-140,Rainy,Beginner,3,Power,1770,Medium,1,90.0,None,None,None,Spread 25°,2nd Gear,None,85.0,65.8,25.9,31.9,0
T001,Earth Excavation,CAT-320,Sunny,Expert,2,Eco,1230,Quick,1,51.6,Boom Power,None,None,None,None,None,85.0,98.7,8.5,12.4,0
DM05,Demolition,CAT-349,Windy,Expert,8,Eco,1550,Quick,1,90.0,None,None,None,None,None,Low Flow,76.3,152.1,28.1,39.8,0
T003,Material Loading,CAT-950M,Cloudy,Beginner,3,Smart,1678,Medium,1,81.1,None,None,60% Mud,None,None,None,85.0,48.1,19.1,19.6,0
T003,Material Loading,CAT-950M,Cloudy,Beginner,3,Power,1750,Quick,0,90.1,None,None,80% Gravel,None,None,None,85.0,45.8,25.4,36.4,0
EX02,Earth Excavation,CAT-320,Windy,Expert,8,Smart,1384,Medium,0,108.8,Balanced,None,None,None,None,None,85.0,122.8,13.9,50.2,0
EX03,Earth Excavation,CAT-320,Rainy,Intermediate,3,Eco,1605,Fine,1,52.4,Boom Power,None,None,None,None,None,85.0,77.6,13.5,15.3,0
TR04,Trenching,CAT-420,Rainy,Intermediate,6,Eco,1779,Medium,0,104.8,None,Standard,None,None,None,None,85.0,84.8,8.8,45.4,0
DM04,Demolition,CAT-349,Windy,Beginner,4,Eco,2045,Quick,0,90.0,None,None,None,None,None,High Flow,99.9,112.0,39.4,70.6,0
EX05,Earth Excavation,CAT-320,Windy,Expert,6,Eco,1602,Fine,1,92.7,Balanced,None,None,None,None,None,85.0,124.4,13.8,22.5,0
T005,Demolition,CAT-349,Windy,Intermediate,2,Eco,1620,Medium,0,90.0,None,None,None,None,None,Medium Flow,97.9,150.4,27.2,44.1,0
T002,Trenching,CAT-420,Rainy,Intermediate,4,Power,1269,Medium,0,77.8,None,Standard,None,None,None,None,85.0,75.8,8.6,55.5,0
GR03,Grading,CAT-140,Rainy,Intermediate,6,Power,1885,Fine,0,90.0,None,None,None,Spread 25°,1st Gear,None,85.0,80.9,29.1,52.2,0
LD04,Material Loading,CAT-950M,Sunny,Expert,4,Eco,1619,Fine,0,94.8,None,None,60% Mud,None,None,None,85.0,57.4,14.6,23.9,0
DM04,Demolition,CAT-349,Rainy,Intermediate,5,Power,1796,Quick,0,90.0,None,None,None,None,None,Medium Flow,72.4,80.9,52.1,44.1,0
T002,Trenching,CAT-420,Rainy,Intermediate,4,Smart,1634,Medium,1,53.3,None,Soft Ground,None,None,None,None,85.0,56.7,8.6,23.5,0
LD04,Material Loading,CAT-950M,Windy,Intermediate,4,Eco,1363,Medium,1,62.5,None,None,60% Mud,None,None,None,85.0,50.8,11.2,16.6,0
TR02,Trenching,CAT-420,Sunny,Beginner,7,Smart,1656,Fine,1,104.1,None,Locked Down,None,None,None,None,85.0,41.4,10.0,34.5,0
T001,Earth Excavation,CAT-320,Cloudy,Beginner,4,Eco,1372,Medium,1,95.2,Swing Priority,None,None,None,None,None,85.0,89.3,10.7,16.9,0
TR04,Trenching,CAT-420,Windy,Beginner,4,Smart,1980,Fine,1,65.5,None,Standard,None,None,None,None,85.0,71.9,13.0,29.9,0
LD04,Material Loading,CAT-950M,Sunny,Expert,4,Eco,1523,Quick,0,90.5,None,None,80% Gravel,None,None,None,85.0,49.7,13.7,24.4,0
TR04,Trenching,CAT-420,Rainy,Intermediate,6,Smart,1355,Quick,1,95.3,None,Locked Down,None,None,None,None,85.0,84.9,6.8,43.9,0
T003,Material Loading,CAT-950M,Cloudy,Beginner,3,Power,1457,Fine,1,59.6,None,None,60% Mud,None,None,None,85.0,54.0,20.0,31.3,0
EX05,Earth Excavation,CAT-320,Windy,Expert,6,Eco,1997,Medium,0,97.2,Swing Priority,None,None,None,None,None,85.0,117.9,19.3,41.6,0
T002,Trenching,CAT-420,Sunny,Beginner,7,Smart,2121,Quick,0,54.2,None,Locked Down,None,None,None,None,85.0,91.9,14.8,61.5,0
LD04,Material Loading,CAT-950M,Windy,Intermediate,4,Smart,2097,Quick,1,96.1,None,None,80% Gravel,None,None,None,85.0,35.3,26.2,39.7,0
T005,Demolition,CAT-349,Windy,Intermediate,6,Eco,1523,Medium,1,90.0,None,None,None,None,None,High Flow,72.8,131.4,26.6,24.1,0
T005,Demolition,CAT-349,Windy,Intermediate,6,Eco,2121,Quick,1,90.0,None,None,None,None,None,High Flow,66.9,113.4,43.1,43.4,0
DM04,Demolition,CAT-349,Rainy,Intermediate,5,Smart,1649,Fine,1,90.0,None,None,None,None,None,Low Flow,85.6,102.2,36.2,39.3,0
GR02,Grading,CAT-140,Windy,Beginner,5,Smart,1470,Quick,1,90.0,None,None,None,Normal 35°,2nd Gear,None,85.0,66.1,15.7,25.7,0
T001,Earth Excavation,CAT-320,Sunny,Expert,2,Power,1437,Fine,1,58.2,Swing Priority,None,None,None,None,None,85.0,88.8,16.9,27.9,0
GR04,Grading,CAT-140,Rainy,Beginner,1,Eco,1570,Fine,1,90.0,None,None,None,Normal 35°,1st Gear,None,85.0,80.2,12.9,6.6,0
GR05,Grading,CAT-140,Windy,Beginner,3,Smart,1335,Quick,1,90.0,None,None,None,Spread 25°,3rd Gear,None,85.0,37.3,12.8,19.8,0
TR03,Trenching,CAT-420,Cloudy,Intermediate,5,Eco,1864,Medium,1,83.6,None,Soft Ground,None,None,None,None,85.0,78.9,9.2,21.2,0
TR02,Trenching,CAT-420,Sunny,Expert,2,Eco,1598,Fine,0,68.1,None,Soft Ground,None,None,None,None,85.0,40.4,7.3,17.1,0
EX05,Earth Excavation,CAT-320,Cloudy,Beginner,6,Eco,1879,Quick,1,97.9,Swing Priority,None,None,None,None,None,85.0,102.6,17.5,26.2,0
T003,Material Loading,CAT-950M,Cloudy,Beginner,3,Power,1305,Quick,1,50.7,None,None,60% Mud,None,None,None,85.0,49.7,15.9,33.4,0
LD03,Material Loading,CAT-950M,Rainy,Intermediate,5,Power,1660,Quick,0,74.0,None,None,60% Mud,None,None,None,85.0,49.1,24.6,41.9,0
GR05,Grading,CAT-140,Windy,Beginner,3,Eco,1808,Fine,1,90.0,None,None,None,Normal 35°,1st Gear,None,85.0,36.3,16.5,15.0,0
LD03,Material Loading,CAT-950M,Windy,Beginner,3,Power,1382,Fine,0,65.9,None,None,100% Max,None,None,None,85.0,74.8,20.0,57.4,0
DM04,Demolition,CAT-349,Rainy,Intermediate,5,Power,2159,Fine,0,90.0,None,None,None,None,None,Medium Flow,89.0,90.5,68.2,70.1,0
DM05,Demolition,CAT-349,Windy,Expert,8,Eco,1592,Quick,0,90.0,None,None,None,None,None,Medium Flow,94.6,152.1,29.1,63.2,0
DM05,Demolition,CAT-349,Windy,Expert,8,Smart,1916,Quick,1,90.0,None,None,None,None,None,Low Flow,97.0,124.5,46.8,86.0,0
EX02,Earth Excavation,CAT-320,Sunny,Intermediate,4,Eco,1432,Medium,1,68.3,Swing Priority,None,None,None,None,None,85.0,113.3,11.7,14.0,0
T004,Grading,CAT-140,Sunny,Expert,5,Power,1722,Medium,0,90.0,None,None,None,Spread 25°,1st Gear,None,85.0,50.2,24.7,45.4,0
LD03,Material Loading,CAT-950M,Rainy,Intermediate,5,Smart,1706,Quick,0,104.4,None,None,60% Mud,None,None,None,85.0,52.5,19.7,35.3,0
LD05,Material Loading,CAT-950M,Sunny,Expert,1,Eco,1420,Quick,0,106.5,None,None,80% Gravel,None,None,None,85.0,42.3,12.0,13.9,0
LD05,Material Loading,CAT-950M,Sunny,Expert,1,Eco,1497,Fine,1,94.4,None,None,60% Mud,None,None,None,85.0,40.6,13.0,8.4,0
DM04,Demolition,CAT-349,Rainy,Intermediate,5,Smart,1384,Medium,1,90.0,None,None,None,None,None,Low Flow,90.7,97.2,27.3,36.8,0
DM02,Demolition,CAT-349,Windy,Intermediate,5,Eco,2174,Fine,1,90.0,None,None,None,None,None,High Flow,95.4,131.1,44.4,65.8,0
LD04,Material Loading,CAT-950M,Windy,Intermediate,4,Eco,1979,Fine,0,61.7,None,None,100% Max,None,None,None,85.0,54.8,20.5,31.0,0
T002,Trenching,CAT-420,Rainy,Intermediate,4,Power,1913,Medium,0,51.7,None,Soft Ground,None,None,None,None,85.0,64.7,14.8,48.1,0
TR04,Trenching,CAT-420,Rainy,Intermediate,6,Eco,1851,Quick,0,62.9,None,Standard,None,None,None,None,85.0,97.1,9.6,43.9,0
DM03,Demolition,CAT-349,Windy,Intermediate,7,Smart,1705,Medium,0,90.0,None,None,None,None,None,Low Flow,70.9,167.9,38.4,50.6,0
TR04,Trenching,CAT-420,Rainy,Intermediate,6,Eco,1963,Fine,1,81.7,None,Soft Ground,None,None,None,None,85.0,65.0,10.4,32.4,0
TR05,Trenching,CAT-420,Sunny,Beginner,3,Eco,1635,Quick,1,83.5,None,Standard,None,None,None,None,85.0,53.6,7.9,14.5,0
GR04,Grading,CAT-140,Cloudy,Intermediate,7,Eco,1275,Medium,1,90.0,None,None,None,Spread 25°,2nd Gear,None,85.0,89.6,10.8,28.6,0
DM03,Demolition,CAT-349,Rainy,Beginner,3,Power,2194,Quick,0,90.0,None,None,None,None,None,Medium Flow,89.3,132.1,68.7,64.4,0
T005,Demolition,CAT-349,Cloudy,Expert,2,Eco,1371,Quick,1,90.0,None,None,None,None,None,Low Flow,90.4,140.7,21.5,20.9,0
TR05,Trenching,CAT-420,Windy,Beginner,8,Smart,1324,Medium,1,86.0,None,Locked Down,None,None,None,None,85.0,57.3,7.0,37.9,0
TR02,Trenching,CAT-420,Rainy,Expert,3,Power,1494,Quick,1,50.5,None,Soft Ground,None,None,None,None,85.0,45.0,10.1,31.9,0
LD02,Material Loading,CAT-950M,Sunny,Intermediate,3,Smart,1827,Quick,1,105.5,None,None,80% Gravel,None,None,None,85.0,25.3,21.8,19.7,0
LD04,Material Loading,CAT-950M,Windy,Intermediate,4,Power,1359,Medium,1,74.4,None,None,80% Gravel,None,None,None,85.0,40.5,18.2,34.2,0
DM04,Demolition,CAT-349,Rainy,Intermediate,5,Eco,1669,Quick,1,90.0,None,None,None,None,None,Medium Flow,89.0,89.2,29.8,20.4,0
DM03,Demolition,CAT-349,Windy,Intermediate,7,Smart,1951,Fine,1,90.0,None,None,None,None,None,Low Flow,94.0,137.7,47.0,73.3,0
T001,Earth Excavation,CAT-320,Cloudy,Intermediate,7,Eco,1547,Quick,1,60.2,Swing Priority,None,None,None,None,None,85.0,99.9,13.2,30.0,0
LD02,Material Loading,CAT-950M,Sunny,Expert,2,Eco,1353,Quick,1,102.6,None,None,100% Max,None,None,None,85.0,31.8,11.1,10.7,0
LD02,Material Loading,CAT-950M,Sunny,Expert,2,Power,2005,Medium,0,57.9,None,None,60% Mud,None,None,None,85.0,27.9,31.1,44.3,0
T002,Trenching,CAT-420,Rainy,Intermediate,4,Smart,1785,Fine,1,66.6,None,Locked Down,None,None,None,None,85.0,62.5,10.3,38.7,0
T002,Trenching,CAT-420,Rainy,Intermediate,4,Power,2060,Quick,1,84.9,None,Standard,None,None,None,None,85.0,75.5,16.7,64.0,0
LD05,Material Loading,CAT-950M,Sunny,Expert,1,Smart,1728,Fine,1,88.9,None,None,80% Gravel,None,None,None,85.0,33.9,18.8,11.3,0
T002,Trenching,CAT-420,Rainy,Intermediate,4,Eco,1675,Fine,1,61.8,None,Soft Ground,None,None,None,None,85.0,52.2,7.9,15.7,0
TR04,Trenching,CAT-420,Rainy,Intermediate,6,Power,2161,Quick,0,82.4,None,Soft Ground,None,None,None,None,85.0,88.7,18.4,72.4,0
T001,Earth Excavation,CAT-320,Sunny,Expert,2,Power,1523,Medium,0,82.3,Boom Power,None,None,None,None,None,85.0,79.4,19.0,36.1,0
LD05,Material Loading,CAT-950M,Sunny,Expert,1,Smart,1910,Medium,0,93.8,None,None,80% Gravel,None,None,None,85.0,32.5,22.1,24.8,0
EX02,Earth Excavation,CAT-320,Cloudy,Beginner,7,Eco,1246,Fine,1,74.1,Balanced,None,None,None,None,None,85.0,145.1,9.6,27.1,0
T005,Demolition,CAT-349,Windy,Intermediate,6,Power,1375,Fine,1,90.0,None,None,None,None,None,Low Flow,94.6,148.0,35.4,77.8,0
DM04,Demolition,CAT-349,Rainy,Intermediate,4,Eco,1518,Quick,1,90.0,None,None,None,None,None,Low Flow,83.3,102.3,25.2,29.1,0
T002,Trenching,CAT-420,Rainy,Intermediate,4,Smart,1294,Fine,0,66.3,None,Locked Down,None,None,None,None,85.0,77.9,6.6,44.9,0
TR03,Trenching,CAT-420,Cloudy,Intermediate,5,Eco,2138,Quick,0,104.5,None,Soft Ground,None,None,None,None,85.0,116.2,11.7,48.0,0
GR02,Grading,CAT-140,Sunny,Expert,2,Smart,1401,Quick,0,90.0,None,None,None,Normal 35°,2nd Gear,None,85.0,67.0,13.7,24.7,0
LD03,Material Loading,CAT-950M,Rainy,Intermediate,5,Power,1461,Quick,1,89.1,None,None,60% Mud,None,None,None,85.0,45.8,20.3,37.4,0
T004,Grading,CAT-140,Rainy,Intermediate,7,Eco,1503,Quick,1,90.0,None,None,None,Normal 35°,1st Gear,None,85.0,49.3,13.7,28.7,0
T001,Earth Excavation,CAT-320,Sunny,Expert,2,Eco,1730,Medium,0,50.4,Balanced,None,None,None,None,None,85.0,93.8,14.4,16.2,0
LD04,Material Loading,CAT-950M,Windy,Intermediate,4,Smart,1628,Quick,0,54.5,None,None,60% Mud,None,None,None,85.0,43.9,18.6,30.8,0
DM02,Demolition,CAT-349,Sunny,Expert,4,Eco,1816,Medium,0,90.0,None,None,None,None,None,High Flow,68.1,124.2,33.0,34.2,0
GR05,Grading,CAT-140,Windy,Beginner,3,Power,1458,Fine,1,90.0,None,None,None,Normal 35°,1st Gear,None,85.0,38.3,19.5,27.9,0
TR02,Trenching,CAT-420,Windy,Intermediate,6,Smart,1600,Fine,1,101.1,None,Soft Ground,None,None,None,None,85.0,41.3,9.6,32.1,0
LD05,Material Loading,CAT-950M,Sunny,Expert,1,Smart,1412,Quick,1,71.5,None,None,100% Max,None,None,None,85.0,31.4,14.2,13.5,0
LD02,Material Loading,CAT-950M,Sunny,Expert,2,Smart,1473,Fine,1,57.4,None,None,100% Max,None,None,None,85.0,32.6,15.6,17.4,0
TR02,Trenching,CAT-420,Cloudy,Expert,3,Eco,1268,Medium,1,58.0,None,Soft Ground,None,None,None,None,85.0,39.5,5.0,13.6,0
T004,Grading,CAT-140,Sunny,Expert,5,Smart,1904,Fine,1,90.0,None,None,None,Normal 35°,1st Gear,None,85.0,40.8,22.6,28.7,0
EX03,Earth Excavation,CAT-320,Windy,Beginner,4,Smart,1811,Quick,0,80.0,Swing Priority,None,None,None,None,None,85.0,70.9,19.7,32.1,0
TR05,Trenching,CAT-420,Sunny,Beginner,3,Smart,1792,Medium,0,91.8,None,Standard,None,None,None,None,85.0,49.4,11.1,27.9,0
EX03,Earth Excavation,CAT-320,Rainy,Intermediate,4,Smart,1269,Medium,1,71.5,Swing Priority,None,None,None,None,None,85.0,78.1,11.9,22.6,0
GR02,Grading,CAT-140,Cloudy,Expert,8,Eco,1610,Fine,0,90.0,None,None,None,Normal 35°,3rd Gear,None,85.0,73.3,15.1,56.1,0
LD02,Material Loading,CAT-950M,Windy,Intermediate,3,Power,1663,Quick,0,77.6,None,None,100% Max,None,None,None,85.0,30.0,23.4,39.5,0
LD05,Material Loading,CAT-950M,Sunny,Expert,1,Power,1901,Medium,1,59.2,None,None,80% Gravel,None,None,None,85.0,29.2,27.9,28.8,0
EX03,Earth Excavation,CAT-320,Rainy,Intermediate,3,Eco,1777,Quick,0,71.5,Boom Power,None,None,None,None,None,85.0,74.3,15.3,20.0,0
T003,Material Loading,CAT-950M,Cloudy,Beginner,3,Smart,1991,Medium,1,101.4,None,None,80% Gravel,None,None,None,85.0,44.1,24.6,31.0,0
T002,Trenching,CAT-420,Rainy,Intermediate,4,Power,1970,Medium,0,69.8,None,Locked Down,None,None,None,None,85.0,75.3,15.8,64.1,0
GR05,Grading,CAT-140,Windy,Beginner,3,Eco,1209,Quick,1,90.0,None,None,None,Normal 35°,3rd Gear,None,85.0,40.7,9.1,14.8,0
EX03,Earth Excavation,CAT-320,Rainy,Intermediate,3,Smart,1915,Fine,0,100.4,Boom Power,None,None,None,None,None,85.0,74.2,21.0,30.8,0
T005,Demolition,CAT-349,Windy,Intermediate,6,Eco,1473,Medium,0,90.0,None,None,None,None,None,High Flow,99.0,151.8,25.1,65.4,0
GR02,Grading,CAT-140,Sunny,Expert,2,Eco,1919,Medium,0,90.0,None,None,None,Deep Cut 45°,2nd Gear,None,85.0,64.2,17.9,20.3,0
EX03,Earth Excavation,CAT-320,Rainy,Intermediate,3,Smart,1603,Quick,1,103.6,Balanced,None,None,None,None,None,85.0,58.9,16.5,26.9,0
LD04,Material Loading,CAT-950M,Windy,Intermediate,4,Smart,2080,Medium,0,86.5,None,None,80% Gravel,None,None,None,85.0,40.1,26.4,48.6,0
DM05,Demolition,CAT-349,Windy,Expert,8,Power,1778,Fine,0,90.0,None,None,None,None,None,Medium Flow,80.0,142.9,53.4,52.0,0
DM03,Demolition,CAT-349,Windy,Intermediate,7,Smart,1606,Quick,1,90.0,None,None,None,None,None,High Flow,71.2,145.3,35.3,44.0,0
EX02,Earth Excavation,CAT-320,Rainy,Intermediate,8,Power,1840,Fine,1,92.9,Swing Priority,None,None,None,None,None,85.0,101.2,27.3,49.5,0
T001,Earth Excavation,CAT-320,Cloudy,Beginner,6,Power,1817,Medium,1,66.3,Boom Power,None,None,None,None,None,85.0,76.4,26.2,42.9,0
LD03,Material Loading,CAT-950M,Rainy,Intermediate,5,Eco,1964,Medium,1,68.8,None,None,80% Gravel,None,None,None,85.0,46.0,20.4,28.5,0
EX02,Earth Excavation,CAT-320,Sunny,Intermediate,4,Eco,1678,Fine,1,75.0,Balanced,None,None,None,None,None,85.0,104.8,14.2,16.5,0
TR04,Trenching,CAT-420,Rainy,Beginner,4,Smart,1277,Medium,1,84.0,None,Locked Down,None,None,None,None,85.0,74.0,6.3,36.2,0
TR02,Trenching,CAT-420,Sunny,Expert,2,Smart,1471,Medium,1,62.8,None,Soft Ground,None,None,None,None,85.0,38.2,7.4,15.4,0
GR03,Grading,CAT-140,Rainy,Intermediate,3,Smart,1482,Medium,1,90.0,None,None,None,Deep Cut 45°,2nd Gear,None,85.0,64.4,15.7,19.8,0
DM05,Demolition,CAT-349,Windy,Expert,8,Eco,1729,Quick,1,90.0,None,None,None,None,None,High Flow,97.7,143.0,33.0,71.8,0
GR02,Grading,CAT-140,Sunny,Expert,2,Eco,1784,Quick,1,90.0,None,None,None,Deep Cut 45°,3rd Gear,None,85.0,76.0,16.2,28.4,0
EX02,Earth Excavation,CAT-320,Sunny,Intermediate,4,Eco,1316,Quick,1,65.5,Balanced,None,None,None,None,None,85.0,115.2,9.4,18.0,0
DM02,Demolition,CAT-349,Windy,Beginner,7,Power,1749,Medium,1,90.0,None,None,None,None,None,High Flow,78.1,107.0,51.9,53.3,0
T003,Material Loading,CAT-950M,Cloudy,Beginner,3,Eco,1375,Quick,1,63.2,None,None,80% Gravel,None,None,None,85.0,53.8,11.3,13.4,0
T005,Demolition,CAT-349,Windy,Expert,2,Smart,1424,Quick,1,90.0,None,None,None,None,None,Low Flow,67.8,119.6,27.6,23.2,0
LD04,Material Loading,CAT-950M,Windy,Intermediate,4,Eco,1943,Fine,1,69.2,None,None,80% Gravel,None,None,None,85.0,45.6,20.0,23.4,0
DM05,Demolition,CAT-349,Windy,Expert,8,Power,1690,Fine,1,90.0,None,None,None,None,None,High Flow,92.8,140.8,49.9,80.8,0
GR04,Grading,CAT-140,Cloudy,Intermediate,7,Power,1729,Quick,0,90.0,None,None,None,Deep Cut 45°,3rd Gear,None,85.0,113.6,26.2,52.5,0
T002,Trenching,CAT-420,Rainy,Intermediate,4,Power,1522,Fine,1,103.2,None,Standard,None,None,None,None,85.0,59.0,10.8,48.6,0
DM05,Demolition,CAT-349,Windy,Expert,8,Eco,1320,Medium,0,90.0,None,None,None,None,None,High Flow,69.8,190.9,21.8,46.8,0
T001,Earth Excavation,CAT-320,Sunny,Expert,2,Smart,1344,Quick,0,94.7,Balanced,None,None,None,None,None,85.0,78.1,12.1,23.3,0
GR04,Grading,CAT-140,Cloudy,Intermediate,7,Eco,1898,Fine,1,90.0,None,None,None,Deep Cut 45°,3rd Gear,None,85.0,92.8,18.9,31.0,0
DM02,Demolition,CAT-349,Rainy,Expert,2,Eco,1807,Medium,0,90.0,None,None,None,None,None,High Flow,92.9,133.9,31.9,34.6,0
GR05,Grading,CAT-140,Windy,Beginner,3,Eco,1399,Medium,0,90.0,None,None,None,Deep Cut 45°,3rd Gear,None,85.0,40.4,11.5,20.4,0
LD04,Material Loading,CAT-950M,Windy,Intermediate,4,Smart,1492,Quick,0,104.1,None,None,100% Max,None,None,None,85.0,45.7,16.1,30.8,0
T003,Material Loading,CAT-950M,Windy,Beginner,4,Smart,1634,Medium,1,101.8,None,None,100% Max,None,None,None,85.0,52.6,18.6,21.1,0
T002,Trenching,CAT-420,Cloudy,Expert,4,Power,2043,Quick,1,100.6,None,Locked Down,None,None,None,None,85.0,71.2,16.7,48.6,0
TR03,Trenching,CAT-420,Rainy,Intermediate,2,Power,1479,Quick,0,67.7,None,Standard,None,None,None,None,85.0,107.0,10.1,49.1,0
GR02,Grading,CAT-140,Sunny,Expert,7,Smart,1540,Quick,0,90.0,None,None,None,Spread 25°,3rd Gear,None,85.0,95.1,17.0,56.6,0
EX04,Earth Excavation,CAT-320,Cloudy,Beginner,1,Power,1279,Quick,1,58.4,Swing Priority,None,None,None,None,None,85.0,49.0,14.6,26.1,0
EX04,Earth Excavation,CAT-320,Cloudy,Beginner,1,Smart,1644,Quick,1,67.6,Boom Power,None,None,None,None,None,85.0,47.2,16.9,13.0,0
EX05,Earth Excavation,CAT-320,Sunny,Beginner,6,Eco,1303,Medium,1,61.4,Swing Priority,None,None,None,None,None,85.0,139.4,10.3,25.3,0
T004,Grading,CAT-140,Sunny,Expert,5,Power,1704,Fine,1,90.0,None,None,None,Normal 35°,1st Gear,None,85.0,39.1,24.3,39.8,0
LD05,Material Loading,CAT-950M,Rainy,Expert,1,Power,1708,Quick,0,108.2,None,None,100% Max,None,None,None,85.0,39.9,26.9,50.1,0
EX03,Earth Excavation,CAT-320,Rainy,Intermediate,3,Smart,1856,Fine,1,82.6,Boom Power,None,None,None,None,None,85.0,65.9,20.2,21.0,0
LD04,Material Loading,CAT-950M,Windy,Intermediate,4,Power,1924,Medium,1,97.2,None,None,100% Max,None,None,None,85.0,37.0,29.9,39.2,0
T003,Material Loading,CAT-950M,Sunny,Intermediate,1,Eco,1486,Quick,1,69.0,None,None,100% Max,None,None,None,85.0,51.6,12.8,5.0,0
T003,Material Loading,CAT-950M,Rainy,Expert,8,Smart,1529,Fine,0,55.7,None,None,100% Max,None,None,None,85.0,84.9,19.3,62.5,0
T001,Earth Excavation,CAT-320,Sunny,Expert,2,Power,1211,Quick,0,51.3,Boom Power,None,None,None,None,None,85.0,95.2,13.4,34.1,0
LD03,Material Loading,CAT-950M,Rainy,Intermediate,8,Smart,1732,Fine,0,54.8,None,None,60% Mud,None,None,None,85.0,64.4,21.4,45.7,0
GR02,Grading,CAT-140,Sunny,Expert,2,Eco,1268,Fine,1,90.0,None,None,None,Normal 35°,1st Gear,None,85.0,47.2,10.1,8.1,0
T005,Demolition,CAT-349,Rainy,Beginner,7,Power,1992,Medium,0,90.0,None,None,None,None,None,Low Flow,74.2,144.2,62.5,73.5,0
T003,Material Loading,CAT-950M,Windy,Expert,3,Smart,1927,Medium,1,66.4,None,None,100% Max,None,None,None,85.0,47.6,22.7,23.6,0
T004,Grading,CAT-140,Sunny,Beginner,3,Power,1561,Quick,0,90.0,None,None,None,Deep Cut 45°,3rd Gear,None,85.0,66.7,22.0,55.8,0
EX05,Earth Excavation,CAT-320,Windy,Expert,6,Power,1855,Medium,0,81.0,Boom Power,None,None,None,None,None,85.0,95.3,26.4,48.6,0
T001,Earth Excavation,CAT-320,Sunny,Expert,2,Eco,1716,Fine,1,58.8,Swing Priority,None,None,None,None,None,85.0,97.1,14.6,9.7,0
T001,Earth Excavation,CAT-320,Sunny,Expert,2,Smart,1929,Quick,1,84.5,Boom Power,None,None,None,None,None,85.0,61.5,21.2,21.8,0
EX02,Earth Excavation,CAT-320,Sunny,Intermediate,4,Smart,1649,Quick,1,74.9,Swing Priority,None,None,None,None,None,85.0,91.1,17.1,22.1,0
EX05,Earth Excavation,CAT-320,Cloudy,Intermediate,4,Smart,1832,Fine,1,98.3,Boom Power,None,None,None,None,None,85.0,94.4,20.1,23.0,0
TR05,Trenching,CAT-420,Sunny,Beginner,3,Smart,1696,Fine,1,91.7,None,Standard,None,None,None,None,85.0,39.6,9.8,18.7,0
TR04,Trenching,CAT-420,Rainy,Intermediate,6,Eco,1874,Quick,1,57.3,None,Standard,None,None,None,None,85.0,85.8,9.7,40.0,0
LD02,Material Loading,CAT-950M,Cloudy,Beginner,1,Smart,1961,Quick,0,108.5,None,None,100% Max,None,None,None,85.0,26.4,23.2,27.8,0
GR03,Grading,CAT-140,Rainy,Intermediate,6,Smart,1661,Quick,1,90.0,None,None,None,Normal 35°,1st Gear,None,85.0,70.5,19.0,29.4,0
GR02,Grading,CAT-140,Sunny,Expert,2,Power,1244,Medium,1,90.0,None,None,None,Spread 25°,1st Gear,None,85.0,57.3,15.1,26.7,0
TR03,Trenching,CAT-420,Cloudy,Intermediate,5,Smart,2017,Medium,1,63.5,None,Locked Down,None,None,None,None,85.0,71.0,13.3,38.0,0
DM05,Demolition,CAT-349,Windy,Expert,8,Power,1358,Medium,0,90.0,None,None,None,None,None,Low Flow,90.4,158.1,35.8,65.7,0
EX05,Earth Excavation,CAT-320,Windy,Expert,6,Smart,1401,Quick,1,77.2,Boom Power,None,None,None,None,None,85.0,96.2,13.9,27.3,0
T002,Trenching,CAT-420,Rainy,Intermediate,4,Eco,2067,Medium,0,67.1,None,Locked Down,None,None,None,None,85.0,80.0,10.9,52.9,0
LD03,Material Loading,CAT-950M,Rainy,Intermediate,5,Smart,1928,Quick,1,51.8,None,None,60% Mud,None,None,None,85.0,45.9,24.4,32.0,0
LD03,Material Loading,CAT-950M,Rainy,Intermediate,5,Eco,1523,Medium,1,76.4,None,None,100% Max,None,None,None,85.0,55.6,15.8,37.5,0
GR04,Grading,CAT-140,Cloudy,Intermediate,7,Eco,1713,Medium,0,90.0,None,None,None,Deep Cut 45°,3rd Gear,None,85.0,101.6,16.5,34.3,0
DM02,Demolition,CAT-349,Rainy,Intermediate,4,Power,2186,Quick,1,90.0,None,None,None,None,None,Medium Flow,72.5,96.3,68.8,71.8,0
GR03,Grading,CAT-140,Rainy,Intermediate,6,Power,1853,Medium,1,90.0,None,None,None,Spread 25°,2nd Gear,None,85.0,79.8,28.3,42.4,0
DM05,Demolition,CAT-349,Windy,Expert,8,Smart,1998,Fine,0,90.0,None,None,None,None,None,High Flow,67.4,162.6,49.9,67.0,0
T002,Trenching,CAT-420,Rainy,Intermediate,4,Smart,1566,Quick,1,52.4,None,Soft Ground,None,None,None,None,85.0,64.5,8.1,22.3,0
T003,Material Loading,CAT-950M,Cloudy,Beginner,3,Power,1706,Quick,0,85.2,None,None,100% Max,None,None,None,85.0,48.7,24.9,36.7,0
EX03,Earth Excavation,CAT-320,Rainy,Intermediate,3,Eco,1920,Medium,0,78.4,Swing Priority,None,None,None,None,None,85.0,66.4,17.1,23.5,0
EX03,Earth Excavation,CAT-320,Rainy,Intermediate,3,Eco,1712,Quick,1,50.1,Boom Power,None,None,None,None,None,85.0,64.8,14.3,12.6,0
LD05,Material Loading,CAT-950M,Rainy,Intermediate,2,Power,2096,Quick,1,50.3,None,None,60% Mud,None,None,None,85.0,30.8,33.3,44.7,0
TR05,Trenching,CAT-420,Sunny,Intermediate,4,Eco,2158,Fine,0,99.1,None,Locked Down,None,None,None,None,85.0,64.1,12.2,44.5,0
T004,Grading,CAT-140,Sunny,Expert,5,Power,1974,Quick,1,90.0,None,None,None,Spread 25°,3rd Gear,None,85.0,69.0,30.9,63.0,0
GR05,Grading,CAT-140,Windy,Beginner,3,Power,1497,Medium,1,90.0,None,None,None,Normal 35°,2nd Gear,None,85.0,38.9,19.6,30.9,0
T002,Trenching,CAT-420,Rainy,Beginner,5,Smart,1856,Quick,1,78.1,None,Locked Down,None,None,None,None,85.0,77.2,11.1,40.5,0
EX05,Earth Excavation,CAT-320,Windy,Expert,6,Eco,1931,Fine,0,70.6,Swing Priority,None,None,None,None,None,85.0,156.0,18.3,37.0,0
T001,Earth Excavation,CAT-320,Sunny,Expert,2,Smart,1512,Medium,1,90.8,Swing Priority,None,None,None,None,None,85.0,71.1,14.3,16.4,0
GR05,Grading,CAT-140,Windy,Expert,3,Power,1562,Fine,1,90.0,None,None,None,Normal 35°,2nd Gear,None,85.0,36.4,20.9,29.7,0
GR03,Grading,CAT-140,Rainy,Intermediate,6,Eco,1714,Fine,1,90.0,None,None,None,Normal 35°,1st Gear,None,85.0,70.3,16.2,26.4,0
T005,Demolition,CAT-349,Windy,Intermediate,7,Eco,1378,Quick,1,90.0,None,None,None,None,None,Medium Flow,82.3,153.8,23.1,35.0,0
T004,Grading,CAT-140,Sunny,Expert,5,Power,1757,Quick,1,90.0,None,None,None,Normal 35°,1st Gear,None,85.0,48.1,25.8,41.5,0
TR05,Trenching,CAT-420,Sunny,Beginner,3,Smart,1205,Medium,0,55.3,None,Locked Down,None,None,None,None,85.0,56.5,5.7,25.1,0
T002,Trenching,CAT-420,Rainy,Intermediate,4,Eco,1741,Quick,0,66.2,None,Locked Down,None,None,None,None,85.0,82.5,8.3,38.0,0
GR05,Grading,CAT-140,Windy,Beginner,3,Smart,1962,Fine,0,90.0,None,None,None,Normal 35°,2nd Gear,None,85.0,43.3,23.7,35.7,0
T004,Grading,CAT-140,Sunny,Expert,5,Eco,1544,Fine,1,90.0,None,None,None,Normal 35°,1st Gear,None,85.0,35.1,13.7,21.5,0
TR03,Trenching,CAT-420,Cloudy,Intermediate,5,Power,1405,Quick,0,75.4,None,Soft Ground,None,None,None,None,85.0,96.0,10.1,45.3,0
EX05,Earth Excavation,CAT-320,Windy,Expert,6,Power,1859,Quick,1,95.6,Boom Power,None,None,None,None,None,85.0,81.0,26.8,44.3,0
DM04,Demolition,CAT-349,Rainy,Intermediate,5,Eco,1932,Quick,1,90.0,None,None,None,None,None,Low Flow,98.8,93.1,37.7,55.0,0
LD05,Material Loading,CAT-950M,Sunny,Expert,1,Smart,1731,Quick,0,59.0,None,None,80% Gravel,None,None,None,85.0,34.7,18.7,19.3,0
TR05,Trenching,CAT-420,Sunny,Beginner,3,Smart,2180,Medium,1,79.8,None,Soft Ground,None,None,None,None,85.0,50.1,14.1,43.0,0
DM05,Demolition,CAT-349,Windy,Expert,8,Smart,1427,Fine,1,90.0,None,None,None,None,None,High Flow,80.9,161.4,29.9,46.4,0
LD04,Material Loading,CAT-950M,Rainy,Beginner,6,Eco,1678,Quick,1,67.2,None,None,80% Gravel,None,None,None,85.0,48.4,16.8,22.7,0
T003,Material Loading,CAT-950M,Cloudy,Beginner,3,Power,1711,Fine,1,99.8,None,None,100% Max,None,None,None,85.0,48.5,24.4,31.7,0
EX02,Earth Excavation,CAT-320,Cloudy,Intermediate,2,Power,1521,Fine,1,51.8,Swing Priority,None,None,None,None,None,85.0,102.6,19.1,28.4,0
GR03,Grading,CAT-140,Rainy,Intermediate,6,Eco,1613,Medium,0,90.0,None,None,None,Spread 25°,2nd Gear,None,85.0,90.2,15.4,31.8,0
EX02,Earth Excavation,CAT-320,Sunny,Intermediate,4,Eco,1990,Quick,1,80.6,Boom Power,None,None,None,None,None,85.0,79.6,18.0,26.6,0
T001,Earth Excavation,CAT-320,Sunny,Expert,2,Power,1581,Quick,0,102.4,Boom Power,None,None,None,None,None,85.0,76.8,19.7,42.2,0
EX04,Earth Excavation,CAT-320,Cloudy,Beginner,1,Smart,1774,Medium,0,72.3,Boom Power,None,None,None,None,None,85.0,54.8,18.4,17.8,0
LD03,Material Loading,CAT-950M,Rainy,Intermediate,5,Eco,2079,Quick,1,91.7,None,None,80% Gravel,None,None,None,85.0,46.4,21.9,37.9,0
EX02,Earth Excavation,CAT-320,Sunny,Intermediate,4,Smart,1363,Fine,0,101.5,Swing Priority,None,None,None,None,None,85.0,115.2,13.0,29.8,0
GR04,Grading,CAT-140,Cloudy,Intermediate,7,Eco,1424,Quick,0,90.0,None,None,None,Normal 35°,1st Gear,None,85.0,114.7,12.4,38.0,0
GR03,Grading,CAT-140,Rainy,Intermediate,6,Eco,1755,Fine,1,90.0,None,None,None,Deep Cut 45°,3rd Gear,None,85.0,72.1,16.5,22.8,0
EX05,Earth Excavation,CAT-320,Windy,Expert,6,Power,1278,Fine,1,88.7,Boom Power,None,None,None,None,None,85.0,110.7,15.1,41.6,0
LD03,Material Loading,CAT-950M,Rainy,Intermediate,5,Eco,1753,Quick,1,73.9,None,None,60% Mud,None,None,None,85.0,45.1,16.9,19.7,0
GR02,Grading,CAT-140,Sunny,Expert,2,Power,1526,Quick,0,90.0,None,None,None,Normal 35°,3rd Gear,None,85.0,84.4,20.2,52.5,0
DM03,Demolition,CAT-349,Windy,Beginner,1,Smart,1983,Medium,0,90.0,None,None,None,None,None,High Flow,92.9,142.3,44.9,45.2,0
T003,Material Loading,CAT-950M,Cloudy,Beginner,3,Smart,1706,Medium,1,66.7,None,None,100% Max,None,None,None,85.0,45.9,19.2,19.1,0
GR05,Grading,CAT-140,Windy,Beginner,3,Eco,1250,Quick,0,90.0,None,None,None,Deep Cut 45°,2nd Gear,None,85.0,49.8,10.0,20.9,0
EX05,Earth Excavation,CAT-320,Windy,Expert,6,Eco,1346,Quick,1,104.1,Balanced,None,None,None,None,None,85.0,123.0,10.6,31.5,0
TR04,Trenching,CAT-420,Sunny,Intermediate,7,Eco,1243,Quick,1,67.0,None,Locked Down,None,None,None,None,85.0,80.9,5.1,26.6,0
GR03,Grading,CAT-140,Rainy,Intermediate,6,Eco,1749,Quick,0,90.0,None,None,None,Deep Cut 45°,3rd Gear,None,85.0,97.2,17.0,30.6,0
EX04,Earth Excavation,CAT-320,Cloudy,Beginner,1,Power,1357,Fine,1,69.8,Boom Power,None,None,None,None,None,85.0,58.5,15.1,26.1,0
DM03,Demolition,CAT-349,Windy,Intermediate,7,Smart,1905,Fine,0,90.0,None,None,None,None,None,Low Flow,73.3,156.4,46.1,57.2,0
DM02,Demolition,CAT-349,Rainy,Intermediate,7,Eco,1917,Fine,0,90.0,None,None,None,None,None,Medium Flow,73.4,163.2,37.8,50.3,0
GR03,Grading,CAT-140,Rainy,Intermediate,6,Eco,1387,Medium,0,90.0,None,None,None,Normal 35°,1st Gear,None,85.0,89.5,11.7,29.5,0
T002,Trenching,CAT-420,Rainy,Intermediate,4,Eco,1629,Quick,1,72.5,None,Soft Ground,None,None,None,None,85.0,61.9,7.4,17.7,0
TR05,Trenching,CAT-420,Rainy,Beginner,3,Smart,2021,Fine,1,67.9,None,Standard,None,None,None,None,85.0,56.8,12.7,44.3,0
DM02,Demolition,CAT-349,Sunny,Expert,4,Smart,1647,Medium,0,90.0,None,None,None,None,None,Medium Flow,75.7,115.8,34.7,41.2,0
TR05,Trenching,CAT-420,Sunny,Beginner,3,Power,1925,Fine,1,81.9,None,Locked Down,None,None,None,None,85.0,42.5,14.9,36.4,0
DM02,Demolition,CAT-349,Rainy,Intermediate,2,Eco,1764,Medium,0,90.0,None,None,None,None,None,Low Flow,82.7,120.1,30.8,17.7,0
GR05,Grading,CAT-140,Windy,Beginner,3,Power,1957,Fine,1,90.0,None,None,None,Normal 35°,2nd Gear,None,85.0,40.0,29.2,40.5,0
LD03,Material Loading,CAT-950M,Rainy,Beginner,7,Eco,1602,Medium,1,94.8,None,None,100% Max,None,None,None,85.0,56.4,17.1,46.0,0
LD03,Material Loading,CAT-950M,Cloudy,Beginner,4,Eco,1327,Quick,0,99.6,None,None,100% Max,None,None,None,85.0,65.2,12.7,41.1,0
GR03,Grading,CAT-140,Rainy,Intermediate,6,Eco,1568,Medium,1,90.0,None,None,None,Deep Cut 45°,2nd Gear,None,85.0,75.1,14.1,23.9,0
T001,Earth Excavation,CAT-320,Sunny,Expert,2,Smart,1669,Quick,1,68.6,Balanced,None,None,None,None,None,85.0,71.8,17.1,17.1,0
EX02,Earth Excavation,CAT-320,Sunny,Intermediate,4,Eco,1263,Medium,0,100.4,Balanced,None,None,None,None,None,85.0,118.4,9.2,25.1,0
T001,Earth Excavation,CAT-320,Sunny,Expert,2,Eco,1438,Quick,1,68.3,Boom Power,None,None,None,None,None,85.0,93.0,11.2,11.1,0
EX03,Earth Excavation,CAT-320,Rainy,Intermediate,3,Smart,1311,Medium,1,78.1,Boom Power,None,None,None,None,None,85.0,65.6,12.2,21.1,0
GR03,Grading,CAT-140,Rainy,Intermediate,6,Eco,1342,Fine,1,90.0,None,None,None,Deep Cut 45°,1st Gear,None,85.0,71.8,11.5,23.7,0
T002,Trenching,CAT-420,Rainy,Intermediate,4,Power,1290,Fine,1,64.5,None,Soft Ground,None,None,None,None,85.0,55.7,8.7,34.6,0
LD02,Material Loading,CAT-950M,Sunny,Expert,2,Power,1934,Medium,0,76.6,None,None,100% Max,None,None,None,85.0,27.3,29.9,42.7,0
TR02,Trenching,CAT-420,Windy,Expert,6,Smart,1883,Quick,1,84.1,None,Soft Ground,None,None,None,None,85.0,53.2,12.4,33.6,0
EX04,Earth Excavation,CAT-320,Cloudy,Beginner,1,Eco,1507,Medium,0,102.1,Boom Power,None,None,None,None,None,85.0,61.6,11.6,19.5,0
DM03,Demolition,CAT-349,Windy,Intermediate,7,Eco,2033,Fine,1,90.0,None,None,None,None,None,Medium Flow,80.1,139.4,40.7,42.2,0
LD02,Material Loading,CAT-950M,Windy,Expert,5,Smart,1467,Medium,1,73.3,None,None,100% Max,None,None,None,85.0,33.2,16.2,26.8,0
GR04,Grading,CAT-140,Sunny,Intermediate,6,Power,1752,Quick,1,90.0,None,None,None,Normal 35°,3rd Gear,None,85.0,92.0,26.0,41.5,0
TR05,Trenching,CAT-420,Rainy,Beginner,2,Power,1336,Fine,1,78.9,None,Soft Ground,None,None,None,None,85.0,49.9,8.8,26.5,0
DM03,Demolition,CAT-349,Windy,Intermediate,7,Smart,1459,Medium,1,90.0,None,None,None,None,None,High Flow,84.1,160.4,30.2,43.9,0
TR02,Trenching,CAT-420,Sunny,Expert,2,Smart,1911,Medium,0,90.3,None,Standard,None,None,None,None,85.0,44.5,11.5,27.5,0
T002,Trenching,CAT-420,Cloudy,Beginner,3,Smart,1547,Quick,1,64.0,None,Standard,None,None,None,None,85.0,67.5,8.4,19.2,0
DM03,Demolition,CAT-349,Windy,Intermediate,7,Eco,2035,Fine,1,90.0,None,None,None,None,None,Medium Flow,68.0,138.4,41.2,41.9,0
EX04,Earth Excavation,CAT-320,Rainy,Expert,5,Smart,1527,Fine,1,66.9,Balanced,None,None,None,None,None,85.0,67.8,15.7,25.7,0
LD05,Material Loading,CAT-950M,Rainy,Intermediate,7,Eco,2079,Fine,0,70.9,None,None,60% Mud,None,None,None,85.0,51.4,23.0,52.1,0
LD02,Material Loading,CAT-950M,Sunny,Expert,2,Eco,2026,Fine,0,103.1,None,None,60% Mud,None,None,None,85.0,37.2,20.1,31.7,0
DM02,Demolition,CAT-349,Sunny,Expert,4,Smart,1577,Fine,1,90.0,None,None,None,None,None,High Flow,82.7,119.6,33.0,33.6,0
EX03,Earth Excavation,CAT-320,Rainy,Intermediate,3,Eco,1565,Medium,1,87.2,Balanced,None,None,None,None,None,85.0,56.0,12.6,11.7,0
GR02,Grading,CAT-140,Sunny,Expert,2,Eco,1368,Medium,0,90.0,None,None,None,Normal 35°,2nd Gear,None,85.0,58.3,11.2,15.7,0
EX03,Earth Excavation,CAT-320,Rainy,Intermediate,3,Power,1991,Medium,0,82.0,Boom Power,None,None,None,None,None,85.0,62.1,28.9,47.3,0
TR04,Trenching,CAT-420,Rainy,Intermediate,6,Smart,1475,Medium,1,95.1,None,Standard,None,None,None,None,85.0,72.8,8.4,43.7,0
TR02,Trenching,CAT-420,Sunny,Expert,2,Smart,1937,Quick,1,86.0,None,Standard,None,None,None,None,85.0,44.2,11.7,21.0,0
GR04,Grading,CAT-140,Cloudy,Intermediate,7,Power,1410,Medium,0,90.0,None,None,None,Deep Cut 45°,1st Gear,None,85.0,97.8,19.4,51.3,0
DM05,Demolition,CAT-349,Windy,Expert,8,Power,1668,Quick,1,90.0,None,None,None,None,None,Medium Flow,71.8,109.0,48.3,50.0,0
LD04,Material Loading,CAT-950M,Cloudy,Expert,7,Eco,1602,Medium,0,63.9,None,None,60% Mud,None,None,None,85.0,57.1,15.5,33.7,0
GR03,Grading,CAT-140,Rainy,Intermediate,6,Smart,1934,Quick,1,90.0,None,None,None,Normal 35°,3rd Gear,None,85.0,84.8,23.7,36.6,0
DM02,Demolition,CAT-349,Sunny,Expert,4,Smart,1852,Quick,1,90.0,None,None,None,None,None,Medium Flow,80.8,91.8,41.9,34.7,0
DM02,Demolition,CAT-349,Sunny,Expert,4,Eco,1315,Fine,1,90.0,None,None,None,None,None,High Flow,85.4,145.9,20.4,27.4,0
T004,Grading,CAT-140,Sunny,Beginner,5,Eco,1346,Quick,0,90.0,None,None,None,Spread 25°,1st Gear,None,85.0,54.6,11.3,26.9,0
T001,Earth Excavation,CAT-320,Sunny,Expert,2,Smart,1514,Medium,0,102.4,Swing Priority,None,None,None,None,None,85.0,85.1,14.2,33.1,0
EX05,Earth Excavation,CAT-320,Windy,Expert,6,Power,1627,Quick,1,107.2,Boom Power,None,None,None,None,None,85.0,89.1,21.9,49.6,0
EX05,Earth Excavation,CAT-320,Windy,Expert,6,Smart,1536,Medium,0,53.0,Swing Priority,None,None,None,None,None,85.0,129.4,15.6,37.3,0
GR03,Grading,CAT-140,Cloudy,Beginner,4,Smart,1246,Medium,0,90.0,None,None,None,Deep Cut 45°,3rd Gear,None,85.0,80.8,11.9,27.7,0
T002,Trenching,CAT-420,Rainy,Intermediate,4,Smart,2197,Medium,1,79.3,None,Locked Down,None,None,None,None,85.0,73.2,14.3,60.6,0
DM03,Demolition,CAT-349,Windy,Intermediate,7,Power,1475,Quick,1,90.0,None,None,None,None,None,High Flow,82.9,143.7,39.6,54.9,0
EX05,Earth Excavation,CAT-320,Windy,Expert,6,Eco,1606,Quick,0,53.5,Boom Power,None,None,None,None,None,85.0,132.7,13.6,31.1,0
EX04,Earth Excavation,CAT-320,Cloudy,Beginner,1,Eco,1754,Fine,1,53.7,Swing Priority,None,None,None,None,None,85.0,57.4,14.9,8.0,0
TR03,Trenching,CAT-420,Rainy,Intermediate,5,Eco,1287,Fine,1,90.0,None,Standard,None,None,None,None,85.0,107.7,5.3,33.4,0
DM02,Demolition,CAT-349,Sunny,Expert,4,Power,2148,Quick,0,90.0,None,None,None,None,None,High Flow,82.6,97.4,66.9,73.0,0
T001,Earth Excavation,CAT-320,Windy,Intermediate,6,Eco,1340,Medium,1,65.5,Boom Power,None,None,None,None,None,85.0,116.1,10.3,24.6,0
T003,Material Loading,CAT-950M,Cloudy,Beginner,3,Smart,1977,Fine,1,57.9,None,None,80% Gravel,None,None,None,85.0,46.7,24.0,29.1,0
T003,Material Loading,CAT-950M,Cloudy,Beginner,3,Power,1549,Quick,1,93.0,None,None,60% Mud,None,None,None,85.0,45.1,21.3,29.8,0
GR03,Grading,CAT-140,Sunny,Beginner,1,Power,1412,Medium,1,90.0,None,None,None,Spread 25°,1st Gear,None,85.0,68.1,17.5,24.6,0
DM02,Demolition,CAT-349,Sunny,Expert,4,Smart,2135,Quick,1,90.0,None,None,None,None,None,Low Flow,74.2,81.1,52.2,42.2,0
EX05,Earth Excavation,CAT-320,Windy,Expert,6,Smart,1697,Medium,0,52.8,Swing Priority,None,None,None,None,None,85.0,121.3,18.8,37.9,0
LD04,Material Loading,CAT-950M,Sunny,Intermediate,7,Smart,1741,Quick,1,50.1,None,None,80% Gravel,None,None,None,85.0,38.4,21.5,34.4,0
T001,Earth Excavation,CAT-320,Sunny,Expert,2,Smart,1399,Fine,0,77.9,Swing Priority,None,None,None,None,None,85.0,92.5,12.8,23.7,0
T003,Material Loading,CAT-950M,Cloudy,Beginner,3,Eco,1786,Quick,1,68.2,None,None,80% Gravel,None,None,None,85.0,47.8,17.3,15.3,0
EX05,Earth Excavation,CAT-320,Windy,Expert,6,Eco,1677,Quick,1,59.6,Boom Power,None,None,None,None,None,85.0,113.3,15.3,24.0,0
T004,Grading,CAT-140,Cloudy,Beginner,1,Smart,1991,Medium,0,90.0,None,None,None,Deep Cut 45°,2nd Gear,None,85.0,44.6,23.2,29.7,0
T004,Grading,CAT-140,Cloudy,Intermediate,3,Smart,1276,Medium,0,90.0,None,None,None,Deep Cut 45°,1st Gear,None,85.0,48.3,12.3,27.1,0
LD04,Material Loading,CAT-950M,Sunny,Beginner,1,Power,1774,Medium,0,96.5,None,None,100% Max,None,None,None,85.0,39.0,25.9,33.6,0
DM02,Demolition,CAT-349,Windy,Intermediate,5,Power,2121,Fine,0,90.0,None,None,None,None,None,Medium Flow,80.8,125.4,66.4,77.3,0
TR04,Trenching,CAT-420,Rainy,Intermediate,6,Smart,1242,Quick,1,57.1,None,Soft Ground,None,None,None,None,85.0,77.1,6.5,28.9,0
GR02,Grading,CAT-140,Windy,Expert,5,Eco,1394,Medium,1,90.0,None,None,None,Deep Cut 45°,3rd Gear,None,85.0,77.9,11.3,35.6,0
LD04,Material Loading,CAT-950M,Windy,Intermediate,4,Power,1762,Quick,1,55.9,None,None,80% Gravel,None,None,None,85.0,35.2,26.3,35.6,0
T001,Earth Excavation,CAT-320,Rainy,Intermediate,3,Smart,1998,Medium,0,108.7,Swing Priority,None,None,None,None,None,85.0,85.5,22.5,45.6,0
DM04,Demolition,CAT-349,Rainy,Intermediate,5,Power,2175,Medium,1,90.0,None,None,None,None,None,Low Flow,86.3,78.8,69.8,75.4,0
EX05,Earth Excavation,CAT-320,Windy,Expert,6,Power,1509,Quick,1,78.1,Boom Power,None,None,None,None,None,85.0,89.0,19.7,43.3,0
T005,Demolition,CAT-349,Windy,Intermediate,6,Eco,2076,Medium,1,90.0,None,None,None,None,None,High Flow,83.2,116.6,42.2,38.9,0
T003,Material Loading,CAT-950M,Cloudy,Beginner,3,Eco,1656,Fine,1,54.9,None,None,60% Mud,None,None,None,85.0,59.3,15.1,14.0,0
DM02,Demolition,CAT-349,Sunny,Expert,4,Power,1812,Quick,1,90.0,None,None,None,None,None,Low Flow,89.8,80.8,51.6,34.8,0
EX05,Earth Excavation,CAT-320,Cloudy,Intermediate,8,Eco,1969,Quick,0,75.9,Balanced,None,None,None,None,None,85.0,120.5,19.9,46.2,0
DM03,Demolition,CAT-349,Windy,Intermediate,7,Power,2183,Quick,1,90.0,None,None,None,None,None,High Flow,90.8,126.3,72.2,79.2,0
DM05,Demolition,CAT-349,Windy,Expert,8,Eco,1396,Fine,0,90.0,None,None,None,None,None,High Flow,84.6,212.0,23.5,49.3,0
T005,Demolition,CAT-349,Windy,Intermediate,6,Smart,1952,Fine,0,90.0,None,None,None,None,None,High Flow,73.7,134.5,46.8,45.6,0
TR05,Trenching,CAT-420,Sunny,Beginner,3,Power,1806,Fine,0,59.3,None,Soft Ground,None,None,None,None,85.0,47.6,13.6,37.0,0
DM04,Demolition,CAT-349,Rainy,Intermediate,5,Power,1901,Medium,1,90.0,None,None,None,None,None,Medium Flow,88.9,72.2,56.4,40.7,0
LD03,Material Loading,CAT-950M,Rainy,Intermediate,5,Power,1434,Quick,1,61.6,None,None,80% Gravel,None,None,None,85.0,49.3,19.6,37.6,0
LD03,Material Loading,CAT-950M,Rainy,Intermediate,5,Power,2061,Medium,1,88.7,None,None,100% Max,None,None,None,85.0,49.5,37.3,69.1,0
LD05,Material Loading,CAT-950M,Sunny,Expert,1,Power,1628,Medium,0,64.0,None,None,100% Max,None,None,None,85.0,33.1,21.7,33.4,0
GR03,Grading,CAT-140,Rainy,Intermediate,6,Eco,1487,Quick,1,90.0,None,None,None,Normal 35°,1st Gear,None,85.0,87.0,13.2,26.0,0
TR02,Trenching,CAT-420,Sunny,Expert,2,Eco,2161,Fine,1,71.2,None,Soft Ground,None,None,None,None,85.0,42.4,11.7,33.0,0
GR04,Grading,CAT-140,Windy,Intermediate,2,Smart,1464,Fine,0,90.0,None,None,None,Normal 35°,2nd Gear,None,85.0,74.9,15.3,21.5,0
LD02,Material Loading,CAT-950M,Windy,Intermediate,7,Smart,2027,Medium,1,77.5,None,None,100% Max,None,None,None,85.0,29.0,26.6,46.0,0
LD03,Material Loading,CAT-950M,Rainy,Intermediate,5,Smart,1872,Medium,0,53.0,None,None,60% Mud,None,None,None,85.0,52.0,22.6,35.0,0
TR04,Trenching,CAT-420,Rainy,Intermediate,6,Smart,1633,Fine,0,91.2,None,Standard,None,None,None,None,85.0,78.1,9.6,50.1,0
GR02,Grading,CAT-140,Sunny,Expert,2,Power,1255,Medium,1,90.0,None,None,None,Spread 25°,2nd Gear,None,85.0,60.4,15.5,29.7,0
DM02,Demolition,CAT-349,Sunny,Expert,4,Eco,1355,Medium,0,90.0,None,None,None,None,None,Medium Flow,79.1,143.0,21.2,31.6,0
T003,Material Loading,CAT-950M,Cloudy,Beginner,3,Eco,1633,Medium,1,97.9,None,None,80% Gravel,None,None,None,85.0,52.4,14.9,12.2,0
EX03,Earth Excavation,CAT-320,Windy,Beginner,5,Eco,1604,Fine,0,68.3,Balanced,None,None,None,None,None,85.0,94.1,14.1,30.0,0
GR03,Grading,CAT-140,Sunny,Intermediate,4,Smart,1841,Fine,1,90.0,None,None,None,Normal 35°,1st Gear,None,85.0,61.9,21.4,23.3,0
TR03,Trenching,CAT-420,Cloudy,Intermediate,5,Eco,2074,Quick,0,50.1,None,Standard,None,None,None,None,85.0,114.3,11.2,44.0,0
EX05,Earth Excavation,CAT-320,Windy,Beginner,1,Eco,1797,Quick,0,74.7,Swing Priority,None,None,None,None,None,85.0,121.1,15.2,16.0,0
GR03,Grading,CAT-140,Rainy,Intermediate,6,Power,1549,Fine,0,90.0,None,None,None,Deep Cut 45°,2nd Gear,None,85.0,78.0,21.2,50.6,0
DM04,Demolition,CAT-349,Rainy,Intermediate,5,Smart,1404,Quick,1,90.0,None,None,None,None,None,High Flow,68.2,94.5,28.3,38.9,0
DM05,Demolition,CAT-349,Windy,Expert,8,Eco,1687,Quick,1,90.0,None,None,None,None,None,Medium Flow,70.3,130.0,31.4,31.4,0
GR04,Grading,CAT-140,Rainy,Intermediate,5,Eco,1247,Quick,0,90.0,None,None,None,Spread 25°,2nd Gear,None,85.0,129.8,9.5,28.4,0
LD03,Material Loading,CAT-950M,Rainy,Intermediate,5,Power,1552,Fine,0,61.8,None,None,60% Mud,None,None,None,85.0,59.9,22.4,47.4,0
LD05,Material Loading,CAT-950M,Sunny,Expert,1,Smart,1489,Quick,1,76.7,None,None,100% Max,None,None,None,85.0,30.8,15.8,14.1,0
T001,Earth Excavation,CAT-320,Sunny,Expert,2,Smart,1833,Quick,1,67.2,Swing Priority,None,None,None,None,None,85.0,70.9,20.0,15.4,0
GR04,Grading,CAT-140,Cloudy,Intermediate,7,Eco,1958,Medium,1,90.0,None,None,None,Deep Cut 45°,3rd Gear,None,85.0,96.8,20.2,34.2,0
EX02,Earth Excavation,CAT-320,Sunny,Intermediate,4,Smart,1661,Fine,0,60.4,Boom Power,None,None,None,None,None,85.0,112.8,17.2,30.7,0
TR04,Trenching,CAT-420,Rainy,Intermediate,6,Power,1734,Fine,1,96.4,None,Soft Ground,None,None,None,None,85.0,57.9,13.7,42.6,0
LD02,Material Loading,CAT-950M,Rainy,Expert,6,Smart,1469,Quick,1,88.4,None,None,60% Mud,None,None,None,85.0,35.0,16.2,29.4,0
LD05,Material Loading,CAT-950M,Sunny,Expert,1,Smart,1871,Fine,0,105.8,None,None,60% Mud,None,None,None,85.0,36.5,21.8,23.0,0
GR04,Grading,CAT-140,Windy,Intermediate,8,Power,1384,Medium,1,90.0,None,None,None,Deep Cut 45°,2nd Gear,None,85.0,89.6,18.7,51.5,0
EX04,Earth Excavation,CAT-320,Cloudy,Beginner,1,Eco,1803,Quick,1,96.8,Boom Power,None,None,None,None,None,85.0,44.1,15.5,6.7,0
TR04,Trenching,CAT-420,Rainy,Beginner,4,Power,2182,Quick,1,102.1,None,Soft Ground,None,None,None,None,85.0,76.2,18.8,58.5,0
GR05,Grading,CAT-140,Windy,Beginner,3,Power,1417,Quick,1,90.0,None,None,None,Deep Cut 45°,3rd Gear,None,85.0,41.7,17.9,31.3,0
TR04,Trenching,CAT-420,Rainy,Intermediate,6,Smart,2101,Fine,0,94.3,None,Soft Ground,None,None,None,None,85.0,79.3,14.1,56.0,0
T002,Trenching,CAT-420,Windy,Expert,1,Power,2145,Medium,1,104.9,None,Standard,None,None,None,None,85.0,64.5,17.3,46.5,0
DM03,Demolition,CAT-349,Windy,Intermediate,7,Smart,1525,Fine,1,90.0,None,None,None,None,None,Medium Flow,91.5,135.9,32.5,35.2,0
TR05,Trenching,CAT-420,Rainy,Intermediate,2,Eco,1475,Quick,0,77.9,None,Standard,None,None,None,None,85.0,79.7,6.6,31.1,0
T002,Trenching,CAT-420,Rainy,Intermediate,2,Eco,1466,Quick,1,101.5,None,Soft Ground,None,None,None,None,85.0,63.3,6.6,10.6,0
LD05,Material Loading,CAT-950M,Sunny,Expert,1,Eco,1495,Medium,1,61.4,None,None,80% Gravel,None,None,None,85.0,38.3,12.7,7.3,0
LD02,Material Loading,CAT-950M,Cloudy,Expert,7,Power,1470,Quick,1,86.9,None,None,80% Gravel,None,None,None,85.0,29.0,20.9,43.4,0
EX05,Earth Excavation,CAT-320,Windy,Expert,6,Smart,1276,Quick,0,78.0,Boom Power,None,None,None,None,None,85.0,113.7,11.8,37.1,0
T004,Grading,CAT-140,Sunny,Expert,5,Power,1521,Quick,1,90.0,None,None,None,Spread 25°,1st Gear,None,85.0,49.5,20.7,37.1,0
T002,Trenching,CAT-420,Rainy,Intermediate,4,Power,1300,Quick,0,66.4,None,Locked Down,None,None,None,None,85.0,86.2,8.4,57.4,0
DM05,Demolition,CAT-349,Cloudy,Expert,5,Power,1443,Quick,1,90.0,None,None,None,None,None,Low Flow,79.1,124.2,37.4,46.9,0
DM02,Demolition,CAT-349,Cloudy,Intermediate,8,Power,1308,Medium,1,90.0,None,None,None,None,None,Low Flow,88.6,105.4,33.9,50.7,0
T005,Demolition,CAT-349,Windy,Intermediate,8,Smart,1607,Fine,1,90.0,None,None,None,None,None,Low Flow,83.5,150.3,35.6,46.1,0
GR03,Grading,CAT-140,Rainy,Intermediate,6,Power,1714,Fine,1,90.0,None,None,None,Deep Cut 45°,1st Gear,None,85.0,62.9,24.9,43.8,0
LD05,Material Loading,CAT-950M,Sunny,Expert,1,Smart,2000,Quick,0,100.6,None,None,80% Gravel,None,None,None,85.0,32.9,23.8,30.5,0
GR05,Grading,CAT-140,Windy,Beginner,3,Power,1519,Medium,0,90.0,None,None,None,Deep Cut 45°,3rd Gear,None,85.0,41.1,20.2,38.7,0
T005,Demolition,CAT-349,Windy,Intermediate,6,Smart,1531,Quick,0,90.0,None,None,None,None,None,Medium Flow,77.7,144.6,32.4,47.7,0
GR03,Grading,CAT-140,Rainy,Intermediate,6,Smart,1378,Fine,1,90.0,None,None,None,Spread 25°,1st Gear,None,85.0,66.6,14.3,30.4,0
DM02,Demolition,CAT-349,Sunny,Expert,4,Eco,1923,Fine,0,90.0,None,None,None,None,None,Medium Flow,72.6,138.6,36.5,39.8,0
DM02,Demolition,CAT-349,Sunny,Expert,4,Eco,1825,Quick,1,90.0,None,None,None,None,None,High Flow,77.8,106.3,33.1,28.2,0
T001,Earth Excavation,CAT-320,Sunny,Expert,2,Smart,1390,Quick,0,79.3,Boom Power,None,None,None,None,None,85.0,81.8,12.4,24.3,0
EX04,Earth Excavation,CAT-320,Cloudy,Beginner,1,Power,1938,Quick,1,106.8,Boom Power,None,None,None,None,None,85.0,39.5,26.3,39.7,0
T005,Demolition,CAT-349,Windy,Intermediate,6,Power,1335,Fine,1,90.0,None,None,None,None,None,Low Flow,70.2,150.4,33.9,51.9,0
T001,Earth Excavation,CAT-320,Sunny,Expert,2,Smart,1728,Fine,1,51.4,Balanced,None,None,None,None,None,85.0,80.2,17.7,14.1,0
DM03,Demolition,CAT-349,Sunny,Beginner,2,Smart,1867,Quick,0,90.0,None,None,None,None,None,Medium Flow,71.0,123.8,41.7,22.8,0
DM05,Demolition,CAT-349,Windy,Expert,8,Power,2015,Fine,0,90.0,None,None,None,None,None,High Flow,79.1,156.3,64.4,78.3,0
TR03,Trenching,CAT-420,Cloudy,Intermediate,5,Power,1220,Quick,1,50.6,None,Standard,None,None,None,None,85.0,89.9,8.2,38.4,0
DM02,Demolition,CAT-349,Sunny,Expert,4,Smart,1337,Fine,0,90.0,None,None,None,None,None,Medium Flow,71.7,143.8,26.1,39.7,0
EX02,Earth Excavation,CAT-320,Sunny,Intermediate,4,Smart,1583,Medium,1,85.2,Balanced,None,None,None,None,None,85.0,82.1,16.3,23.9,0
GR02,Grading,CAT-140,Rainy,Intermediate,4,Smart,1362,Quick,1,90.0,None,None,None,Normal 35°,2nd Gear,None,85.0,69.4,13.6,22.7,0
TR03,Trenching,CAT-420,Rainy,Beginner,4,Smart,1597,Medium,0,74.3,None,Soft Ground,None,None,None,None,85.0,87.8,9.2,31.1,0
DM02,Demolition,CAT-349,Cloudy,Expert,8,Eco,1384,Medium,0,90.0,None,None,None,None,None,Low Flow,66.5,137.6,23.2,38.0,0
GR02,Grading,CAT-140,Sunny,Expert,2,Power,1513,Quick,1,90.0,None,None,None,Spread 25°,3rd Gear,None,85.0,79.6,19.9,42.8,0
TR04,Trenching,CAT-420,Cloudy,Beginner,5,Smart,1244,Medium,1,80.6,None,Locked Down,None,None,None,None,85.0,71.1,6.3,27.9,0
TR02,Trenching,CAT-420,Sunny,Expert,2,Eco,1817,Medium,0,99.5,None,Standard,None,None,None,None,85.0,42.0,8.9,17.0,0
EX02,Earth Excavation,CAT-320,Sunny,Intermediate,4,Power,1796,Fine,1,79.7,Swing Priority,None,None,None,None,None,85.0,84.9,24.9,33.8,0
T005,Demolition,CAT-349,Sunny,Intermediate,4,Power,1742,Medium,0,90.0,None,None,None,None,None,High Flow,83.1,111.3,48.2,45.3,0
DM05,Demolition,CAT-349,Windy,Expert,8,Power,2155,Quick,0,90.0,None,None,None,None,None,Low Flow,87.7,133.3,71.1,86.2,0
GR04,Grading,CAT-140,Cloudy,Intermediate,7,Smart,1701,Quick,1,90.0,None,None,None,Spread 25°,1st Gear,None,85.0,92.3,20.4,32.5,0
TR03,Trenching,CAT-420,Cloudy,Intermediate,5,Smart,1261,Quick,0,94.8,None,Standard,None,None,None,None,85.0,103.5,6.7,33.2,0
GR02,Grading,CAT-140,Sunny,Expert,2,Smart,1323,Medium,1,90.0,None,None,None,Normal 35°,1st Gear,None,85.0,49.0,12.5,16.0,0
DM05,Demolition,CAT-349,Windy,Intermediate,7,Eco,2134,Fine,1,90.0,None,None,None,None,None,Low Flow,78.5,156.8,44.1,57.6,0
GR05,Grading,CAT-140,Windy,Beginner,3,Eco,1598,Medium,1,90.0,None,None,None,Spread 25°,1st Gear,None,85.0,33.0,13.5,14.3,0
LD02,Material Loading,CAT-950M,Sunny,Expert,2,Smart,1588,Medium,1,100.6,None,None,60% Mud,None,None,None,85.0,27.1,17.0,16.4,0
GR05,Grading,CAT-140,Rainy,Beginner,8,Eco,1699,Quick,0,90.0,None,None,None,Deep Cut 45°,3rd Gear,None,85.0,53.7,16.2,37.5,0
TR02,Trenching,CAT-420,Rainy,Intermediate,2,Power,1816,Medium,1,81.0,None,Locked Down,None,None,None,None,85.0,45.4,13.4,41.8,0
TR05,Trenching,CAT-420,Sunny,Beginner,3,Eco,1320,Fine,0,82.1,None,Soft Ground,None,None,None,None,85.0,59.6,5.6,20.4,0
LD03,Material Loading,CAT-950M,Cloudy,Expert,2,Smart,1648,Quick,1,80.0,None,None,100% Max,None,None,None,85.0,50.2,20.0,35.7,0
TR03,Trenching,CAT-420,Cloudy,Intermediate,5,Smart,2063,Fine,1,51.6,None,Soft Ground,None,None,None,None,85.0,75.4,12.7,40.3,0
TR05,Trenching,CAT-420,Sunny,Beginner,3,Smart,1627,Medium,1,76.6,None,Standard,None,None,None,None,85.0,41.4,9.5,20.4,0
T002,Trenching,CAT-420,Cloudy,Expert,6,Smart,1937,Quick,0,68.8,None,Locked Down,None,None,None,None,85.0,84.5,12.3,42.8,0
T004,Grading,CAT-140,Sunny,Expert,5,Power,1880,Fine,1,90.0,None,None,None,Normal 35°,1st Gear,None,85.0,41.2,28.8,41.2,0
T003,Material Loading,CAT-950M,Cloudy,Beginner,3,Eco,1517,Fine,0,85.6,None,None,100% Max,None,None,None,85.0,70.5,13.2,19.5,0
EX04,Earth Excavation,CAT-320,Cloudy,Beginner,1,Power,1734,Fine,1,88.9,Balanced,None,None,None,None,None,85.0,44.6,22.5,24.9,0
EX04,Earth Excavation,CAT-320,Cloudy,Beginner,1,Smart,1826,Medium,1,110.0,Balanced,None,None,None,None,None,85.0,44.0,19.3,19.4,0
DM03,Demolition,CAT-349,Cloudy,Expert,4,Smart,1957,Medium,0,90.0,None,None,None,None,None,High Flow,90.3,154.1,46.0,48.5,0
EX05,Earth Excavation,CAT-320,Windy,Expert,6,Power,1559,Fine,1,57.3,Balanced,None,None,None,None,None,85.0,122.3,20.8,41.8,0
DM02,Demolition,CAT-349,Sunny,Expert,4,Eco,1644,Fine,1,90.0,None,None,None,None,None,Low Flow,93.3,117.3,28.6,24.3,0
EX05,Earth Excavation,CAT-320,Windy,Expert,6,Power,1575,Medium,1,67.5,Boom Power,None,None,None,None,None,85.0,99.8,20.8,43.0,0
T001,Earth Excavation,CAT-320,Sunny,Expert,2,Power,1967,Quick,0,60.7,Swing Priority,None,None,None,None,None,85.0,76.8,27.5,43.6,0
EX04,Earth Excavation,CAT-320,Cloudy,Beginner,1,Eco,1599,Medium,0,57.5,Balanced,None,None,None,None,None,85.0,68.1,13.3,13.6,0
EX04,Earth Excavation,CAT-320,Cloudy,Beginner,1,Smart,1430,Medium,1,64.4,Swing Priority,None,None,None,None,None,85.0,50.8,13.4,11.9,0
T001,Earth Excavation,CAT-320,Sunny,Expert,2,Smart,1752,Quick,0,86.6,Swing Priority,None,None,None,None,None,85.0,72.8,18.3,21.0,0
TR04,Trenching,CAT-420,Rainy,Intermediate,6,Eco,1581,Fine,1,59.7,None,Soft Ground,None,None,None,None,85.0,59.1,7.8,25.2,0
EX05,Earth Excavation,CAT-320,Windy,Expert,6,Eco,1360,Medium,1,59.5,Boom Power,None,None,None,None,None,85.0,129.1,10.4,23.2,0
EX02,Earth Excavation,CAT-320,Sunny,Intermediate,4,Eco,1771,Quick,1,102.2,Balanced,None,None,None,None,None,85.0,89.3,15.7,23.9,0
GR03,Grading,CAT-140,Rainy,Intermediate,6,Smart,1482,Medium,0,90.0,None,None,None,Deep Cut 45°,1st Gear,None,85.0,71.7,15.8,38.3,0
EX04,Earth Excavation,CAT-320,Cloudy,Beginner,1,Smart,1568,Quick,0,90.6,Swing Priority,None,None,None,None,None,85.0,46.8,15.9,20.3,0
T005,Demolition,CAT-349,Windy,Intermediate,6,Smart,1837,Fine,0,90.0,None,None,None,None,None,Low Flow,88.3,151.8,42.4,44.8,0
GR05,Grading,CAT-140,Windy,Beginner,3,Eco,1819,Medium,0,90.0,None,None,None,Normal 35°,2nd Gear,None,85.0,41.7,16.6,20.0,0
LD02,Material Loading,CAT-950M,Sunny,Expert,2,Smart,1501,Fine,1,62.9,None,None,80% Gravel,None,None,None,85.0,31.7,16.3,15.2,0
EX02,Earth Excavation,CAT-320,Sunny,Intermediate,4,Smart,1911,Fine,1,109.0,Swing Priority,None,None,None,None,None,85.0,91.5,21.6,35.9,0
LD03,Material Loading,CAT-950M,Rainy,Intermediate,5,Power,1706,Quick,1,106.1,None,None,80% Gravel,None,None,None,85.0,46.1,25.6,36.5,0
DM04,Demolition,CAT-349,Windy,Intermediate,6,Power,1619,Fine,1,90.0,None,None,None,None,None,Medium Flow,96.3,97.9,45.1,70.1,0
DM02,Demolition,CAT-349,Sunny,Expert,4,Smart,1635,Fine,0,90.0,None,None,None,None,None,Low Flow,78.5,116.6,35.0,27.0,0
T001,Earth Excavation,CAT-320,Sunny,Expert,2,Power,1482,Medium,0,56.2,Swing Priority,None,None,None,None,None,85.0,90.8,17.5,35.5,0
DM04,Demolition,CAT-349,Cloudy,Expert,2,Power,1894,Fine,1,90.0,None,None,None,None,None,Medium Flow,76.2,77.0,53.8,31.2,0
DM05,Demolition,CAT-349,Windy,Expert,8,Power,1321,Medium,1,90.0,None,None,None,None,None,Medium Flow,83.9,125.8,34.2,49.6,0
T004,Grading,CAT-140,Sunny,Expert,5,Power,1760,Quick,0,90.0,None,None,None,Spread 25°,2nd Gear,None,85.0,55.0,25.6,46.0,0
T004,Grading,CAT-140,Rainy,Intermediate,2,Smart,1914,Medium,0,90.0,None,None,None,Deep Cut 45°,3rd Gear,None,85.0,68.8,21.8,42.7,0
EX03,Earth Excavation,CAT-320,Rainy,Intermediate,3,Smart,1895,Medium,1,87.5,Swing Priority,None,None,None,None,None,85.0,60.0,21.1,21.4,0
EX05,Earth Excavation,CAT-320,Windy,Expert,6,Eco,1852,Medium,1,56.4,Boom Power,None,None,None,None,None,85.0,113.1,17.8,23.9,0
LD05,Material Loading,CAT-950M,Sunny,Expert,1,Smart,1382,Quick,1,81.2,None,None,60% Mud,None,None,None,85.0,33.8,13.9,11.6,0
EX03,Earth Excavation,CAT-320,Rainy,Intermediate,3,Power,1655,Fine,0,109.0,Boom Power,None,None,None,None,None,85.0,75.6,21.9,47.2,0
T003,Material Loading,CAT-950M,Cloudy,Beginner,3,Smart,1371,Medium,1,68.0,None,None,80% Gravel,None,None,None,85.0,49.6,13.8,19.3,0
EX04,Earth Excavation,CAT-320,Cloudy,Beginner,1,Eco,1770,Quick,1,61.8,Balanced,None,None,None,None,None,85.0,52.7,14.8,5.5,0
GR02,Grading,CAT-140,Sunny,Expert,2,Eco,1816,Quick,1,90.0,None,None,None,Normal 35°,1st Gear,None,85.0,52.8,16.5,11.9,0
EX03,Earth Excavation,CAT-320,Rainy,Intermediate,3,Power,1721,Fine,0,58.7,Swing Priority,None,None,None,None,None,85.0,83.5,22.7,38.8,0
TR04,Trenching,CAT-420,Rainy,Intermediate,6,Smart,1601,Quick,1,81.3,None,Locked Down,None,None,None,None,85.0,80.2,9.4,43.5,0
EX04,Earth Excavation,CAT-320,Sunny,Expert,8,Eco,1301,Quick,1,103.6,Swing Priority,None,None,None,None,None,85.0,60.5,10.3,37.0,0
GR05,Grading,CAT-140,Windy,Beginner,3,Power,1389,Quick,0,90.0,None,None,None,Normal 35°,1st Gear,None,85.0,50.9,17.7,38.4,0
T003,Material Loading,CAT-950M,Sunny,Expert,7,Power,1794,Quick,1,102.8,None,None,60% Mud,None,None,None,85.0,46.9,28.1,47.5,0
LD04,Material Loading,CAT-950M,Rainy,Expert,4,Eco,2087,Medium,1,77.4,None,None,60% Mud,None,None,None,85.0,48.3,21.6,34.4,0
DM03,Demolition,CAT-349,Sunny,Beginner,7,Eco,1802,Fine,0,90.0,None,None,None,None,None,Low Flow,73.4,179.6,34.8,44.9,0
GR02,Grading,CAT-140,Sunny,Expert,2,Smart,1413,Quick,1,90.0,None,None,None,Normal 35°,3rd Gear,None,85.0,71.9,13.8,32.7,0
T001,Earth Excavation,CAT-320,Sunny,Expert,2,Eco,1896,Fine,0,60.2,Swing Priority,None,None,None,None,None,85.0,104.8,16.8,18.9,0
EX04,Earth Excavation,CAT-320,Cloudy,Beginner,1,Eco,1976,Fine,1,71.4,Balanced,None,None,None,None,None,85.0,58.8,17.0,17.6,0
EX02,Earth Excavation,CAT-320,Sunny,Intermediate,4,Eco,1979,Medium,0,86.4,Boom Power,None,None,None,None,None,85.0,91.1,18.2,33.8,0
GR04,Grading,CAT-140,Cloudy,Intermediate,7,Eco,1702,Medium,1,90.0,None,None,None,Spread 25°,1st Gear,None,85.0,89.1,16.2,29.4,0
DM04,Demolition,CAT-349,Rainy,Intermediate,5,Eco,1505,Fine,1,90.0,None,None,None,None,None,Medium Flow,74.1,108.7,25.0,19.4,0
EX02,Earth Excavation,CAT-320,Sunny,Intermediate,4,Smart,1403,Fine,1,53.0,Boom Power,None,None,None,None,None,85.0,108.1,13.2,18.4,0
EX05,Earth Excavation,CAT-320,Windy,Expert,6,Eco,1659,Fine,0,67.2,Swing Priority,None,None,None,None,None,85.0,162.0,14.5,33.5,0
T005,Demolition,CAT-349,Windy,Intermediate,6,Power,1601,Quick,1,90.0,None,None,None,None,None,Low Flow,93.9,118.2,44.7,73.8,0
EX03,Earth Excavation,CAT-320,Rainy,Intermediate,3,Eco,1932,Medium,1,61.4,Swing Priority,None,None,None,None,None,85.0,65.3,17.4,19.1,0
TR03,Trenching,CAT-420,Cloudy,Intermediate,5,Eco,1926,Fine,1,100.8,None,Standard,None,None,None,None,85.0,82.5,10.0,26.6,0
T002,Trenching,CAT-420,Rainy,Intermediate,4,Eco,1702,Fine,0,52.8,None,Locked Down,None,None,None,None,85.0,68.8,8.0,37.1,0
GR05,Grading,CAT-140,Windy,Beginner,3,Smart,1470,Quick,0,90.0,None,None,None,Spread 25°,1st Gear,None,85.0,45.7,15.1,27.6,0
TR05,Trenching,CAT-420,Sunny,Beginner,3,Smart,1728,Medium,1,98.3,None,Standard,None,None,None,None,85.0,41.7,10.3,18.2,0
GR05,Grading,CAT-140,Windy,Beginner,3,Eco,1554,Fine,0,90.0,None,None,None,Deep Cut 45°,2nd Gear,None,85.0,37.8,12.9,21.5,0
LD04,Material Loading,CAT-950M,Windy,Intermediate,4,Eco,1382,Quick,0,66.8,None,None,100% Max,None,None,None,85.0,54.7,12.3,24.4,0
LD02,Material Loading,CAT-950M,Sunny,Expert,2,Smart,1804,Quick,1,106.5,None,None,100% Max,None,None,None,85.0,24.2,21.2,15.7,0
TR03,Trenching,CAT-420,Cloudy,Intermediate,5,Power,1893,Quick,1,96.1,None,Standard,None,None,None,None,85.0,79.8,15.2,42.2,0
T002,Trenching,CAT-420,Rainy,Intermediate,4,Eco,1726,Medium,1,51.0,None,Soft Ground,None,None,None,None,85.0,55.3,8.2,18.4,0
T003,Material Loading,CAT-950M,Cloudy,Beginner,3,Smart,1728,Medium,0,85.8,None,None,80% Gravel,None,None,None,85.0,49.2,19.2,26.2,0
GR04,Grading,CAT-140,Cloudy,Intermediate,8,Eco,1962,Medium,1,90.0,None,None,None,Deep Cut 45°,3rd Gear,None,85.0,97.6,19.7,41.1,0
EX02,Earth Excavation,CAT-320,Sunny,Intermediate,4,Smart,1415,Medium,0,83.7,Balanced,None,None,None,None,None,85.0,98.9,13.4,28.2,0
T004,Grading,CAT-140,Cloudy,Beginner,4,Smart,1925,Quick,1,90.0,None,None,None,Spread 25°,2nd Gear,None,85.0,46.7,23.3,27.7,0
LD05,Material Loading,CAT-950M,Cloudy,Intermediate,7,Power,2063,Medium,1,62.2,None,None,80% Gravel,None,None,None,85.0,30.4,34.6,62.5,0
TR02,Trenching,CAT-420,Sunny,Expert,2,Power,2185,Quick,1,70.2,None,Standard,None,None,None,None,85.0,45.9,17.6,53.8,0
EX05,Earth Excavation,CAT-320,Cloudy,Beginner,4,Smart,1650,Fine,1,95.3,Boom Power,None,None,None,None,None,85.0,98.6,17.1,24.4,0
DM05,Demolition,CAT-349,Windy,Intermediate,3,Eco,1857,Medium,1,90.0,None,None,None,None,None,Low Flow,83.8,130.7,34.0,22.6,0
T005,Demolition,CAT-349,Windy,Intermediate,6,Power,1710,Quick,1,90.0,None,None,None,None,None,Low Flow,72.3,113.9,49.2,52.0,0
DM04,Demolition,CAT-349,Rainy,Intermediate,5,Eco,1855,Medium,0,90.0,None,None,None,None,None,High Flow,94.9,109.7,34.9,49.2,0
TR05,Trenching,CAT-420,Sunny,Beginner,3,Smart,1279,Quick,1,82.0,None,Soft Ground,None,None,None,None,85.0,54.9,6.3,22.2,0
DM02,Demolition,CAT-349,Sunny,Expert,4,Smart,1612,Fine,0,90.0,None,None,None,None,None,High Flow,87.0,131.2,34.1,41.1,0
EX05,Earth Excavation,CAT-320,Windy,Expert,6,Smart,1947,Quick,1,102.4,Boom Power,None,None,None,None,None,85.0,88.0,22.9,45.2,0
GR05,Grading,CAT-140,Sunny,Beginner,7,Smart,1936,Fine,1,90.0,None,None,None,Deep Cut 45°,1st Gear,None,85.0,40.4,23.9,39.7,0
EX04,Earth Excavation,CAT-320,Cloudy,Beginner,1,Power,1957,Quick,0,83.7,Balanced,None,None,None,None,None,85.0,42.5,26.8,39.7,0
EX03,Earth Excavation,CAT-320,Rainy,Intermediate,3,Eco,1314,Medium,1,77.9,Balanced,None,None,None,None,None,85.0,61.6,9.9,15.2,0
EX05,Earth Excavation,CAT-320,Windy,Expert,6,Smart,1887,Quick,0,50.2,Swing Priority,None,None,None,None,None,85.0,118.8,21.4,39.0,0
EX04,Earth Excavation,CAT-320,Cloudy,Beginner,1,Power,1959,Medium,1,59.2,Boom Power,None,None,None,None,None,85.0,45.3,26.9,33.9,0
DM03,Demolition,CAT-349,Windy,Intermediate,7,Eco,2153,Medium,1,90.0,None,None,None,None,None,High Flow,83.8,159.4,44.8,60.1,0
TR02,Trenching,CAT-420,Sunny,Expert,2,Eco,1464,Medium,0,101.1,None,Soft Ground,None,None,None,None,85.0,41.7,6.9,15.9,0
GR04,Grading,CAT-140,Windy,Beginner,7,Smart,1291,Quick,0,90.0,None,None,None,Spread 25°,3rd Gear,None,85.0,122.5,13.4,41.2,0
GR04,Grading,CAT-140,Rainy,Expert,7,Smart,1783,Medium,1,90.0,None,None,None,Spread 25°,1st Gear,None,85.0,90.3,20.9,33.3,0
GR05,Grading,CAT-140,Windy,Beginner,3,Eco,1778,Quick,1,90.0,None,None,None,Deep Cut 45°,3rd Gear,None,85.0,40.3,16.3,15.0,0
TR05,Trenching,CAT-420,Sunny,Beginner,3,Smart,1985,Quick,0,76.5,None,Locked Down,None,None,None,None,85.0,61.4,11.7,37.8,0
EX03,Earth Excavation,CAT-320,Sunny,Expert,3,Smart,1485,Quick,1,84.3,Boom Power,None,None,None,None,None,85.0,62.4,14.2,18.8,0
TR05,Trenching,CAT-420,Sunny,Beginner,3,Eco,1876,Quick,1,72.8,None,Locked Down,None,None,None,None,85.0,59.1,9.3,16.1,0
T001,Earth Excavation,CAT-320,Sunny,Expert,2,Power,1595,Fine,0,78.4,Swing Priority,None,None,None,None,None,85.0,84.2,19.8,35.5,0
GR05,Grading,CAT-140,Windy,Beginner,3,Eco,1620,Medium,0,90.0,None,None,None,Normal 35°,3rd Gear,None,85.0,37.6,14.1,22.0,0
T001,Earth Excavation,CAT-320,Sunny,Expert,2,Power,1710,Fine,1,72.9,Balanced,None,None,None,None,None,85.0,75.9,22.2,28.2,0
DM04,Demolition,CAT-349,Rainy,Intermediate,5,Eco,1396,Fine,0,90.0,None,None,None,None,None,Medium Flow,87.6,128.6,23.1,28.3,0
TR04,Trenching,CAT-420,Rainy,Intermediate,6,Power,2145,Medium,1,66.9,None,Locked Down,None,None,None,None,85.0,78.6,18.7,79.1,0
TR02,Trenching,CAT-420,Cloudy,Intermediate,2,Eco,2175,Quick,1,76.3,None,Locked Down,None,None,None,None,85.0,49.6,11.7,35.6,0
TR04,Trenching,CAT-420,Rainy,Intermediate,6,Eco,1461,Fine,1,56.7,None,Standard,None,None,None,None,85.0,68.3,6.9,37.9,0
GR05,Grading,CAT-140,Windy,Beginner,3,Eco,1600,Medium,1,90.0,None,None,None,Spread 25°,1st Gear,None,85.0,34.0,14.4,13.1,0
LD03,Material Loading,CAT-950M,Rainy,Intermediate,5,Smart,1865,Quick,1,108.3,None,None,100% Max,None,None,None,85.0,51.1,25.4,44.2,0
DM02,Demolition,CAT-349,Sunny,Expert,4,Eco,1385,Fine,1,90.0,None,None,None,None,None,High Flow,73.5,143.4,21.5,26.1,0
T002,Trenching,CAT-420,Sunny,Expert,3,Power,1977,Medium,1,102.9,None,Soft Ground,None,None,None,None,85.0,55.7,16.1,39.5,0
LD03,Material Loading,CAT-950M,Sunny,Expert,2,Power,1506,Fine,0,105.7,None,None,60% Mud,None,None,None,85.0,57.5,20.4,35.1,0
EX04,Earth Excavation,CAT-320,Rainy,Expert,5,Power,1622,Medium,0,67.6,Balanced,None,None,None,None,None,85.0,66.4,21.8,43.6,0
EX05,Earth Excavation,CAT-320,Rainy,Beginner,6,Eco,1765,Medium,0,52.0,Balanced,None,None,None,None,None,85.0,154.3,16.0,31.4,0
GR04,Grading,CAT-140,Sunny,Expert,8,Eco,1448,Fine,1,90.0,None,None,None,Normal 35°,1st Gear,None,85.0,85.4,12.3,30.0,0
EX03,Earth Excavation,CAT-320,Rainy,Intermediate,3,Smart,1718,Fine,1,78.2,Swing Priority,None,None,None,None,None,85.0,67.3,18.0,18.4,0
T004,Grading,CAT-140,Sunny,Expert,5,Eco,1607,Quick,0,90.0,None,None,None,Deep Cut 45°,2nd Gear,None,85.0,49.0,13.9,28.2,0
T001,Earth Excavation,CAT-320,Cloudy,Expert,8,Eco,1577,Fine,1,66.8,Boom Power,None,None,None,None,None,85.0,113.8,14.0,30.2,0
GR03,Grading,CAT-140,Sunny,Beginner,5,Eco,1229,Fine,1,90.0,None,None,None,Normal 35°,3rd Gear,None,85.0,83.7,9.9,19.7,0
TR05,Trenching,CAT-420,Sunny,Beginner,3,Smart,1805,Quick,0,61.3,None,Locked Down,None,None,None,None,85.0,58.3,10.6,25.7,0
TR02,Trenching,CAT-420,Windy,Intermediate,6,Smart,1864,Medium,1,80.9,None,Soft Ground,None,None,None,None,85.0,46.4,12.1,30.9,0
GR05,Grading,CAT-140,Windy,Beginner,3,Power,1375,Fine,0,90.0,None,None,None,Deep Cut 45°,2nd Gear,None,85.0,43.4,17.5,39.7,0
TR05,Trenching,CAT-420,Sunny,Beginner,3,Eco,1657,Quick,1,89.8,None,Soft Ground,None,None,None,None,85.0,55.4,7.7,13.8,0
GR04,Grading,CAT-140,Rainy,Expert,4,Eco,1764,Fine,0,90.0,None,None,None,Spread 25°,1st Gear,None,85.0,108.3,16.6,23.7,0
DM03,Demolition,CAT-349,Windy,Intermediate,7,Smart,1533,Fine,0,90.0,None,None,None,None,None,Medium Flow,68.6,153.6,32.7,40.5,0
GR05,Grading,CAT-140,Windy,Beginner,3,Power,1378,Fine,0,90.0,None,None,None,Normal 35°,3rd Gear,None,85.0,39.8,16.7,40.6,0
TR04,Trenching,CAT-420,Cloudy,Intermediate,3,Eco,1247,Quick,1,54.4,None,Standard,None,None,None,None,85.0,75.4,5.0,12.7,0
EX03,Earth Excavation,CAT-320,Rainy,Intermediate,3,Power,1233,Medium,0,94.8,Boom Power,None,None,None,None,None,85.0,71.5,13.7,39.4,0
EX03,Earth Excavation,CAT-320,Windy,Expert,5,Power,1685,Medium,1,106.1,Boom Power,None,None,None,None,None,85.0,66.4,23.3,46.1,0
TR05,Trenching,CAT-420,Sunny,Beginner,3,Power,1580,Fine,1,96.1,None,Soft Ground,None,None,None,None,85.0,39.7,11.0,30.2,0
LD02,Material Loading,CAT-950M,Sunny,Expert,2,Power,1483,Quick,1,68.3,None,None,80% Gravel,None,None,None,85.0,27.4,20.0,28.4,0
LD05,Material Loading,CAT-950M,Sunny,Expert,1,Power,1839,Medium,0,99.7,None,None,80% Gravel,None,None,None,85.0,31.6,26.9,31.7,0
DM05,Demolition,CAT-349,Windy,Expert,8,Eco,1595,Fine,1,90.0,None,None,None,None,None,High Flow,72.7,173.1,29.6,40.5,0
EX03,Earth Excavation,CAT-320,Rainy,Intermediate,3,Smart,1507,Medium,0,98.2,Boom Power,None,None,None,None,None,85.0,71.9,15.0,27.6,0
LD02,Material Loading,CAT-950M,Sunny,Expert,2,Eco,1763,Medium,0,97.4,None,None,60% Mud,None,None,None,85.0,34.8,16.9,15.1,0
T004,Grading,CAT-140,Sunny,Expert,5,Eco,1244,Fine,0,90.0,None,None,None,Deep Cut 45°,2nd Gear,None,85.0,45.0,10.1,27.2,0
EX04,Earth Excavation,CAT-320,Sunny,Expert,7,Power,1411,Medium,1,83.7,Balanced,None,None,None,None,None,85.0,51.3,18.6,44.4,0
EX02,Earth Excavation,CAT-320,Windy,Beginner,2,Eco,1587,Quick,1,91.8,Balanced,None,None,None,None,None,85.0,95.0,12.9,9.2,0
LD04,Material Loading,CAT-950M,Windy,Intermediate,4,Eco,2069,Quick,0,71.9,None,None,60% Mud,None,None,None,85.0,46.0,21.9,38.6,0
T004,Grading,CAT-140,Sunny,Expert,5,Eco,1535,Fine,1,90.0,None,None,None,Spread 25°,1st Gear,None,85.0,39.9,13.6,20.7,0
GR02,Grading,CAT-140,Sunny,Expert,6,Eco,1765,Fine,0,90.0,None,None,None,Deep Cut 45°,1st Gear,None,85.0,58.0,16.5,30.3,0
T002,Trenching,CAT-420,Rainy,Intermediate,4,Eco,2115,Medium,0,73.5,None,Standard,None,None,None,None,85.0,80.6,11.3,58.9,0
T004,Grading,CAT-140,Sunny,Expert,5,Eco,1510,Quick,0,90.0,None,None,None,Deep Cut 45°,3rd Gear,None,85.0,64.8,12.8,44.1,0
GR05,Grading,CAT-140,Windy,Beginner,3,Eco,1533,Medium,0,90.0,None,None,None,Deep Cut 45°,3rd Gear,None,85.0,37.1,13.3,20.3,0
TR04,Trenching,CAT-420,Rainy,Intermediate,6,Eco,1820,Fine,0,72.1,None,Soft Ground,None,None,None,None,85.0,71.5,9.3,30.5,0
DM03,Demolition,CAT-349,Windy,Intermediate,7,Eco,1697,Medium,1,90.0,None,None,None,None,None,Medium Flow,91.5,150.4,31.1,26.5,0
TR02,Trenching,CAT-420,Sunny,Expert,2,Smart,1799,Fine,0,75.9,None,Locked Down,None,None,None,None,85.0,42.8,10.2,21.2,0
GR02,Grading,CAT-140,Sunny,Expert,2,Eco,1496,Medium,0,90.0,None,None,None,Deep Cut 45°,3rd Gear,None,85.0,75.1,12.7,33.9,0
DM02,Demolition,CAT-349,Sunny,Expert,4,Smart,1664,Quick,1,90.0,None,None,None,None,None,High Flow,84.4,99.2,35.9,32.4,0
DM05,Demolition,CAT-349,Windy,Expert,8,Eco,1967,Fine,0,90.0,None,None,None,None,None,High Flow,71.2,184.5,39.1,57.3,0
T001,Earth Excavation,CAT-320,Sunny,Beginner,5,Power,1275,Medium,1,83.8,Boom Power,None,None,None,None,None,85.0,79.0,15.3,39.3,0
T003,Material Loading,CAT-950M,Cloudy,Beginner,3,Eco,1418,Quick,0,81.5,None,None,60% Mud,None,None,None,85.0,63.9,12.2,22.1,0
DM05,Demolition,CAT-349,Windy,Expert,8,Eco,1380,Quick,0,90.0,None,None,None,None,None,Medium Flow,95.1,163.3,23.2,64.0,0
GR03,Grading,CAT-140,Rainy,Intermediate,6,Smart,1273,Medium,1,90.0,None,None,None,Deep Cut 45°,1st Gear,None,85.0,66.7,12.9,30.0,0
GR03,Grading,CAT-140,Rainy,Intermediate,6,Eco,1568,Quick,1,90.0,None,None,None,Deep Cut 45°,3rd Gear,None,85.0,85.8,14.7,23.3,0
TR03,Trenching,CAT-420,Cloudy,Intermediate,5,Eco,1652,Medium,1,57.1,None,Locked Down,None,None,None,None,85.0,74.1,8.2,20.6,0
T005,Demolition,CAT-349,Sunny,Intermediate,4,Power,1882,Quick,1,90.0,None,None,None,None,None,High Flow,74.6,93.5,55.1,38.6,0
EX05,Earth Excavation,CAT-320,Windy,Expert,6,Power,1720,Quick,1,75.2,Boom Power,None,None,None,None,None,85.0,81.4,24.1,39.7,0
LD05,Material Loading,CAT-950M,Sunny,Expert,1,Eco,1786,Quick,1,92.1,None,None,100% Max,None,None,None,85.0,30.4,16.3,5.9,0
T001,Earth Excavation,CAT-320,Sunny,Expert,2,Smart,1966,Quick,0,85.4,Balanced,None,None,None,None,None,85.0,66.2,21.5,29.6,0
T004,Grading,CAT-140,Cloudy,Expert,1,Smart,1365,Fine,1,90.0,None,None,None,Deep Cut 45°,1st Gear,None,85.0,38.3,13.4,12.1,0
LD04,Material Loading,CAT-950M,Windy,Intermediate,4,Smart,1349,Quick,1,63.1,None,None,100% Max,None,None,None,85.0,41.8,14.0,21.1,0
TR05,Trenching,CAT-420,Sunny,Beginner,3,Eco,1301,Quick,1,82.0,None,Locked Down,None,None,None,None,85.0,63.1,5.7,14.9,0
LD04,Material Loading,CAT-950M,Windy,Intermediate,4,Eco,1809,Quick,0,80.0,None,None,80% Gravel,None,None,None,85.0,47.9,17.6,25.3,0
LD04,Material Loading,CAT-950M,Windy,Intermediate,4,Eco,1769,Medium,1,59.4,None,None,80% Gravel,None,None,None,85.0,43.3,16.7,16.0,0
LD05,Material Loading,CAT-950M,Sunny,Intermediate,7,Eco,2035,Medium,1,95.6,None,None,60% Mud,None,None,None,85.0,35.6,21.9,40.8,0
LD04,Material Loading,CAT-950M,Windy,Intermediate,4,Eco,1559,Medium,1,94.3,None,None,100% Max,None,None,None,85.0,48.1,14.4,17.6,0
EX02,Earth Excavation,CAT-320,Sunny,Intermediate,4,Eco,1259,Quick,0,69.1,Balanced,None,None,None,None,None,85.0,133.0,9.0,21.8,0
TR02,Trenching,CAT-420,Sunny,Expert,2,Smart,1644,Quick,1,70.2,None,Locked Down,None,None,None,None,85.0,43.0,9.4,17.8,0
GR05,Grading,CAT-140,Cloudy,Intermediate,5,Smart,1722,Medium,1,90.0,None,None,None,Spread 25°,2nd Gear,None,85.0,36.0,19.3,26.3,0
T001,Earth Excavation,CAT-320,Sunny,Expert,2,Power,1682,Fine,0,109.9,Swing Priority,None,None,None,None,None,85.0,85.4,22.0,42.1,0
TR04,Trenching,CAT-420,Rainy,Intermediate,6,Smart,1843,Quick,0,99.6,None,Soft Ground,None,None,None,None,85.0,86.8,11.4,36.8,0
TR04,Trenching,CAT-420,Rainy,Intermediate,6,Power,2111,Fine,0,93.0,None,Locked Down,None,None,None,None,85.0,84.8,18.2,84.3,0
T003,Material Loading,CAT-950M,Cloudy,Beginner,3,Smart,2006,Quick,0,77.0,None,None,100% Max,None,None,None,85.0,49.1,24.6,37.8,0
T003,Material Loading,CAT-950M,Cloudy,Beginner,3,Smart,1400,Quick,1,86.5,None,None,80% Gravel,None,None,None,85.0,47.3,14.0,20.3,0
T002,Trenching,CAT-420,Windy,Beginner,1,Smart,1927,Fine,0,92.6,None,Soft Ground,None,None,None,None,85.0,66.9,11.8,26.0,0
TR03,Trenching,CAT-420,Rainy,Expert,4,Eco,1457,Quick,1,67.1,None,Locked Down,None,None,None,None,85.0,117.8,6.4,31.0,0
GR05,Grading,CAT-140,Windy,Beginner,3,Eco,1437,Fine,1,90.0,None,None,None,Normal 35°,3rd Gear,None,85.0,31.6,11.9,13.4,0
GR03,Grading,CAT-140,Rainy,Beginner,7,Eco,1784,Medium,0,90.0,None,None,None,Spread 25°,3rd Gear,None,85.0,94.0,17.4,36.0,0
LD04,Material Loading,CAT-950M,Windy,Intermediate,4,Power,1679,Quick,1,73.1,None,None,80% Gravel,None,None,None,85.0,34.6,24.4,34.8,0
T002,Trenching,CAT-420,Rainy,Intermediate,4,Smart,1990,Fine,1,88.7,None,Soft Ground,None,None,None,None,85.0,59.8,12.7,31.6,0
T001,Earth Excavation,CAT-320,Sunny,Expert,2,Smart,1555,Medium,1,75.4,Swing Priority,None,None,None,None,None,85.0,71.0,15.2,15.7,0
EX04,Earth Excavation,CAT-320,Cloudy,Beginner,1,Eco,1553,Quick,0,88.5,Balanced,None,None,None,None,None,85.0,55.8,12.5,13.5,0
LD03,Material Loading,CAT-950M,Rainy,Intermediate,5,Smart,2051,Fine,0,59.8,None,None,60% Mud,None,None,None,85.0,58.5,26.6,50.0,0
LD02,Material Loading,CAT-950M,Rainy,Beginner,2,Power,1374,Fine,1,102.9,None,None,80% Gravel,None,None,None,85.0,35.5,17.9,28.4,0
GR03,Grading,CAT-140,Cloudy,Beginner,1,Eco,1995,Fine,1,90.0,None,None,None,Deep Cut 45°,3rd Gear,None,85.0,69.5,18.9,16.5,0
EX02,Earth Excavation,CAT-320,Sunny,Intermediate,4,Eco,1282,Quick,0,98.9,Balanced,None,None,None,None,None,85.0,114.9,9.3,24.6,0
GR05,Grading,CAT-140,Windy,Beginner,3,Power,1580,Medium,0,90.0,None,None,None,Spread 25°,1st Gear,None,85.0,40.0,20.5,37.9,0
EX02,Earth Excavation,CAT-320,Sunny,Intermediate,4,Eco,1749,Quick,1,79.2,Balanced,None,None,None,None,None,85.0,86.9,15.4,17.6,0
LD04,Material Loading,CAT-950M,Windy,Intermediate,4,Eco,1484,Fine,1,52.9,None,None,80% Gravel,None,None,None,85.0,49.3,12.9,16.4,0
DM03,Demolition,CAT-349,Cloudy,Beginner,8,Power,1595,Quick,0,90.0,None,None,None,None,None,High Flow,79.8,161.2,44.9,67.0,0
TR05,Trenching,CAT-420,Sunny,Beginner,3,Smart,1250,Quick,1,70.5,None,Soft Ground,None,None,None,None,85.0,55.3,6.6,19.5,0
TR03,Trenching,CAT-420,Cloudy,Intermediate,5,Smart,1475,Quick,1,60.6,None,Soft Ground,None,None,None,None,85.0,86.2,8.3,28.8,0
EX05,Earth Excavation,CAT-320,Sunny,Expert,7,Power,1683,Medium,1,95.3,Boom Power,None,None,None,None,None,85.0,86.8,23.9,46.5,0
DM05,Demolition,CAT-349,Windy,Expert,8,Smart,1851,Medium,0,90.0,None,None,None,None,None,High Flow,70.2,143.0,43.8,53.0,0
TR05,Trenching,CAT-420,Windy,Expert,1,Eco,1550,Quick,0,55.0,None,Standard,None,None,None,None,85.0,64.1,6.7,14.5,0
TR02,Trenching,CAT-420,Sunny,Expert,2,Power,1406,Fine,1,72.9,None,Locked Down,None,None,None,None,85.0,34.8,9.6,27.2,0
LD05,Material Loading,CAT-950M,Windy,Expert,7,Smart,1340,Medium,0,61.8,None,None,60% Mud,None,None,None,85.0,46.7,14.3,39.6,0
DM02,Demolition,CAT-349,Sunny,Expert,4,Smart,1412,Fine,0,90.0,None,None,None,None,None,High Flow,92.9,141.4,28.7,46.3,0
T002,Trenching,CAT-420,Rainy,Intermediate,4,Power,1531,Quick,0,80.5,None,Locked Down,None,None,None,None,85.0,79.3,10.6,54.9,0
EX02,Earth Excavation,CAT-320,Sunny,Intermediate,4,Eco,1693,Quick,1,101.1,Swing Priority,None,None,None,None,None,85.0,88.9,14.5,16.2,0
EX05,Earth Excavation,CAT-320,Windy,Expert,6,Power,1688,Fine,0,83.6,Boom Power,None,None,None,None,None,85.0,110.4,23.5,49.4,0
GR03,Grading,CAT-140,Rainy,Intermediate,6,Smart,1496,Fine,0,90.0,None,None,None,Normal 35°,3rd Gear,None,85.0,79.8,16.3,36.4,0
LD04,Material Loading,CAT-950M,Windy,Intermediate,4,Eco,1782,Fine,0,71.6,None,None,100% Max,None,None,None,85.0,56.4,17.1,23.2,0
T004,Grading,CAT-140,Sunny,Expert,5,Smart,1929,Quick,0,90.0,None,None,None,Spread 25°,2nd Gear,None,85.0,54.1,22.8,37.9,0
T005,Demolition,CAT-349,Windy,Intermediate,6,Smart,1483,Quick,1,90.0,None,None,None,None,None,Medium Flow,96.4,128.9,30.6,68.7,0
TR03,Trenching,CAT-420,Sunny,Intermediate,2,Eco,1857,Quick,0,70.5,None,Soft Ground,None,None,None,None,85.0,102.6,8.7,18.5,0
EX02,Earth Excavation,CAT-320,Sunny,Intermediate,4,Power,1217,Fine,1,106.9,Balanced,None,None,None,None,None,85.0,106.0,13.5,42.4,0
DM05,Demolition,CAT-349,Rainy,Expert,4,Power,2079,Fine,0,90.0,None,None,None,None,None,Medium Flow,82.4,142.6,64.1,57.4,0
LD04,Material Loading,CAT-950M,Windy,Intermediate,4,Power,1573,Quick,1,70.8,None,None,80% Gravel,None,None,None,85.0,35.5,22.5,35.7,0
LD03,Material Loading,CAT-950M,Rainy,Intermediate,5,Eco,1944,Medium,1,79.9,None,None,100% Max,None,None,None,85.0,51.0,22.7,45.7,0
DM03,Demolition,CAT-349,Windy,Intermediate,7,Smart,1758,Quick,1,90.0,None,None,None,None,None,High Flow,79.6,137.7,40.6,44.4,0
T004,Grading,CAT-140,Sunny,Expert,5,Power,1469,Fine,1,90.0,None,None,None,Normal 35°,1st Gear,None,85.0,39.9,20.0,37.9,0
GR02,Grading,CAT-140,Sunny,Expert,2,Eco,1515,Fine,1,90.0,None,None,None,Deep Cut 45°,1st Gear,None,85.0,45.8,12.8,10.4,0
LD03,Material Loading,CAT-950M,Rainy,Intermediate,7,Smart,1514,Fine,1,79.7,None,None,60% Mud,None,None,None,85.0,59.5,17.3,36.1,0
LD02,Material Loading,CAT-950M,Sunny,Expert,2,Eco,1476,Medium,0,95.2,None,None,80% Gravel,None,None,None,85.0,37.3,12.3,19.4,0
T003,Material Loading,CAT-950M,Rainy,Intermediate,4,Smart,2043,Quick,0,58.5,None,None,80% Gravel,None,None,None,85.0,52.9,25.6,44.0,0
GR05,Grading,CAT-140,Windy,Beginner,3,Smart,1806,Medium,1,90.0,None,None,None,Deep Cut 45°,2nd Gear,None,85.0,39.7,20.4,20.6,0
GR04,Grading,CAT-140,Cloudy,Intermediate,7,Eco,1627,Medium,1,90.0,None,None,None,Deep Cut 45°,2nd Gear,None,85.0,79.6,15.6,27.6,0
DM03,Demolition,CAT-349,Windy,Intermediate,7,Eco,1840,Fine,0,90.0,None,None,None,None,None,High Flow,65.8,180.2,34.9,46.4,0
EX05,Earth Excavation,CAT-320,Windy,Expert,6,Smart,1514,Quick,0,76.4,Boom Power,None,None,None,None,None,85.0,105.1,14.8,37.9,0
LD04,Material Loading,CAT-950M,Windy,Intermediate,4,Power,2031,Medium,1,101.1,None,None,60% Mud,None,None,None,85.0,36.1,32.4,48.9,0
DM02,Demolition,CAT-349,Sunny,Expert,4,Smart,1821,Fine,1,90.0,None,None,None,None,None,Medium Flow,98.5,108.0,40.9,49.8,0
DM03,Demolition,CAT-349,Windy,Intermediate,7,Power,2179,Fine,1,90.0,None,None,None,None,None,High Flow,93.9,128.1,71.5,99.0,0
T001,Earth Excavation,CAT-320,Sunny,Expert,2,Power,1624,Fine,0,86.5,Balanced,None,None,None,None,None,85.0,79.2,21.2,35.9,0
EX05,Earth Excavation,CAT-320,Windy,Expert,6,Power,1729,Fine,0,54.1,Boom Power,None,None,None,None,None,85.0,127.3,24.0,47.8,0
LD02,Material Loading,CAT-950M,Rainy,Beginner,3,Smart,1399,Medium,1,75.1,None,None,100% Max,None,None,None,85.0,36.8,16.6,37.8,0
DM03,Demolition,CAT-349,Windy,Intermediate,7,Power,1312,Fine,0,90.0,None,None,None,None,None,Medium Flow,96.5,159.3,33.2,80.4,0
T004,Grading,CAT-140,Windy,Intermediate,3,Eco,1878,Quick,0,90.0,None,None,None,Deep Cut 45°,1st Gear,None,85.0,57.9,17.8,22.3,0
LD05,Material Loading,CAT-950M,Sunny,Expert,1,Eco,1922,Quick,1,80.0,None,None,60% Mud,None,None,None,85.0,32.3,18.0,11.3,0
EX03,Earth Excavation,CAT-320,Rainy,Intermediate,3,Power,1701,Quick,1,109.5,Swing Priority,None,None,None,None,None,85.0,57.0,22.6,40.6,0
DM05,Demolition,CAT-349,Windy,Expert,8,Smart,1784,Quick,1,90.0,None,None,None,None,None,Low Flow,99.9,123.6,42.4,83.6,0
DM03,Demolition,CAT-349,Windy,Intermediate,7,Power,1387,Quick,1,90.0,None,None,None,None,None,Medium Flow,87.2,133.3,36.1,44.6,0
EX03,Earth Excavation,CAT-320,Windy,Intermediate,8,Power,1538,Medium,0,82.9,Swing Priority,None,None,None,None,None,85.0,78.2,20.7,57.8,0
LD04,Material Loading,CAT-950M,Windy,Intermediate,4,Power,1685,Fine,1,64.7,None,None,100% Max,None,None,None,85.0,42.1,24.8,37.7,0
LD04,Material Loading,CAT-950M,Windy,Intermediate,4,Eco,1436,Fine,1,74.3,None,None,60% Mud,None,None,None,85.0,54.1,12.4,17.6,0
T001,Earth Excavation,CAT-320,Sunny,Expert,5,Smart,1911,Fine,0,94.1,Balanced,None,None,None,None,None,85.0,79.9,22.2,37.6,0
DM05,Demolition,CAT-349,Rainy,Beginner,4,Smart,1824,Medium,1,90.0,None,None,None,None,None,Medium Flow,71.1,116.1,40.7,22.0,0
T001,Earth Excavation,CAT-320,Rainy,Intermediate,7,Power,1611,Quick,1,101.3,Boom Power,None,None,None,None,None,85.0,78.2,22.2,46.1,0
TR02,Trenching,CAT-420,Sunny,Expert,2,Smart,2083,Quick,1,72.9,None,Locked Down,None,None,None,None,85.0,48.5,13.1,32.2,0
TR05,Trenching,CAT-420,Rainy,Expert,1,Smart,2148,Medium,0,73.1,None,Locked Down,None,None,None,None,85.0,66.7,13.4,56.4,0
EX02,Earth Excavation,CAT-320,Sunny,Intermediate,4,Eco,1439,Fine,0,85.7,Balanced,None,None,None,None,None,85.0,127.9,11.4,23.6,0
DM05,Demolition,CAT-349,Rainy,Beginner,6,Power,1647,Fine,0,90.0,None,None,None,None,None,Medium Flow,71.7,158.2,45.9,50.2,0
TR05,Trenching,CAT-420,Sunny,Beginner,3,Smart,1445,Medium,1,104.4,None,Locked Down,None,None,None,None,85.0,45.0,7.2,20.0,0
DM03,Demolition,CAT-349,Windy,Intermediate,7,Power,1929,Quick,0,90.0,None,None,None,None,None,Low Flow,91.4,147.4,59.4,66.6,0
TR02,Trenching,CAT-420,Sunny,Intermediate,5,Power,1568,Fine,0,72.6,None,Soft Ground,None,None,None,None,85.0,40.3,11.3,45.3,0
TR04,Trenching,CAT-420,Rainy,Intermediate,6,Smart,1754,Medium,0,87.3,None,Locked Down,None,None,None,None,85.0,85.3,10.8,49.1,0
T003,Material Loading,CAT-950M,Cloudy,Beginner,3,Eco,2029,Medium,0,80.7,None,None,100% Max,None,None,None,85.0,58.2,20.2,33.2,0
T005,Demolition,CAT-349,Windy,Intermediate,6,Power,1381,Quick,0,90.0,None,None,None,None,None,Medium Flow,70.5,145.4,35.3,58.3,0
LD05,Material Loading,CAT-950M,Sunny,Expert,1,Power,1663,Fine,0,72.3,None,None,100% Max,None,None,None,85.0,35.5,23.4,31.6,0
T005,Demolition,CAT-349,Windy,Intermediate,6,Smart,1380,Quick,1,90.0,None,None,None,None,None,Medium Flow,81.2,133.6,27.6,40.6,0
TR05,Trenching,CAT-420,Sunny,Beginner,3,Smart,1291,Medium,1,68.1,None,Soft Ground,None,None,None,None,85.0,47.1,6.3,19.0,0
EX03,Earth Excavation,CAT-320,Sunny,Intermediate,3,Power,1745,Fine,1,73.2,Boom Power,None,None,None,None,None,85.0,72.3,23.6,34.1,0
GR02,Grading,CAT-140,Sunny,Expert,2,Power,1639,Quick,0,90.0,None,None,None,Deep Cut 45°,1st Gear,None,85.0,66.2,21.8,34.9,0
LD04,Material Loading,CAT-950M,Windy,Intermediate,4,Smart,1758,Quick,1,60.9,None,None,80% Gravel,None,None,None,85.0,35.5,20.3,22.1,0
GR02,Grading,CAT-140,Sunny,Expert,2,Power,1256,Medium,1,90.0,None,None,None,Normal 35°,2nd Gear,None,85.0,56.9,14.3,29.5,0
LD02,Material Loading,CAT-950M,Sunny,Expert,2,Power,2059,Quick,0,101.5,None,None,60% Mud,None,None,None,85.0,27.8,32.5,48.7,0
T002,Trenching,CAT-420,Rainy,Intermediate,4,Smart,2087,Fine,1,84.3,None,Soft Ground,None,None,None,None,85.0,60.7,13.6,42.1,0
T003,Material Loading,CAT-950M,Rainy,Beginner,6,Smart,1324,Medium,1,91.7,None,None,60% Mud,None,None,None,85.0,62.4,13.8,30.8,0
GR04,Grading,CAT-140,Cloudy,Intermediate,7,Smart,1217,Medium,1,90.0,None,None,None,Deep Cut 45°,2nd Gear,None,85.0,78.8,12.1,33.2,0
TR03,Trenching,CAT-420,Cloudy,Intermediate,5,Eco,1501,Fine,1,92.9,None,Locked Down,None,None,None,None,85.0,78.4,7.0,20.5,0
DM05,Demolition,CAT-349,Rainy,Beginner,5,Smart,1732,Medium,1,90.0,None,None,None,None,None,Low Flow,88.7,135.7,38.5,34.8,0
LD05,Material Loading,CAT-950M,Windy,Expert,6,Eco,1561,Fine,1,101.2,None,None,100% Max,None,None,None,85.0,44.9,13.8,24.0,0
TR04,Trenching,CAT-420,Windy,Expert,8,Eco,1744,Fine,1,57.3,None,Soft Ground,None,None,None,None,85.0,70.3,9.2,32.8,0
T001,Earth Excavation,CAT-320,Sunny,Expert,2,Power,1259,Medium,0,53.5,Balanced,None,None,None,None,None,85.0,91.8,14.1,33.7,0
T002,Trenching,CAT-420,Rainy,Intermediate,4,Smart,1411,Medium,1,65.8,None,Locked Down,None,None,None,None,85.0,67.4,8.0,34.5,0
TR03,Trenching,CAT-420,Cloudy,Intermediate,5,Eco,1368,Quick,0,54.1,None,Locked Down,None,None,None,None,85.0,111.0,6.3,28.1,0
DM03,Demolition,CAT-349,Windy,Intermediate,7,Smart,1605,Fine,1,90.0,None,None,None,None,None,Medium Flow,78.5,131.2,35.5,33.5,0
TR05,Trenching,CAT-420,Sunny,Beginner,3,Eco,1846,Fine,1,83.0,None,Standard,None,None,None,None,85.0,46.5,9.0,13.6,0
TR02,Trenching,CAT-420,Sunny,Beginner,8,Power,1628,Fine,1,63.1,None,Soft Ground,None,None,None,None,85.0,38.5,12.7,48.4,0
GR03,Grading,CAT-140,Rainy,Intermediate,8,Smart,1402,Medium,1,90.0,None,None,None,Spread 25°,1st Gear,None,85.0,71.7,15.0,36.2,0
DM05,Demolition,CAT-349,Windy,Expert,8,Eco,1784,Medium,0,90.0,None,None,None,None,None,High Flow,99.1,165.0,34.1,82.6,0
T004,Grading,CAT-140,Sunny,Expert,5,Smart,1354,Fine,0,90.0,None,None,None,Deep Cut 45°,1st Gear,None,85.0,47.2,13.7,33.7,0
T001,Earth Excavation,CAT-320,Sunny,Expert,2,Eco,1635,Fine,0,71.5,Swing Priority,None,None,None,None,None,85.0,112.7,14.0,15.6,0
DM03,Demolition,CAT-349,Rainy,Intermediate,4,Power,2133,Medium,1,90.0,None,None,None,None,None,High Flow,75.2,140.9,65.6,64.8,0
EX02,Earth Excavation,CAT-320,Sunny,Intermediate,4,Power,1268,Medium,1,61.2,Boom Power,None,None,None,None,None,85.0,95.3,14.4,36.6,0
DM02,Demolition,CAT-349,Sunny,Expert,4,Smart,1938,Fine,1,90.0,None,None,None,None,None,High Flow,71.7,106.0,45.4,40.0,0
LD04,Material Loading,CAT-950M,Windy,Intermediate,2,Smart,1806,Quick,1,86.0,None,None,80% Gravel,None,None,None,85.0,33.5,21.1,14.2,0
DM05,Demolition,CAT-349,Windy,Expert,8,Smart,2054,Medium,0,90.0,None,None,None,None,None,High Flow,81.8,141.9,52.2,69.6,0
GR05,Grading,CAT-140,Windy,Beginner,4,Smart,1916,Medium,0,90.0,None,None,None,Deep Cut 45°,3rd Gear,None,85.0,42.3,22.9,35.3,0
LD02,Material Loading,CAT-950M,Sunny,Expert,2,Smart,1787,Fine,1,105.3,None,None,80% Gravel,None,None,None,85.0,29.6,20.2,15.1,0
DM02,Demolition,CAT-349,Rainy,Expert,8,Eco,1761,Quick,0,90.0,None,None,None,None,None,Low Flow,91.3,135.0,33.3,40.6,0
GR04,Grading,CAT-140,Cloudy,Intermediate,7,Smart,1857,Fine,1,90.0,None,None,None,Deep Cut 45°,1st Gear,None,85.0,80.6,22.8,32.9,0
LD05,Material Loading,CAT-950M,Sunny,Expert,1,Power,1929,Medium,1,76.8,None,None,60% Mud,None,None,None,85.0,27.5,29.2,28.6,0
LD04,Material Loading,CAT-950M,Windy,Intermediate,4,Eco,1698,Medium,1,92.1,None,None,100% Max,None,None,None,85.0,44.0,15.8,18.6,0
GR04,Grading,CAT-140,Cloudy,Intermediate,7,Smart,1730,Fine,1,90.0,None,None,None,Spread 25°,1st Gear,None,85.0,77.6,20.7,34.9,0
EX03,Earth Excavation,CAT-320,Rainy,Intermediate,3,Eco,1247,Medium,0,99.1,Boom Power,None,None,None,None,None,85.0,77.1,9.4,20.8,0
EX02,Earth Excavation,CAT-320,Sunny,Intermediate,4,Smart,1979,Quick,1,107.4,Swing Priority,None,None,None,None,None,85.0,76.8,22.7,39.9,0
DM02,Demolition,CAT-349,Sunny,Expert,4,Smart,1994,Medium,1,90.0,None,None,None,None,None,High Flow,68.9,92.8,47.3,43.1,0
TR02,Trenching,CAT-420,Sunny,Expert,2,Smart,1895,Quick,1,50.3,None,Soft Ground,None,None,None,None,85.0,46.0,11.4,17.9,0
LD02,Material Loading,CAT-950M,Sunny,Expert,2,Eco,1584,Quick,0,108.6,None,None,80% Gravel,None,None,None,85.0,35.8,14.0,15.2,0
GR04,Grading,CAT-140,Cloudy,Intermediate,7,Power,1520,Fine,1,90.0,None,None,None,Normal 35°,1st Gear,None,85.0,78.4,21.5,47.0,0
DM03,Demolition,CAT-349,Windy,Intermediate,7,Smart,1794,Quick,0,90.0,None,None,None,None,None,Medium Flow,74.7,138.2,41.8,38.4,0
DM02,Demolition,CAT-349,Rainy,Beginner,1,Eco,1438,Medium,1,90.0,None,None,None,None,None,High Flow,93.4,129.3,22.4,21.1,0
LD04,Material Loading,CAT-950M,Windy,Intermediate,4,Eco,1877,Quick,0,107.2,None,None,80% Gravel,None,None,None,85.0,45.5,18.3,26.6,0
GR03,Grading,CAT-140,Rainy,Intermediate,6,Power,1948,Fine,1,90.0,None,None,None,Normal 35°,3rd Gear,None,85.0,77.5,29.9,47.2,0
EX05,Earth Excavation,CAT-320,Windy,Expert,6,Eco,1916,Fine,1,69.9,Boom Power,None,None,None,None,None,85.0,128.3,17.6,29.4,0
DM02,Demolition,CAT-349,Sunny,Expert,4,Eco,2017,Quick,0,90.0,None,None,None,None,None,Low Flow,92.1,105.9,38.6,41.5,0
EX03,Earth Excavation,CAT-320,Rainy,Intermediate,3,Power,1680,Medium,1,84.5,Balanced,None,None,None,None,None,85.0,53.9,22.2,30.8,0
EX03,Earth Excavation,CAT-320,Rainy,Intermediate,3,Power,1575,Medium,0,76.3,Swing Priority,None,None,None,None,None,85.0,65.2,20.0,37.5,0
T004,Grading,CAT-140,Windy,Expert,4,Eco,1681,Quick,1,90.0,None,None,None,Spread 25°,1st Gear,None,85.0,49.9,14.8,17.9,0
T003,Material Loading,CAT-950M,Rainy,Expert,7,Power,1838,Fine,1,100.7,None,None,60% Mud,None,None,None,85.0,57.7,28.9,44.1,0
EX02,Earth Excavation,CAT-320,Sunny,Intermediate,4,Eco,1888,Quick,0,75.3,Boom Power,None,None,None,None,None,85.0,90.2,17.4,24.8,0
GR04,Grading,CAT-140,Cloudy,Intermediate,7,Power,1375,Medium,1,90.0,None,None,None,Deep Cut 45°,1st Gear,None,85.0,87.8,17.9,43.5,0
TR05,Trenching,CAT-420,Sunny,Expert,3,Power,1253,Fine,0,78.6,None,Standard,None,None,None,None,85.0,48.3,8.1,38.9,0
EX03,Earth Excavation,CAT-320,Rainy,Intermediate,3,Power,1388,Fine,1,86.0,Swing Priority,None,None,None,None,None,85.0,69.7,17.0,30.7,0
GR05,Grading,CAT-140,Sunny,Expert,5,Eco,1344,Quick,1,90.0,None,None,None,Normal 35°,1st Gear,None,85.0,43.6,11.5,22.9,0
TR03,Trenching,CAT-420,Windy,Expert,3,Power,1590,Fine,1,84.7,None,Soft Ground,None,None,None,None,85.0,68.6,11.0,31.7,0
EX05,Earth Excavation,CAT-320,Windy,Intermediate,2,Power,1806,Medium,1,73.5,Boom Power,None,None,None,None,None,85.0,86.5,24.6,27.4,0
TR04,Trenching,CAT-420,Sunny,Expert,6,Eco,2049,Fine,1,62.8,None,Soft Ground,None,None,None,None,85.0,67.9,10.9,38.3,0
EX02,Earth Excavation,CAT-320,Rainy,Beginner,4,Power,1558,Medium,1,61.2,Swing Priority,None,None,None,None,None,85.0,102.3,20.0,33.5,0
GR05,Grading,CAT-140,Windy,Beginner,3,Power,1803,Medium,1,90.0,None,None,None,Spread 25°,3rd Gear,None,85.0,35.4,26.6,30.2,0
GR04,Grading,CAT-140,Cloudy,Expert,3,Smart,1424,Quick,0,90.0,None,None,None,Normal 35°,3rd Gear,None,85.0,92.0,14.0,26.2,0
LD02,Material Loading,CAT-950M,Sunny,Expert,2,Power,2071,Fine,1,56.5,None,None,80% Gravel,None,None,None,85.0,27.9,32.4,42.9,0
LD04,Material Loading,CAT-950M,Windy,Intermediate,4,Eco,1571,Quick,1,80.8,None,None,80% Gravel,None,None,None,85.0,43.4,14.4,19.6,0
EX05,Earth Excavation,CAT-320,Windy,Expert,6,Power,1578,Fine,1,76.6,Swing Priority,None,None,None,None,None,85.0,104.6,21.0,43.2,0
LD04,Material Loading,CAT-950M,Windy,Intermediate,4,Power,1806,Quick,0,93.4,None,None,60% Mud,None,None,None,85.0,41.0,27.8,43.4,0
DM04,Demolition,CAT-349,Rainy,Intermediate,5,Power,1820,Fine,1,90.0,None,None,None,None,None,Medium Flow,65.9,82.4,52.9,38.6,0
T002,Trenching,CAT-420,Rainy,Intermediate,4,Eco,1625,Medium,1,94.1,None,Standard,None,None,None,None,85.0,62.2,7.3,30.0,0
GR02,Grading,CAT-140,Sunny,Intermediate,4,Power,1400,Medium,0,90.0,None,None,None,Normal 35°,2nd Gear,None,85.0,65.6,18.3,39.4,0
T002,Trenching,CAT-420,Rainy,Intermediate,4,Power,2173,Quick,1,56.4,None,Locked Down,None,None,None,None,85.0,77.8,17.7,72.2,0
GR03,Grading,CAT-140,Sunny,Intermediate,8,Power,1278,Quick,0,90.0,None,None,None,Normal 35°,3rd Gear,None,85.0,113.2,17.0,56.1,0
GR03,Grading,CAT-140,Rainy,Intermediate,6,Smart,1679,Medium,1,90.0,None,None,None,Normal 35°,2nd Gear,None,85.0,70.1,19.4,30.3,0
EX05,Earth Excavation,CAT-320,Windy,Expert,6,Power,1273,Medium,0,69.9,Swing Priority,None,None,None,None,None,85.0,135.5,15.2,48.9,0
GR03,Grading,CAT-140,Cloudy,Intermediate,1,Eco,1355,Fine,1,90.0,None,None,None,Normal 35°,1st Gear,None,85.0,69.7,10.8,8.2,0
DM05,Demolition,CAT-349,Windy,Expert,8,Smart,1378,Medium,1,90.0,None,None,None,None,None,High Flow,76.9,144.1,28.2,46.8,0
TR02,Trenching,CAT-420,Sunny,Expert,2,Eco,2175,Quick,1,69.2,None,Standard,None,None,None,None,85.0,46.7,11.2,33.0,0
LD03,Material Loading,CAT-950M,Rainy,Intermediate,5,Eco,1427,Quick,1,109.9,None,None,60% Mud,None,None,None,85.0,48.2,12.0,20.9,0
T005,Demolition,CAT-349,Windy,Intermediate,6,Smart,1631,Quick,1,90.0,None,None,None,None,None,Low Flow,96.4,123.0,35.4,70.0,0
T005,Demolition,CAT-349,Windy,Intermediate,6,Eco,1879,Fine,1,90.0,None,None,None,None,None,Low Flow,97.3,152.8,36.0,66.9,0
TR04,Trenching,CAT-420,Rainy,Intermediate,6,Power,1795,Quick,0,65.2,None,Standard,None,None,None,None,85.0,91.8,14.2,63.6,0
GR03,Grading,CAT-140,Windy,Expert,6,Smart,1565,Fine,1,90.0,None,None,None,Deep Cut 45°,1st Gear,None,85.0,63.6,17.8,29.2,0
DM05,Demolition,CAT-349,Windy,Expert,8,Eco,1836,Fine,0,90.0,None,None,None,None,None,High Flow,95.4,188.1,35.5,76.7,0
EX05,Earth Excavation,CAT-320,Windy,Expert,6,Eco,1302,Fine,1,99.0,Balanced,None,None,None,None,None,85.0,138.7,10.3,23.3,0
T005,Demolition,CAT-349,Windy,Intermediate,6,Smart,1752,Fine,1,90.0,None,None,None,None,None,Low Flow,94.3,137.5,39.8,63.4,0
LD03,Material Loading,CAT-950M,Rainy,Intermediate,5,Power,1471,Medium,0,70.4,None,None,60% Mud,None,None,None,85.0,53.5,20.4,43.6,0
T002,Trenching,CAT-420,Rainy,Intermediate,4,Eco,1869,Medium,1,57.8,None,Soft Ground,None,None,None,None,85.0,58.4,9.6,20.0,0
T005,Demolition,CAT-349,Windy,Intermediate,6,Smart,2174,Fine,1,90.0,None,None,None,None,None,Low Flow,96.9,129.8,55.4,94.9,0
T004,Grading,CAT-140,Sunny,Expert,5,Eco,1925,Fine,1,90.0,None,None,None,Spread 25°,2nd Gear,None,85.0,39.7,18.9,24.7,0
T005,Demolition,CAT-349,Rainy,Expert,5,Power,1338,Medium,0,90.0,None,None,None,None,None,Medium Flow,81.4,165.5,33.6,54.4,0
DM04,Demolition,CAT-349,Rainy,Intermediate,5,Eco,1643,Quick,1,90.0,None,None,None,None,None,Medium Flow,97.6,89.8,28.8,35.9,0
DM03,Demolition,CAT-349,Windy,Intermediate,7,Power,1972,Medium,0,90.0,None,None,None,None,None,High Flow,90.7,155.7,61.6,67.9,0
GR05,Grading,CAT-140,Windy,Beginner,3,Smart,1942,Quick,1,90.0,None,None,None,Normal 35°,2nd Gear,None,85.0,46.3,23.1,26.8,0
EX02,Earth Excavation,CAT-320,Windy,Intermediate,4,Power,1306,Medium,0,97.5,Balanced,None,None,None,None,None,85.0,106.1,15.4,42.2,0
TR03,Trenching,CAT-420,Cloudy,Intermediate,5,Power,1572,Fine,0,97.7,None,Locked Down,None,None,None,None,85.0,73.0,11.2,46.2,0
LD04,Material Loading,CAT-950M,Windy,Expert,6,Eco,1638,Quick,1,87.5,None,None,80% Gravel,None,None,None,85.0,43.6,15.8,24.7,0
GR02,Grading,CAT-140,Sunny,Expert,2,Smart,1531,Quick,1,90.0,None,None,None,Spread 25°,3rd Gear,None,85.0,75.3,16.4,32.0,0
LD02,Material Loading,CAT-950M,Sunny,Expert,2,Smart,1324,Quick,0,103.4,None,None,80% Gravel,None,None,None,85.0,33.2,13.3,22.7,0
T004,Grading,CAT-140,Sunny,Expert,5,Smart,1810,Medium,1,90.0,None,None,None,Spread 25°,1st Gear,None,85.0,44.2,21.7,26.1,0
T001,Earth Excavation,CAT-320,Windy,Intermediate,8,Power,1324,Medium,0,66.2,Boom Power,None,None,None,None,None,85.0,116.7,16.3,56.8,0
GR05,Grading,CAT-140,Windy,Beginner,3,Eco,1783,Quick,1,90.0,None,None,None,Deep Cut 45°,3rd Gear,None,85.0,38.8,15.6,13.2,0
TR02,Trenching,CAT-420,Sunny,Expert,2,Power,2118,Medium,0,69.8,None,Locked Down,None,None,None,None,85.0,46.6,17.4,53.4,0
LD04,Material Loading,CAT-950M,Cloudy,Intermediate,1,Eco,1538,Quick,1,87.4,None,None,80% Gravel,None,None,None,85.0,41.0,13.9,7.9,0
EX02,Earth Excavation,CAT-320,Sunny,Intermediate,4,Power,1263,Fine,1,80.0,Boom Power,None,None,None,None,None,85.0,94.1,14.7,35.5,0
TR04,Trenching,CAT-420,Rainy,Intermediate,6,Eco,2033,Quick,1,62.0,None,Soft Ground,None,None,None,None,85.0,80.1,10.6,36.9,0
LD05,Material Loading,CAT-950M,Sunny,Expert,1,Eco,2000,Quick,1,92.3,None,None,100% Max,None,None,None,85.0,29.6,19.4,19.3,0
EX02,Earth Excavation,CAT-320,Sunny,Intermediate,4,Smart,1953,Fine,1,107.1,Balanced,None,None,None,None,None,85.0,90.8,22.1,35.9,0
EX05,Earth Excavation,CAT-320,Cloudy,Expert,5,Smart,1599,Quick,1,86.2,Boom Power,None,None,None,None,None,85.0,87.4,16.4,27.0,0
T001,Earth Excavation,CAT-320,Sunny,Expert,2,Eco,1420,Fine,1,93.8,Balanced,None,None,None,None,None,85.0,87.4,10.8,12.4,0
GR03,Grading,CAT-140,Sunny,Beginner,6,Power,1361,Fine,1,90.0,None,None,None,Deep Cut 45°,1st Gear,None,85.0,68.3,18.1,42.6,0
TR05,Trenching,CAT-420,Sunny,Expert,3,Eco,1941,Medium,0,98.8,None,Soft Ground,None,None,None,None,85.0,59.9,9.9,25.9,0
EX03,Earth Excavation,CAT-320,Rainy,Intermediate,3,Smart,1725,Quick,0,75.1,Boom Power,None,None,None,None,None,85.0,66.6,18.0,26.4,0
DM02,Demolition,CAT-349,Sunny,Expert,4,Eco,1415,Fine,1,90.0,None,None,None,None,None,High Flow,65.3,143.2,22.9,26.9,0
DM05,Demolition,CAT-349,Windy,Expert,8,Eco,1339,Quick,1,90.0,None,None,None,None,None,Low Flow,92.4,162.2,22.2,59.3,0
EX04,Earth Excavation,CAT-320,Cloudy,Beginner,1,Power,1727,Medium,1,89.5,Balanced,None,None,None,None,None,85.0,40.9,22.2,21.7,0
T002,Trenching,CAT-420,Rainy,Intermediate,4,Eco,2004,Medium,1,81.8,None,Soft Ground,None,None,None,None,85.0,59.1,10.3,28.7,0
GR03,Grading,CAT-140,Rainy,Intermediate,6,Power,1380,Medium,1,90.0,None,None,None,Deep Cut 45°,2nd Gear,None,85.0,75.3,18.2,41.6,0
EX04,Earth Excavation,CAT-320,Cloudy,Beginner,1,Power,1448,Medium,1,69.1,Boom Power,None,None,None,None,None,85.0,52.7,17.0,25.2,0
TR02,Trenching,CAT-420,Sunny,Expert,2,Power,1717,Medium,0,76.0,None,Standard,None,None,None,None,85.0,39.7,12.8,34.1,0
EX03,Earth Excavation,CAT-320,Rainy,Intermediate,3,Smart,1312,Fine,1,79.5,Boom Power,None,None,None,None,None,85.0,77.4,11.7,18.9,0
EX03,Earth Excavation,CAT-320,Rainy,Intermediate,3,Smart,1849,Fine,0,81.1,Boom Power,None,None,None,None,None,85.0,75.2,20.6,26.0,0
TR05,Trenching,CAT-420,Sunny,Beginner,3,Smart,1801,Medium,1,103.4,None,Soft Ground,None,None,None,None,85.0,44.0,11.5,21.1,0
DM03,Demolition,CAT-349,Windy,Intermediate,7,Eco,1851,Medium,0,90.0,None,None,None,None,None,Low Flow,87.6,187.4,35.7,45.0,0
GR03,Grading,CAT-140,Windy,Beginner,8,Eco,1504,Medium,0,90.0,None,None,None,Spread 25°,1st Gear,None,85.0,98.3,14.0,38.0,0
EX03,Earth Excavation,CAT-320,Rainy,Intermediate,3,Smart,1794,Medium,1,79.9,Boom Power,None,None,None,None,None,85.0,58.4,19.1,21.3,0
DM04,Demolition,CAT-349,Rainy,Intermediate,7,Eco,2184,Fine,1,90.0,None,None,None,None,None,Low Flow,75.3,110.5,45.5,59.5,0
GR02,Grading,CAT-140,Sunny,Expert,2,Eco,1393,Quick,1,90.0,None,None,None,Deep Cut 45°,2nd Gear,None,85.0,62.0,10.9,11.8,0
LD03,Material Loading,CAT-950M,Rainy,Intermediate,5,Power,1805,Quick,1,96.7,None,None,80% Gravel,None,None,None,85.0,44.3,28.1,36.6,0
GR04,Grading,CAT-140,Cloudy,Intermediate,7,Power,1896,Medium,0,90.0,None,None,None,Spread 25°,3rd Gear,None,85.0,102.7,29.7,56.9,0
GR05,Grading,CAT-140,Windy,Beginner,3,Eco,1273,Medium,1,90.0,None,None,None,Spread 25°,2nd Gear,None,85.0,35.6,9.6,15.8,0
T003,Material Loading,CAT-950M,Cloudy,Beginner,3,Smart,1565,Quick,1,90.0,None,None,100% Max,None,None,None,85.0,47.6,17.1,20.1,0
GR03,Grading,CAT-140,Rainy,Intermediate,6,Eco,1326,Quick,1,90.0,None,None,None,Normal 35°,2nd Gear,None,85.0,99.9,11.7,23.6,0
TR03,Trenching,CAT-420,Cloudy,Intermediate,5,Eco,1622,Fine,1,82.9,None,Soft Ground,None,None,None,None,85.0,79.4,8.3,20.7,0
TR04,Trenching,CAT-420,Sunny,Expert,5,Smart,1240,Fine,1,81.0,None,Locked Down,None,None,None,None,85.0,67.5,6.1,25.4,0
EX05,Earth Excavation,CAT-320,Windy,Expert,6,Smart,1447,Quick,1,92.2,Balanced,None,None,None,None,None,85.0,100.1,14.3,30.3,0
TR05,Trenching,CAT-420,Sunny,Beginner,3,Power,1777,Fine,1,58.1,None,Locked Down,None,None,None,None,85.0,40.7,12.9,32.1,0
TR03,Trenching,CAT-420,Cloudy,Intermediate,5,Smart,2029,Fine,1,104.7,None,Standard,None,None,None,None,85.0,73.9,13.5,39.4,0
LD05,Material Loading,CAT-950M,Sunny,Expert,1,Eco,2066,Quick,1,60.4,None,None,60% Mud,None,None,None,85.0,31.0,20.5,23.8,0
DM03,Demolition,CAT-349,Windy,Intermediate,7,Power,1483,Fine,1,90.0,None,None,None,None,None,High Flow,92.9,148.7,40.0,76.8,0
TR04,Trenching,CAT-420,Rainy,Intermediate,6,Eco,1278,Quick,1,63.8,None,Soft Ground,None,None,None,None,85.0,74.5,5.8,25.0,0
T005,Demolition,CAT-349,Windy,Intermediate,6,Smart,1344,Quick,0,90.0,None,None,None,None,None,Low Flow,93.4,153.2,27.1,70.2,0
EX02,Earth Excavation,CAT-320,Sunny,Intermediate,4,Eco,1514,Quick,1,59.7,Balanced,None,None,None,None,None,85.0,109.3,12.2,16.2,0
T004,Grading,CAT-140,Sunny,Expert,5,Power,1339,Fine,0,90.0,None,None,None,Normal 35°,1st Gear,None,85.0,47.8,17.1,45.3,0
DM02,Demolition,CAT-349,Sunny,Expert,4,Power,1732,Medium,1,90.0,None,None,None,None,None,Medium Flow,75.4,95.4,48.2,44.3,0
T003,Material Loading,CAT-950M,Windy,Beginner,4,Power,1926,Fine,1,88.6,None,None,60% Mud,None,None,None,85.0,51.4,30.4,39.1,0
DM02,Demolition,CAT-349,Sunny,Expert,4,Power,1988,Fine,1,90.0,None,None,None,None,None,Medium Flow,85.7,101.9,59.7,54.6,0
TR03,Trenching,CAT-420,Rainy,Beginner,3,Power,1785,Quick,0,95.2,None,Locked Down,None,None,None,None,85.0,104.2,13.1,52.0,0
EX03,Earth Excavation,CAT-320,Windy,Expert,4,Smart,1670,Medium,1,99.6,Swing Priority,None,None,None,None,None,85.0,65.5,17.3,24.4,0
DM05,Demolition,CAT-349,Windy,Expert,8,Eco,1885,Quick,1,90.0,None,None,None,None,None,Medium Flow,87.1,127.3,37.1,33.0,0
T004,Grading,CAT-140,Sunny,Expert,5,Power,1695,Medium,0,90.0,None,None,None,Deep Cut 45°,3rd Gear,None,85.0,63.0,24.7,62.5,0
GR05,Grading,CAT-140,Sunny,Beginner,6,Eco,1408,Medium,0,90.0,None,None,None,Spread 25°,1st Gear,None,85.0,43.1,12.3,30.9,0
T002,Trenching,CAT-420,Rainy,Intermediate,4,Power,1626,Medium,1,84.6,None,Locked Down,None,None,None,None,85.0,58.9,11.7,48.2,0
TR03,Trenching,CAT-420,Cloudy,Intermediate,5,Power,1446,Quick,0,73.7,None,Soft Ground,None,None,None,None,85.0,95.2,10.4,43.4,0
DM04,Demolition,CAT-349,Cloudy,Beginner,1,Power,1604,Medium,1,90.0,None,None,None,None,None,Medium Flow,78.8,72.1,41.4,26.8,0
DM05,Demolition,CAT-349,Windy,Expert,8,Eco,1801,Quick,1,90.0,None,None,None,None,None,Medium Flow,92.5,127.8,34.4,51.7,0
T001,Earth Excavation,CAT-320,Sunny,Expert,2,Power,1847,Fine,0,95.6,Boom Power,None,None,None,None,None,85.0,76.5,25.3,33.9,0
DM03,Demolition,CAT-349,Windy,Intermediate,7,Smart,1757,Medium,1,90.0,None,None,None,None,None,High Flow,69.7,144.8,40.1,43.0,0
DM03,Demolition,CAT-349,Rainy,Expert,7,Power,1538,Fine,0,90.0,None,None,None,None,None,Low Flow,89.7,184.5,42.3,62.8,0
GR03,Grading,CAT-140,Rainy,Intermediate,6,Smart,1788,Fine,0,90.0,None,None,None,Normal 35°,1st Gear,None,85.0,72.2,21.1,38.6,0
TR03,Trenching,CAT-420,Cloudy,Intermediate,5,Smart,2059,Fine,0,59.2,None,Standard,None,None,None,None,85.0,85.0,13.4,48.1,0
T002,Trenching,CAT-420,Rainy,Intermediate,4,Eco,1355,Fine,1,84.3,None,Locked Down,None,None,None,None,85.0,66.1,6.0,33.2,0
T002,Trenching,CAT-420,Rainy,Intermediate,4,Eco,1409,Fine,0,62.8,None,Locked Down,None,None,None,None,85.0,73.5,6.6,37.5,0
DM04,Demolition,CAT-349,Rainy,Intermediate,5,Power,1513,Fine,1,90.0,None,None,None,None,None,High Flow,99.0,104.2,39.8,68.5,0
LD03,Material Loading,CAT-950M,Rainy,Intermediate,5,Power,1624,Quick,1,69.8,None,None,80% Gravel,None,None,None,85.0,45.7,23.7,40.0,0
T001,Earth Excavation,CAT-320,Sunny,Expert,2,Power,1366,Quick,1,85.5,Swing Priority,None,None,None,None,None,85.0,68.9,16.3,29.6,0
T005,Demolition,CAT-349,Windy,Expert,4,Smart,1935,Quick,0,90.0,None,None,None,None,None,High Flow,89.7,111.0,44.9,36.1,0
GR02,Grading,CAT-140,Sunny,Expert,2,Smart,1720,Quick,1,90.0,None,None,None,Normal 35°,1st Gear,None,85.0,52.5,18.7,16.1,0
EX02,Earth Excavation,CAT-320,Sunny,Intermediate,4,Smart,1771,Fine,0,101.7,Boom Power,None,None,None,None,None,85.0,94.4,19.1,30.5,0
DM03,Demolition,CAT-349,Windy,Intermediate,7,Eco,1640,Medium,1,90.0,None,None,None,None,None,Medium Flow,76.5,154.6,30.1,27.4,0
EX04,Earth Excavation,CAT-320,Cloudy,Beginner,1,Smart,1401,Quick,0,56.1,Swing Priority,None,None,None,None,None,85.0,56.0,13.0,18.2,0
T005,Demolition,CAT-349,Windy,Intermediate,6,Power,2112,Medium,0,90.0,None,None,None,None,None,Low Flow,91.2,124.7,67.2,78.8,0
LD05,Material Loading,CAT-950M,Sunny,Expert,1,Smart,1447,Fine,1,68.5,None,None,100% Max,None,None,None,85.0,36.5,14.6,12.3,0
DM05,Demolition,CAT-349,Windy,Expert,8,Smart,1932,Quick,0,90.0,None,None,None,None,None,Medium Flow,98.6,126.0,47.8,83.3,0
LD02,Material Loading,CAT-950M,Sunny,Expert,2,Smart,1534,Fine,1,70.0,None,None,80% Gravel,None,None,None,85.0,32.6,16.0,16.0,0
T003,Material Loading,CAT-950M,Cloudy,Beginner,3,Eco,1654,Quick,0,63.0,None,None,80% Gravel,None,None,None,85.0,55.8,14.8,19.7,0
T004,Grading,CAT-140,Sunny,Expert,5,Smart,1628,Medium,1,90.0,None,None,None,Spread 25°,3rd Gear,None,85.0,52.7,18.3,44.1,0
DM05,Demolition,CAT-349,Windy,Expert,8,Power,2114,Medium,1,90.0,None,None,None,None,None,Medium Flow,86.1,105.5,69.0,67.7,0
TR03,Trenching,CAT-420,Cloudy,Intermediate,5,Smart,1274,Fine,0,91.2,None,Standard,None,None,None,None,85.0,87.7,5.9,32.4,0
DM05,Demolition,CAT-349,Windy,Beginner,4,Smart,1941,Medium,1,90.0,None,None,None,None,None,Medium Flow,77.9,101.6,44.5,30.2,0
EX04,Earth Excavation,CAT-320,Cloudy,Beginner,1,Power,1482,Medium,1,86.8,Swing Priority,None,None,None,None,None,85.0,42.9,17.8,26.1,0
T002,Trenching,CAT-420,Rainy,Expert,5,Smart,1643,Fine,0,77.0,None,Standard,None,None,None,None,85.0,70.7,9.3,48.3,0
LD03,Material Loading,CAT-950M,Rainy,Intermediate,5,Smart,1608,Fine,1,87.5,None,None,60% Mud,None,None,None,85.0,54.3,18.1,27.0,0
TR05,Trenching,CAT-420,Sunny,Intermediate,2,Smart,2077,Fine,1,65.4,None,Soft Ground,None,None,None,None,85.0,45.7,12.9,32.7,0
T005,Demolition,CAT-349,Windy,Intermediate,6,Smart,1516,Fine,0,90.0,None,None,None,None,None,Low Flow,92.1,168.4,31.8,67.2,0
EX04,Earth Excavation,CAT-320,Cloudy,Beginner,1,Power,1799,Quick,1,57.2,Balanced,None,None,None,None,None,85.0,44.5,23.0,25.5,0
TR04,Trenching,CAT-420,Rainy,Intermediate,6,Smart,1511,Medium,0,95.9,None,Locked Down,None,None,None,None,85.0,80.6,8.6,49.9,0
GR04,Grading,CAT-140,Cloudy,Intermediate,7,Power,1909,Medium,1,90.0,None,None,None,Spread 25°,2nd Gear,None,85.0,82.0,30.3,52.2,0
GR03,Grading,CAT-140,Rainy,Intermediate,6,Eco,1605,Fine,0,90.0,None,None,None,Deep Cut 45°,1st Gear,None,85.0,76.2,14.9,31.8,0
T004,Grading,CAT-140,Sunny,Expert,5,Power,1981,Fine,1,90.0,None,None,None,Spread 25°,3rd Gear,None,85.0,58.6,30.9,64.9,0
EX03,Earth Excavation,CAT-320,Rainy,Expert,3,Power,1887,Fine,1,104.6,Swing Priority,None,None,None,None,None,85.0,64.6,26.3,43.6,0
T004,Grading,CAT-140,Windy,Expert,6,Eco,1386,Medium,0,90.0,None,None,None,Normal 35°,1st Gear,None,85.0,48.8,12.5,29.9,0
LD03,Material Loading,CAT-950M,Rainy,Beginner,2,Power,1783,Medium,0,106.1,None,None,100% Max,None,None,None,85.0,54.5,29.3,54.4,0
T002,Trenching,CAT-420,Rainy,Intermediate,4,Eco,1463,Quick,0,61.5,None,Soft Ground,None,None,None,None,85.0,74.9,6.6,24.6,0
GR03,Grading,CAT-140,Rainy,Intermediate,6,Power,1737,Quick,1,90.0,None,None,None,Normal 35°,3rd Gear,None,85.0,84.7,25.6,40.8,0
EX02,Earth Excavation,CAT-320,Windy,Expert,6,Smart,1563,Quick,1,77.3,Boom Power,None,None,None,None,None,85.0,86.2,16.9,30.7,0
GR02,Grading,CAT-140,Sunny,Expert,2,Power,1965,Medium,1,90.0,None,None,None,Deep Cut 45°,3rd Gear,None,85.0,76.7,29.4,54.9,0
LD05,Material Loading,CAT-950M,Sunny,Expert,1,Eco,1355,Medium,0,58.0,None,None,60% Mud,None,None,None,85.0,45.2,10.3,15.2,0
EX04,Earth Excavation,CAT-320,Cloudy,Beginner,1,Eco,1839,Medium,1,82.6,Balanced,None,None,None,None,None,85.0,47.1,15.4,5.0,0
T003,Material Loading,CAT-950M,Cloudy,Expert,2,Power,1513,Quick,1,98.8,None,None,60% Mud,None,None,None,85.0,45.8,19.5,29.3,0
LD04,Material Loading,CAT-950M,Windy,Intermediate,4,Eco,1731,Quick,1,77.8,None,None,100% Max,None,None,None,85.0,41.9,16.4,17.3,0
T003,Material Loading,CAT-950M,Cloudy,Beginner,3,Eco,1844,Fine,1,107.0,None,None,60% Mud,None,None,None,85.0,57.0,17.6,13.2,0
EX04,Earth Excavation,CAT-320,Cloudy,Beginner,1,Smart,1860,Medium,1,109.9,Balanced,None,None,None,None,None,85.0,43.0,19.7,19.1,0
T002,Trenching,CAT-420,Windy,Intermediate,2,Power,2115,Medium,1,74.8,None,Soft Ground,None,None,None,None,85.0,62.1,17.1,48.2,0
T004,Grading,CAT-140,Sunny,Expert,2,Eco,1509,Quick,1,90.0,None,None,None,Deep Cut 45°,3rd Gear,None,85.0,52.4,13.0,25.5,0
T005,Demolition,CAT-349,Windy,Intermediate,6,Power,1693,Fine,0,90.0,None,None,None,None,None,Low Flow,89.5,152.7,48.0,58.8,0
DM03,Demolition,CAT-349,Windy,Intermediate,7,Eco,1934,Quick,1,90.0,None,None,None,None,None,Medium Flow,82.6,138.2,38.3,35.4,0
EX03,Earth Excavation,CAT-320,Rainy,Intermediate,3,Smart,1328,Medium,0,100.2,Boom Power,None,None,None,None,None,85.0,75.6,11.8,27.9,0
DM03,Demolition,CAT-349,Windy,Intermediate,7,Smart,1764,Fine,1,90.0,None,None,None,None,None,High Flow,98.8,139.8,40.2,76.7,0
TR02,Trenching,CAT-420,Sunny,Expert,2,Eco,1243,Fine,0,50.7,None,Locked Down,None,None,None,None,85.0,44.1,4.8,16.7,0
GR02,Grading,CAT-140,Sunny,Expert,2,Power,1843,Fine,1,90.0,None,None,None,Spread 25°,2nd Gear,None,85.0,56.2,26.6,27.5,0
DM03,Demolition,CAT-349,Windy,Intermediate,7,Eco,1654,Fine,1,90.0,None,None,None,None,None,Low Flow,97.9,164.6,30.1,66.9,0
GR05,Grading,CAT-140,Windy,Beginner,3,Smart,1396,Medium,1,90.0,None,None,None,Normal 35°,3rd Gear,None,85.0,35.0,13.7,21.2,0
TR03,Trenching,CAT-420,Cloudy,Intermediate,5,Smart,1232,Fine,1,87.9,None,Locked Down,None,None,None,None,85.0,74.6,6.2,26.3,0
GR03,Grading,CAT-140,Sunny,Intermediate,3,Smart,1328,Quick,0,90.0,None,None,None,Deep Cut 45°,1st Gear,None,85.0,80.6,12.8,25.2,0
EX05,Earth Excavation,CAT-320,Cloudy,Intermediate,2,Smart,1295,Fine,1,94.9,Boom Power,None,None,None,None,None,85.0,104.7,11.1,17.5,0
DM04,Demolition,CAT-349,Rainy,Intermediate,5,Power,1454,Fine,1,90.0,None,None,None,None,None,Medium Flow,85.8,93.1,38.1,38.3,0
T004,Grading,CAT-140,Rainy,Expert,2,Eco,1524,Quick,0,90.0,None,None,None,Spread 25°,1st Gear,None,85.0,54.2,12.6,18.6,0
DM03,Demolition,CAT-349,Windy,Intermediate,7,Eco,2030,Quick,1,90.0,None,None,None,None,None,Medium Flow,83.0,135.9,40.8,42.2,0
TR04,Trenching,CAT-420,Rainy,Intermediate,6,Eco,2186,Quick,1,89.8,None,Standard,None,None,None,None,85.0,94.0,12.5,61.4,0
T003,Material Loading,CAT-950M,Cloudy,Beginner,3,Smart,1864,Medium,0,92.0,None,None,60% Mud,None,None,None,85.0,51.9,21.9,27.5,0
GR05,Grading,CAT-140,Windy,Beginner,3,Smart,1968,Quick,0,90.0,None,None,None,Deep Cut 45°,3rd Gear,None,85.0,48.7,23.5,36.3,0
T003,Material Loading,CAT-950M,Sunny,Expert,7,Power,1319,Medium,0,57.9,None,None,100% Max,None,None,None,85.0,61.8,18.1,52.4,0
GR03,Grading,CAT-140,Rainy,Intermediate,6,Power,1313,Medium,1,90.0,None,None,None,Spread 25°,3rd Gear,None,85.0,84.1,16.8,42.9,0
DM04,Demolition,CAT-349,Rainy,Intermediate,5,Eco,1928,Quick,0,90.0,None,None,None,None,None,Medium Flow,75.2,96.5,36.9,33.3,0
T005,Demolition,CAT-349,Rainy,Expert,6,Eco,2124,Medium,1,90.0,None,None,None,None,None,Low Flow,98.1,144.7,43.1,86.4,0
EX03,Earth Excavation,CAT-320,Rainy,Beginner,8,Smart,1779,Medium,0,52.5,Boom Power,None,None,None,None,None,85.0,85.7,20.3,42.4,0
EX05,Earth Excavation,CAT-320,Windy,Expert,6,Power,1589,Fine,1,105.3,Swing Priority,None,None,None,None,None,85.0,111.7,21.7,50.9,0
DM03,Demolition,CAT-349,Cloudy,Expert,3,Eco,1602,Quick,0,90.0,None,None,None,None,None,Medium Flow,71.6,154.5,26.7,20.9,0
EX04,Earth Excavation,CAT-320,Cloudy,Beginner,1,Power,1766,Quick,0,94.1,Swing Priority,None,None,None,None,None,85.0,40.3,23.3,30.7,0
LD04,Material Loading,CAT-950M,Windy,Intermediate,4,Eco,1838,Fine,1,50.7,None,None,80% Gravel,None,None,None,85.0,46.3,17.8,15.8,0
T003,Material Loading,CAT-950M,Cloudy,Beginner,3,Eco,1335,Fine,1,59.6,None,None,60% Mud,None,None,None,85.0,65.7,11.2,13.6,0
T005,Demolition,CAT-349,Cloudy,Beginner,5,Smart,1857,Quick,1,90.0,None,None,None,None,None,Medium Flow,90.4,112.8,42.3,36.7,0
EX05,Earth Excavation,CAT-320,Windy,Expert,6,Power,1226,Fine,0,63.0,Balanced,None,None,None,None,None,85.0,156.2,14.3,48.2,0
TR03,Trenching,CAT-420,Cloudy,Expert,1,Power,2043,Medium,1,70.8,None,Standard,None,None,None,None,85.0,66.2,16.4,36.7,0
DM03,Demolition,CAT-349,Sunny,Expert,2,Power,2129,Quick,1,90.0,None,None,None,None,None,Low Flow,66.9,114.1,64.4,60.3,0
T003,Material Loading,CAT-950M,Cloudy,Beginner,3,Smart,1652,Fine,1,64.4,None,None,100% Max,None,None,None,85.0,52.8,18.4,18.4,0
TR05,Trenching,CAT-420,Sunny,Beginner,3,Smart,1218,Medium,0,101.9,None,Locked Down,None,None,None,None,85.0,55.1,5.7,24.5,0
GR05,Grading,CAT-140,Rainy,Beginner,8,Smart,1926,Medium,1,90.0,None,None,None,Spread 25°,2nd Gear,None,85.0,47.7,24.5,42.6,0
T003,Material Loading,CAT-950M,Sunny,Intermediate,3,Eco,2034,Quick,1,83.5,None,None,60% Mud,None,None,None,85.0,47.9,20.8,24.8,0
T001,Earth Excavation,CAT-320,Sunny,Expert,2,Smart,1234,Medium,0,86.6,Balanced,None,None,None,None,None,85.0,85.2,10.8,20.3,0
T002,Trenching,CAT-420,Rainy,Expert,1,Eco,2165,Fine,1,58.8,None,Locked Down,None,None,None,None,85.0,65.2,10.6,44.1,0
LD03,Material Loading,CAT-950M,Rainy,Intermediate,5,Power,1721,Medium,1,83.1,None,None,60% Mud,None,None,None,85.0,44.0,25.6,40.0,0
GR04,Grading,CAT-140,Cloudy,Intermediate,7,Eco,1272,Quick,0,90.0,None,None,None,Deep Cut 45°,2nd Gear,None,85.0,119.8,10.8,32.9,0
EX03,Earth Excavation,CAT-320,Rainy,Expert,1,Eco,1309,Medium,0,90.7,Boom Power,None,None,None,None,None,85.0,71.6,9.3,14.0,0
T005,Demolition,CAT-349,Cloudy,Intermediate,1,Smart,1880,Quick,0,90.0,None,None,None,None,None,High Flow,95.5,105.1,41.2,36.0,0
TR02,Trenching,CAT-420,Sunny,Expert,2,Eco,2179,Fine,1,88.2,None,Locked Down,None,None,None,None,85.0,40.6,12.0,33.8,0
GR02,Grading,CAT-140,Sunny,Expert,2,Eco,1207,Fine,0,90.0,None,None,None,Normal 35°,2nd Gear,None,85.0,59.5,9.0,16.8,0
EX04,Earth Excavation,CAT-320,Windy,Expert,7,Smart,1455,Quick,0,99.6,Balanced,None,None,None,None,None,85.0,60.8,14.9,40.5,0
DM05,Demolition,CAT-349,Cloudy,Intermediate,3,Eco,1761,Quick,1,90.0,None,None,None,None,None,Medium Flow,77.7,116.0,31.2,14.5,0
GR05,Grading,CAT-140,Cloudy,Beginner,6,Smart,1275,Medium,0,90.0,None,None,None,Spread 25°,3rd Gear,None,85.0,41.6,12.4,35.7,0
LD02,Material Loading,CAT-950M,Sunny,Expert,2,Power,1389,Quick,1,89.7,None,None,100% Max,None,None,None,85.0,26.9,17.6,29.7,0
GR05,Grading,CAT-140,Cloudy,Expert,8,Eco,1874,Fine,1,90.0,None,None,None,Deep Cut 45°,2nd Gear,None,85.0,40.2,19.5,33.5,0
TR05,Trenching,CAT-420,Sunny,Beginner,3,Smart,2010,Quick,0,56.1,None,Standard,None,None,None,None,85.0,58.0,12.6,37.9,0
LD03,Material Loading,CAT-950M,Rainy,Intermediate,5,Smart,1800,Medium,0,97.6,None,None,100% Max,None,None,None,85.0,62.2,24.6,51.7,0
GR02,Grading,CAT-140,Sunny,Expert,2,Eco,1688,Quick,1,90.0,None,None,None,Normal 35°,2nd Gear,None,85.0,56.0,15.2,10.1,0
EX05,Earth Excavation,CAT-320,Windy,Expert,6,Smart,1388,Fine,1,65.8,Balanced,None,None,None,None,None,85.0,136.3,13.5,27.9,0
DM04,Demolition,CAT-349,Windy,Expert,7,Smart,2183,Medium,1,90.0,None,None,None,None,None,High Flow,97.4,91.2,55.9,99.0,0
GR05,Grading,CAT-140,Windy,Beginner,3,Smart,1210,Fine,1,90.0,None,None,None,Spread 25°,2nd Gear,None,85.0,36.0,10.5,19.6,0
DM03,Demolition,CAT-349,Sunny,Expert,7,Eco,2037,Fine,1,90.0,None,None,None,None,None,High Flow,78.2,154.3,40.8,49.7,0
LD05,Material Loading,CAT-950M,Sunny,Beginner,1,Power,2038,Medium,1,52.9,None,None,100% Max,None,None,None,85.0,25.2,31.2,36.3,0
LD05,Material Loading,CAT-950M,Sunny,Expert,1,Smart,2010,Medium,1,62.9,None,None,80% Gravel,None,None,None,85.0,27.7,23.8,24.7,0
LD04,Material Loading,CAT-950M,Sunny,Beginner,6,Power,2063,Quick,1,85.6,None,None,60% Mud,None,None,None,85.0,35.6,34.9,56.3,0
DM02,Demolition,CAT-349,Sunny,Expert,4,Smart,1843,Quick,0,90.0,None,None,None,None,None,High Flow,98.4,104.9,41.9,58.1,0
DM04,Demolition,CAT-349,Rainy,Intermediate,5,Eco,1433,Medium,1,90.0,None,None,None,None,None,Medium Flow,97.8,97.3,23.2,39.8,0
GR05,Grading,CAT-140,Windy,Beginner,6,Smart,1775,Medium,1,90.0,None,None,None,Spread 25°,3rd Gear,None,85.0,34.7,21.6,27.4,0
T003,Material Loading,CAT-950M,Windy,Intermediate,4,Smart,1324,Medium,0,68.3,None,None,100% Max,None,None,None,85.0,67.0,12.8,32.1,0
DM04,Demolition,CAT-349,Rainy,Beginner,7,Smart,1945,Quick,1,90.0,None,None,None,None,None,Low Flow,73.2,85.8,47.0,50.8,0
T003,Material Loading,CAT-950M,Sunny,Beginner,5,Eco,1883,Medium,0,81.6,None,None,100% Max,None,None,None,85.0,62.4,18.7,31.2,0
TR03,Trenching,CAT-420,Cloudy,Intermediate,5,Power,1581,Medium,1,64.2,None,Soft Ground,None,None,None,None,85.0,67.6,12.3,38.9,0
DM05,Demolition,CAT-349,Windy,Expert,8,Smart,1678,Quick,1,90.0,None,None,None,None,None,Low Flow,95.7,126.9,38.3,74.2,0
T005,Demolition,CAT-349,Windy,Intermediate,6,Eco,1927,Quick,1,90.0,None,None,None,None,None,High Flow,72.7,114.8,37.3,29.7,0
TR03,Trenching,CAT-420,Windy,Expert,1,Smart,2084,Fine,0,93.4,None,Standard,None,None,None,None,85.0,86.3,12.7,37.3,0
TR03,Trenching,CAT-420,Cloudy,Intermediate,5,Eco,2117,Fine,1,97.5,None,Soft Ground,None,None,None,None,85.0,87.4,11.8,38.4,0
LD05,Material Loading,CAT-950M,Sunny,Expert,1,Smart,1886,Quick,0,82.1,None,None,100% Max,None,None,None,85.0,30.4,22.0,23.1,0
T005,Demolition,CAT-349,Windy,Intermediate,6,Smart,2120,Quick,1,90.0,None,None,None,None,None,Medium Flow,68.3,110.8,53.4,60.4,0
EX05,Earth Excavation,CAT-320,Windy,Intermediate,8,Power,1421,Medium,1,84.2,Swing Priority,None,None,None,None,None,85.0,103.1,18.6,50.9,0
TR02,Trenching,CAT-420,Sunny,Expert,2,Smart,1501,Fine,0,61.7,None,Soft Ground,None,None,None,None,85.0,40.8,7.9,21.7,0
DM04,Demolition,CAT-349,Rainy,Intermediate,5,Smart,1332,Medium,1,90.0,None,None,None,None,None,Low Flow,74.9,100.5,26.4,36.3,0
T005,Demolition,CAT-349,Windy,Intermediate,6,Smart,1812,Quick,1,90.0,None,None,None,None,None,Medium Flow,76.1,114.8,42.3,39.2,0
DM04,Demolition,CAT-349,Rainy,Beginner,4,Power,1308,Fine,1,90.0,None,None,None,None,None,Low Flow,74.7,107.5,31.9,47.1,0
TR02,Trenching,CAT-420,Sunny,Expert,2,Smart,1247,Quick,1,63.3,None,Standard,None,None,None,None,85.0,44.2,6.2,16.2,0
DM03,Demolition,CAT-349,Sunny,Beginner,8,Eco,1635,Medium,0,90.0,None,None,None,None,None,Medium Flow,78.1,179.0,30.4,37.6,0
LD05,Material Loading,CAT-950M,Sunny,Expert,1,Smart,1609,Fine,1,53.1,None,None,60% Mud,None,None,None,85.0,34.2,17.8,12.3,0
LD03,Material Loading,CAT-950M,Rainy,Intermediate,5,Smart,1710,Medium,1,54.3,None,None,100% Max,None,None,None,85.0,54.9,22.3,43.1,0
EX02,Earth Excavation,CAT-320,Sunny,Intermediate,4,Power,1947,Quick,1,84.9,Balanced,None,None,None,None,None,85.0,70.4,28.3,40.9,0
TR04,Trenching,CAT-420,Cloudy,Expert,5,Smart,1574,Quick,0,57.3,None,Standard,None,None,None,None,85.0,83.0,8.7,32.8,0
GR02,Grading,CAT-140,Rainy,Beginner,6,Smart,1746,Quick,1,90.0,None,None,None,Normal 35°,1st Gear,None,85.0,63.6,20.5,31.0,0
DM05,Demolition,CAT-349,Windy,Intermediate,7,Smart,1881,Quick,1,90.0,None,None,None,None,None,Low Flow,97.1,120.2,44.5,74.8,0
TR04,Trenching,CAT-420,Sunny,Intermediate,8,Smart,1349,Medium,0,78.0,None,Locked Down,None,None,None,None,85.0,81.9,7.4,44.8,0
LD05,Material Loading,CAT-950M,Sunny,Expert,1,Smart,1334,Fine,0,92.4,None,None,80% Gravel,None,None,None,85.0,42.4,12.8,20.9,0
